{"type":"FeatureCollection","features":[{"type":"Feature","properties":{"code":"ZWE","name":"Zimbabwe","continent":"Africa"},"geometry":{"type":"Polygon","coordinates":[[[31.288,-22.402],[31.197,-22.345],[31.073,-22.308],[30.916,-22.291],[30.712,-22.298],[30.46,-22.329],[30.19,-22.291],[29.902,-22.184],[29.663,-22.146],[29.377,-22.193],[29.365,-22.194],[29.315,-22.158],[29.237,-22.079],[29.107,-22.066],[29.071,-22.047],[29.042,-22.018],[29.023,-21.981],[29.016,-21.94],[29.037,-21.811],[29.026,-21.797],[28.991,-21.781],[28.919,-21.766],[28.748,-21.708],[28.532,-21.651],[28.182,-21.589],[28.046,-21.573],[28.014,-21.554],[27.975,-21.507],[27.907,-21.359],[27.844,-21.262],[27.693,-21.111],[27.669,-21.064],[27.677,-20.945],[27.688,-20.848],[27.704,-20.766],[27.697,-20.69],[27.695,-20.595],[27.7,-20.531],[27.679,-20.503],[27.625,-20.484],[27.469,-20.475],[27.281,-20.479],[27.275,-20.382],[27.257,-20.232],[27.221,-20.146],[27.178,-20.101],[27.092,-20.054],[26.917,-19.99],[26.678,-19.893],[26.475,-19.749],[26.241,-19.569],[26.168,-19.538],[26.082,-19.37],[25.951,-19.082],[25.959,-18.986],[25.939,-18.939],[25.812,-18.797],[25.784,-18.724],[25.761,-18.649],[25.558,-18.442],[25.489,-18.351],[25.437,-18.235],[25.384,-18.142],[25.34,-18.104],[25.282,-18.041],[25.242,-17.969],[25.224,-17.915],[25.239,-17.843],[25.259,-17.794],[25.452,-17.845],[25.557,-17.85],[25.64,-17.824],[25.742,-17.858],[25.863,-17.952],[25.996,-17.97],[26.14,-17.912],[26.333,-17.929],[26.578,-18.023],[26.78,-18.042],[27.021,-17.958],[27.236,-17.728],[27.438,-17.512],[27.637,-17.262],[27.757,-17.06],[27.932,-16.896],[28.164,-16.77],[28.4,-16.663],[28.761,-16.532],[28.761,-16.532],[28.833,-16.424],[28.857,-16.306],[28.857,-16.142],[28.876,-16.036],[28.913,-15.988],[28.973,-15.95],[29.051,-15.901],[29.288,-15.776],[29.487,-15.697],[29.73,-15.645],[29.995,-15.644],[30.251,-15.643],[30.396,-15.643],[30.398,-15.801],[30.409,-15.978],[30.438,-15.995],[30.63,-15.999],[30.939,-16.012],[31.236,-16.024],[31.426,-16.152],[31.49,-16.18],[31.688,-16.214],[31.94,-16.429],[32.243,-16.449],[32.452,-16.516],[32.636,-16.589],[32.742,-16.678],[32.81,-16.698],[32.903,-16.704],[32.948,-16.712],[32.938,-16.776],[32.876,-16.884],[32.884,-17.038],[32.969,-17.252],[32.981,-17.438],[32.955,-17.765],[32.956,-18.083],[32.965,-18.196],[32.979,-18.271],[32.996,-18.313],[32.993,-18.36],[32.942,-18.493],[32.902,-18.633],[32.9,-18.689],[32.885,-18.729],[32.854,-18.764],[32.722,-18.828],[32.699,-18.868],[32.7,-18.941],[32.717,-19.002],[32.766,-19.024],[32.826,-19.059],[32.85,-19.104],[32.85,-19.152],[32.831,-19.241],[32.778,-19.389],[32.831,-19.558],[32.89,-19.668],[32.973,-19.795],[33.007,-19.874],[33.005,-19.93],[32.993,-19.985],[32.87,-20.217],[32.781,-20.362],[32.673,-20.516],[32.529,-20.613],[32.492,-20.66],[32.478,-20.713],[32.483,-20.829],[32.476,-20.95],[32.354,-21.137],[32.43,-21.297],[32.412,-21.312],[32.371,-21.335],[32.195,-21.515],[32.016,-21.698],[31.886,-21.832],[31.738,-21.983],[31.571,-22.154],[31.429,-22.299],[31.288,-22.402]]]}},{"type":"Feature","properties":{"code":"ZMB","name":"Zambia","continent":"Africa"},"geometry":{"type":"Polygon","coordinates":[[[30.396,-15.643],[30.251,-15.643],[29.995,-15.644],[29.73,-15.645],[29.487,-15.697],[29.288,-15.776],[29.051,-15.901],[28.973,-15.95],[28.913,-15.988],[28.876,-16.036],[28.857,-16.142],[28.857,-16.306],[28.833,-16.424],[28.761,-16.532],[28.761,-16.532],[28.4,-16.663],[28.164,-16.77],[27.932,-16.896],[27.757,-17.06],[27.637,-17.262],[27.438,-17.512],[27.236,-17.728],[27.021,-17.958],[26.78,-18.042],[26.578,-18.023],[26.333,-17.929],[26.14,-17.912],[25.996,-17.97],[25.863,-17.952],[25.742,-17.858],[25.64,-17.824],[25.557,-17.85],[25.452,-17.845],[25.259,-17.794],[25.092,-17.634],[25.002,-17.569],[24.932,-17.543],[24.733,-17.518],[24.275,-17.481],[24.227,-17.49],[24.037,-17.521],[23.799,-17.56],[23.595,-17.599],[23.381,-17.641],[23.182,-17.474],[22.956,-17.286],[22.722,-17.075],[22.546,-16.91],[22.459,-16.815],[22.305,-16.69],[22.194,-16.628],[22.151,-16.597],[22.04,-16.263],[21.98,-15.956],[21.98,-15.724],[21.98,-15.403],[21.98,-15.082],[21.979,-14.761],[21.979,-14.441],[21.979,-14.12],[21.979,-13.799],[21.979,-13.478],[21.979,-13.157],[21.979,-13.001],[22.21,-13.001],[22.471,-13.001],[22.744,-13.001],[23.042,-13.001],[23.339,-13.001],[23.636,-13.001],[23.843,-13.001],[23.897,-12.998],[23.963,-12.988],[23.968,-12.957],[23.882,-12.799],[23.887,-12.743],[23.909,-12.636],[23.945,-12.544],[23.991,-12.422],[23.996,-12.351],[23.959,-12.118],[23.962,-11.988],[23.973,-11.853],[23.984,-11.725],[23.971,-11.636],[23.987,-11.587],[24.015,-11.518],[24.029,-11.439],[24.047,-11.405],[24.041,-11.374],[24.026,-11.316],[24.01,-11.185],[23.988,-11.003],[23.967,-10.872],[24.003,-10.879],[24.078,-10.892],[24.115,-10.956],[24.137,-11.026],[24.187,-11.03],[24.32,-11.072],[24.366,-11.13],[24.396,-11.255],[24.378,-11.319],[24.335,-11.371],[24.378,-11.417],[24.467,-11.448],[24.519,-11.438],[24.668,-11.353],[24.728,-11.338],[24.806,-11.321],[24.877,-11.299],[25.076,-11.26],[25.185,-11.243],[25.246,-11.212],[25.289,-11.212],[25.319,-11.237],[25.292,-11.325],[25.283,-11.405],[25.321,-11.554],[25.349,-11.623],[25.413,-11.674],[25.46,-11.7],[25.512,-11.753],[25.619,-11.744],[25.855,-11.82],[25.927,-11.855],[26.026,-11.89],[26.096,-11.903],[26.34,-11.93],[26.43,-11.948],[26.596,-11.972],[26.73,-11.976],[26.824,-11.965],[26.89,-11.944],[26.931,-11.919],[26.95,-11.899],[26.977,-11.825],[27.027,-11.664],[27.046,-11.616],[27.095,-11.594],[27.159,-11.579],[27.196,-11.605],[27.238,-11.783],[27.424,-11.945],[27.487,-12.08],[27.533,-12.195],[27.574,-12.227],[27.644,-12.267],[27.757,-12.281],[27.857,-12.285],[28.069,-12.368],[28.237,-12.435],[28.358,-12.482],[28.413,-12.518],[28.451,-12.577],[28.474,-12.623],[28.511,-12.742],[28.551,-12.836],[28.615,-12.854],[28.673,-12.861],[28.73,-12.925],[28.773,-12.982],[28.859,-13.119],[28.922,-13.215],[28.942,-13.307],[29.014,-13.369],[29.112,-13.395],[29.202,-13.398],[29.254,-13.371],[29.382,-13.323],[29.481,-13.268],[29.554,-13.249],[29.597,-13.261],[29.63,-13.299],[29.648,-13.373],[29.652,-13.414],[29.723,-13.454],[29.775,-13.438],[29.795,-13.393],[29.796,-13.37],[29.796,-13.167],[29.796,-12.992],[29.796,-12.827],[29.796,-12.626],[29.796,-12.451],[29.795,-12.306],[29.795,-12.155],[29.75,-12.164],[29.692,-12.198],[29.56,-12.202],[29.508,-12.228],[29.492,-12.267],[29.502,-12.318],[29.505,-12.386],[29.486,-12.418],[29.428,-12.431],[29.344,-12.405],[29.191,-12.37],[29.064,-12.349],[28.973,-12.258],[28.85,-12.121],[28.769,-12.051],[28.575,-11.908],[28.542,-11.879],[28.483,-11.812],[28.432,-11.698],[28.407,-11.623],[28.383,-11.567],[28.357,-11.483],[28.404,-11.354],[28.47,-11.11],[28.518,-10.933],[28.544,-10.802],[28.639,-10.669],[28.646,-10.55],[28.607,-10.397],[28.617,-10.313],[28.624,-10.099],[28.629,-9.919],[28.63,-9.831],[28.604,-9.679],[28.541,-9.51],[28.4,-9.275],[28.401,-9.225],[28.484,-9.169],[28.617,-9.072],[28.681,-9.015],[28.759,-8.933],[28.794,-8.891],[28.87,-8.786],[28.918,-8.701],[28.934,-8.59],[28.898,-8.485],[28.972,-8.465],[29.216,-8.428],[29.484,-8.387],[29.766,-8.344],[30.051,-8.3],[30.328,-8.258],[30.578,-8.22],[30.751,-8.194],[30.777,-8.266],[30.831,-8.386],[30.892,-8.474],[30.968,-8.551],[31.033,-8.598],[31.076,-8.612],[31.351,-8.607],[31.449,-8.654],[31.535,-8.713],[31.556,-8.805],[31.613,-8.863],[31.674,-8.909],[31.7,-8.914],[31.745,-8.903],[31.818,-8.902],[31.886,-8.922],[31.919,-8.942],[31.922,-9.019],[31.943,-9.054],[32.035,-9.067],[32.13,-9.073],[32.221,-9.126],[32.319,-9.135],[32.433,-9.156],[32.487,-9.213],[32.608,-9.271],[32.757,-9.322],[32.863,-9.381],[32.92,-9.407],[32.923,-9.434],[32.951,-9.484],[32.98,-9.52],[32.982,-9.574],[32.996,-9.623],[33.038,-9.635],[33.072,-9.638],[33.104,-9.603],[33.148,-9.604],[33.196,-9.626],[33.213,-9.683],[33.25,-9.76],[33.31,-9.812],[33.351,-9.862],[33.337,-9.954],[33.312,-10.038],[33.394,-10.121],[33.5,-10.2],[33.529,-10.235],[33.538,-10.352],[33.554,-10.391],[33.626,-10.489],[33.662,-10.553],[33.659,-10.591],[33.465,-10.783],[33.403,-10.802],[33.345,-10.813],[33.293,-10.852],[33.261,-10.893],[33.273,-10.915],[33.293,-10.981],[33.339,-11.085],[33.38,-11.158],[33.346,-11.249],[33.268,-11.404],[33.233,-11.418],[33.226,-11.535],[33.25,-11.578],[33.288,-11.611],[33.304,-11.691],[33.305,-11.8],[33.301,-11.888],[33.252,-12.113],[33.34,-12.308],[33.37,-12.33],[33.491,-12.331],[33.512,-12.348],[33.483,-12.403],[33.431,-12.46],[33.398,-12.49],[33.243,-12.557],[33.022,-12.63],[32.975,-12.701],[32.946,-12.804],[32.971,-12.865],[33,-12.9],[32.99,-12.989],[32.971,-13.084],[32.978,-13.159],[32.968,-13.225],[32.939,-13.257],[32.9,-13.357],[32.852,-13.457],[32.814,-13.503],[32.758,-13.55],[32.67,-13.59],[32.672,-13.61],[32.772,-13.657],[32.797,-13.688],[32.807,-13.71],[32.785,-13.731],[32.765,-13.761],[32.811,-13.792],[32.867,-13.817],[32.92,-13.884],[32.968,-13.977],[32.981,-14.009],[32.992,-14.022],[33.009,-14.024],[33.042,-14.01],[33.104,-13.959],[33.148,-13.941],[33.202,-14.013],[32.987,-14.085],[32.875,-14.122],[32.553,-14.23],[32.273,-14.323],[32.2,-14.341],[32.054,-14.387],[31.982,-14.414],[31.729,-14.496],[31.623,-14.537],[31.538,-14.577],[31.329,-14.638],[31.131,-14.695],[30.915,-14.753],[30.673,-14.819],[30.538,-14.867],[30.446,-14.908],[30.232,-14.99],[30.222,-15.011],[30.225,-15.067],[30.252,-15.183],[30.306,-15.289],[30.351,-15.35],[30.38,-15.506],[30.396,-15.643]]]}},{"type":"Feature","properties":{"code":"YEM","name":"Yemen","continent":"Asia"},"geometry":{"type":"MultiPolygon","coordinates":[[[[53.086,16.648],[52.581,16.47],[52.448,16.391],[52.328,16.294],[52.237,16.171],[52.174,15.957],[52.222,15.761],[52.217,15.656],[52.087,15.586],[51.966,15.536],[51.831,15.459],[51.749,15.44],[51.682,15.379],[51.604,15.337],[51.322,15.226],[51.015,15.141],[50.527,15.038],[50.339,14.927],[50.167,14.851],[49.906,14.828],[49.549,14.722],[49.35,14.638],[49.103,14.5],[49.048,14.456],[49.005,14.355],[48.929,14.267],[48.78,14.124],[48.668,14.05],[48.594,14.046],[48.449,14.006],[48.278,13.998],[47.99,14.048],[47.916,14.013],[47.855,13.957],[47.633,13.858],[47.408,13.662],[47.243,13.609],[46.976,13.547],[46.789,13.466],[46.663,13.433],[46.502,13.416],[46.203,13.424],[45.92,13.394],[45.657,13.339],[45.534,13.233],[45.394,13.067],[45.164,12.998],[45.11,12.939],[45.039,12.816],[44.89,12.784],[44.755,12.764],[44.618,12.817],[44.358,12.669],[44.26,12.645],[44.112,12.639],[44.006,12.608],[43.93,12.617],[43.835,12.674],[43.634,12.744],[43.488,12.699],[43.475,12.839],[43.232,13.267],[43.283,13.64],[43.282,13.693],[43.234,13.859],[43.089,14.011],[43.093,14.204],[43.045,14.342],[43.006,14.483],[43.019,14.521],[43.021,14.555],[42.947,14.773],[42.922,14.817],[42.913,14.863],[42.937,14.898],[42.936,14.939],[42.897,15.006],[42.856,15.133],[42.658,15.233],[42.698,15.326],[42.736,15.294],[42.788,15.266],[42.799,15.326],[42.8,15.372],[42.717,15.655],[42.84,16.032],[42.799,16.372],[42.986,16.509],[43.034,16.55],[43.061,16.587],[43.105,16.664],[43.165,16.689],[43.186,16.771],[43.184,16.812],[43.146,16.847],[43.117,16.942],[43.126,17.062],[43.136,17.113],[43.156,17.205],[43.221,17.239],[43.237,17.266],[43.186,17.325],[43.191,17.359],[43.302,17.457],[43.346,17.486],[43.418,17.516],[43.474,17.516],[43.539,17.499],[43.597,17.471],[43.653,17.422],[43.713,17.366],[43.804,17.344],[43.866,17.35],[43.917,17.325],[43.96,17.338],[44.008,17.367],[44.086,17.366],[44.156,17.399],[44.355,17.414],[44.546,17.404],[44.747,17.432],[44.946,17.43],[45.148,17.427],[45.193,17.423],[45.237,17.406],[45.407,17.32],[45.535,17.302],[45.794,17.278],[46.071,17.253],[46.31,17.231],[46.513,17.252],[46.682,17.269],[46.728,17.266],[46.779,17.212],[46.88,17.079],[46.976,16.953],[47.144,16.947],[47.251,16.994],[47.37,17.06],[47.442,17.112],[47.525,17.316],[47.58,17.448],[47.704,17.597],[47.808,17.721],[47.946,17.886],[48.022,17.977],[48.172,18.157],[48.316,18.227],[48.593,18.362],[48.865,18.495],[49.042,18.582],[49.192,18.621],[49.445,18.655],[49.742,18.695],[50.039,18.735],[50.355,18.778],[50.708,18.825],[50.95,18.858],[51.258,18.899],[51.515,18.934],[51.743,18.965],[51.978,18.996],[52.022,18.896],[52.066,18.796],[52.11,18.696],[52.155,18.597],[52.199,18.497],[52.243,18.397],[52.288,18.297],[52.332,18.197],[52.376,18.097],[52.42,17.997],[52.465,17.897],[52.509,17.798],[52.553,17.698],[52.597,17.598],[52.642,17.498],[52.686,17.398],[52.729,17.3],[52.801,17.268],[52.843,17.176],[52.904,17.044],[52.964,16.912],[53.025,16.78],[53.086,16.648]]],[[[42.59,15.303],[42.559,15.281],[42.549,15.32],[42.57,15.407],[42.602,15.433],[42.625,15.368],[42.61,15.332],[42.59,15.303]]],[[[42.756,13.704],[42.69,13.674],[42.735,13.753],[42.781,13.769],[42.794,13.766],[42.756,13.704]]],[[[42.787,13.971],[42.774,13.95],[42.756,13.955],[42.694,14.008],[42.762,14.067],[42.798,14.012],[42.787,13.971]]],[[[53.763,12.637],[53.825,12.625],[53.919,12.659],[54.187,12.664],[54.511,12.553],[54.45,12.523],[54.414,12.483],[54.271,12.447],[54.129,12.361],[53.719,12.319],[53.598,12.342],[53.499,12.425],[53.316,12.533],[53.388,12.602],[53.404,12.633],[53.431,12.664],[53.535,12.716],[53.638,12.707],[53.763,12.637]]]]}},{"type":"Feature","properties":{"code":"VNM","name":"Vietnam","continent":"Asia"},"geometry":{"type":"MultiPolygon","coordinates":[[[[104.064,10.391],[104.083,10.341],[104.076,10.225],[104.037,10.111],[104.048,10.061],[104.018,10.029],[103.952,10.243],[103.868,10.335],[103.85,10.371],[103.898,10.369],[103.986,10.427],[104.028,10.428],[104.064,10.391]]],[[[107.973,21.508],[107.926,21.499],[107.809,21.497],[107.707,21.406],[107.637,21.368],[107.527,21.336],[107.41,21.285],[107.376,21.194],[107.373,21.128],[107.354,21.055],[107.165,20.949],[107.112,20.96],[107.075,20.999],[107.019,20.991],[106.981,20.971],[106.936,20.974],[106.886,20.95],[106.821,20.958],[106.76,20.991],[106.725,21.0],[106.683,21.0],[106.675,20.96],[106.737,20.806],[106.753,20.735],[106.551,20.527],[106.573,20.392],[106.518,20.289],[106.396,20.206],[106.166,19.992],[106.062,19.987],[105.984,19.939],[105.814,19.587],[105.812,19.467],[105.785,19.379],[105.791,19.294],[105.716,19.128],[105.639,19.057],[105.622,18.966],[105.732,18.779],[105.744,18.746],[105.808,18.646],[105.839,18.574],[105.888,18.502],[106.066,18.316],[106.145,18.259],[106.24,18.221],[106.412,18.053],[106.499,17.946],[106.459,17.874],[106.479,17.72],[106.356,17.765],[106.371,17.747],[106.517,17.663],[106.736,17.367],[106.926,17.221],[107.12,17.056],[107.18,16.898],[107.355,16.794],[107.549,16.643],[107.541,16.609],[107.593,16.568],[107.724,16.488],[107.803,16.403],[107.834,16.322],[107.882,16.31],[107.936,16.329],[107.991,16.337],[108.029,16.331],[108.088,16.243],[108.17,16.164],[108.209,16.091],[108.241,16.101],[108.267,16.09],[108.274,16.029],[108.286,15.989],[108.395,15.872],[108.447,15.763],[108.578,15.585],[108.674,15.484],[108.743,15.427],[108.821,15.378],[108.898,15.181],[108.94,15.001],[109.022,14.803],[109.085,14.716],[109.087,14.553],[109.137,14.384],[109.191,14.27],[109.207,14.154],[109.224,14.097],[109.245,14.053],[109.303,13.856],[109.288,13.765],[109.247,13.855],[109.252,13.591],[109.288,13.451],[109.272,13.279],[109.31,13.219],[109.377,13.025],[109.424,12.956],[109.42,12.719],[109.445,12.6],[109.381,12.671],[109.336,12.752],[109.274,12.709],[109.219,12.646],[109.305,12.391],[109.207,12.415],[109.216,12.073],[109.256,11.993],[109.259,11.955],[109.247,11.909],[109.22,11.959],[109.215,12.01],[109.199,11.999],[109.2,11.972],[109.167,11.912],[109.158,11.837],[109.193,11.773],[109.199,11.725],[109.173,11.665],[109.133,11.601],[109.04,11.593],[109.018,11.468],[108.987,11.336],[108.821,11.315],[108.7,11.199],[108.551,11.156],[108.419,11.041],[108.272,10.934],[108.176,10.92],[108.095,10.897],[108.001,10.72],[107.845,10.7],[107.564,10.555],[107.47,10.486],[107.384,10.459],[107.262,10.398],[107.235,10.42],[107.194,10.472],[107.088,10.498],[107.036,10.556],[107.021,10.631],[107.007,10.661],[106.984,10.618],[106.966,10.441],[106.947,10.4],[106.902,10.383],[106.813,10.433],[106.727,10.536],[106.606,10.465],[106.643,10.456],[106.698,10.462],[106.741,10.444],[106.778,10.376],[106.776,10.339],[106.757,10.296],[106.644,10.289],[106.492,10.304],[106.464,10.298],[106.602,10.232],[106.729,10.193],[106.785,10.151],[106.785,10.116],[106.714,10.06],[106.659,9.991],[106.658,9.949],[106.657,9.901],[106.596,9.86],[106.557,9.868],[106.449,9.94],[106.136,10.222],[106.184,10.142],[106.507,9.821],[106.564,9.716],[106.572,9.641],[106.539,9.604],[106.484,9.559],[106.378,9.556],[106.204,9.675],[105.926,9.962],[105.831,10.001],[106.112,9.674],[106.159,9.594],[106.206,9.502],[106.193,9.448],[106.168,9.397],[105.501,9.093],[105.401,8.962],[105.322,8.801],[105.191,8.711],[105.114,8.629],[104.892,8.583],[104.77,8.598],[104.896,8.747],[104.819,8.802],[104.815,9.185],[104.845,9.606],[104.903,9.816],[104.987,9.869],[105.093,9.901],[105.095,9.945],[105.084,9.996],[105.028,10.067],[104.966,10.101],[104.873,10.115],[104.802,10.203],[104.748,10.199],[104.663,10.17],[104.613,10.208],[104.594,10.267],[104.516,10.34],[104.426,10.411],[104.467,10.422],[104.514,10.463],[104.564,10.516],[104.69,10.523],[104.815,10.521],[104.851,10.534],[104.901,10.59],[104.984,10.662],[105.046,10.702],[105.061,10.734],[105.036,10.809],[105.022,10.887],[105.046,10.911],[105.159,10.898],[105.284,10.861],[105.315,10.845],[105.387,10.94],[105.406,10.952],[105.453,10.951],[105.577,10.969],[105.698,10.994],[105.755,10.99],[105.811,10.926],[105.853,10.864],[105.875,10.858],[105.938,10.885],[105.99,10.852],[106.099,10.797],[106.164,10.795],[106.132,10.922],[106.168,11.012],[106.161,11.037],[106.1,11.079],[105.892,11.245],[105.856,11.294],[105.861,11.372],[105.854,11.487],[105.835,11.559],[105.838,11.601],[105.851,11.635],[105.89,11.648],[105.927,11.653],[105.956,11.682],[106.006,11.758],[106.103,11.751],[106.239,11.708],[106.34,11.682],[106.399,11.687],[106.412,11.698],[106.411,11.738],[106.418,11.912],[106.414,11.948],[106.5,11.966],[106.631,11.969],[106.7,11.979],[106.765,12.052],[106.931,12.077],[107.051,12.176],[107.159,12.277],[107.212,12.304],[107.28,12.322],[107.33,12.319],[107.393,12.26],[107.446,12.296],[107.506,12.365],[107.538,12.432],[107.555,12.54],[107.544,12.706],[107.512,12.836],[107.482,12.933],[107.475,13.03],[107.546,13.225],[107.605,13.438],[107.594,13.522],[107.529,13.654],[107.462,13.816],[107.389,13.993],[107.362,14.019],[107.343,14.069],[107.331,14.127],[107.36,14.308],[107.364,14.369],[107.448,14.451],[107.493,14.546],[107.535,14.65],[107.519,14.705],[107.514,14.817],[107.525,14.872],[107.505,14.916],[107.48,14.98],[107.496,15.021],[107.555,15.057],[107.59,15.118],[107.634,15.19],[107.653,15.255],[107.622,15.31],[107.564,15.392],[107.46,15.466],[107.339,15.56],[107.279,15.619],[107.233,15.678],[107.19,15.747],[107.166,15.802],[107.189,15.839],[107.361,15.922],[107.392,15.952],[107.41,15.998],[107.396,16.043],[107.35,16.067],[107.296,16.084],[107.217,16.136],[107.07,16.28],[107.002,16.312],[106.931,16.353],[106.893,16.397],[106.851,16.516],[106.832,16.526],[106.792,16.49],[106.74,16.453],[106.696,16.459],[106.656,16.493],[106.638,16.538],[106.594,16.6],[106.546,16.651],[106.534,16.821],[106.526,16.877],[106.502,16.954],[106.465,16.982],[106.426,17.003],[106.333,17.144],[106.27,17.217],[106.006,17.415],[105.974,17.447],[105.903,17.529],[105.779,17.644],[105.691,17.738],[105.627,17.834],[105.598,17.918],[105.588,17.984],[105.519,18.077],[105.458,18.154],[105.4,18.179],[105.333,18.19],[105.273,18.235],[105.163,18.339],[105.115,18.405],[105.086,18.45],[105.087,18.496],[105.113,18.573],[105.145,18.617],[105.146,18.651],[105.115,18.679],[104.993,18.728],[104.717,18.803],[104.613,18.861],[104.518,18.934],[104.446,18.984],[104.109,19.196],[104.006,19.231],[103.918,19.269],[103.892,19.305],[103.896,19.34],[103.932,19.366],[104.028,19.42],[104.063,19.483],[104.052,19.564],[104.013,19.646],[104.032,19.675],[104.063,19.678],[104.127,19.681],[104.26,19.685],[104.546,19.611],[104.588,19.619],[104.743,19.755],[104.802,19.836],[104.815,19.904],[104.846,19.947],[104.928,20.018],[104.929,20.083],[104.889,20.169],[104.848,20.202],[104.813,20.217],[104.699,20.205],[104.677,20.225],[104.662,20.289],[104.656,20.329],[104.619,20.375],[104.496,20.414],[104.392,20.425],[104.368,20.441],[104.408,20.486],[104.479,20.53],[104.533,20.555],[104.575,20.6],[104.583,20.647],[104.53,20.688],[104.461,20.734],[104.35,20.821],[104.195,20.914],[104.101,20.946],[104.052,20.941],[103.882,20.861],[103.791,20.81],[103.714,20.717],[103.635,20.697],[103.555,20.738],[103.464,20.78],[103.211,20.841],[103.104,20.892],[102.884,21.203],[102.851,21.266],[102.872,21.337],[102.888,21.44],[102.91,21.506],[102.949,21.57],[102.959,21.626],[102.95,21.681],[102.918,21.713],[102.876,21.722],[102.845,21.735],[102.816,21.807],[102.798,21.798],[102.771,21.71],[102.739,21.678],[102.695,21.662],[102.662,21.676],[102.641,21.711],[102.631,21.771],[102.61,21.852],[102.583,21.904],[102.487,21.958],[102.443,22.027],[102.301,22.178],[102.183,22.284],[102.127,22.379],[102.176,22.415],[102.237,22.466],[102.302,22.546],[102.376,22.647],[102.406,22.708],[102.428,22.733],[102.471,22.751],[102.517,22.741],[102.599,22.7],[102.721,22.648],[102.83,22.587],[102.874,22.525],[102.935,22.466],[102.982,22.448],[103.005,22.453],[103.076,22.498],[103.136,22.542],[103.138,22.593],[103.193,22.639],[103.266,22.714],[103.301,22.764],[103.327,22.77],[103.356,22.755],[103.471,22.597],[103.493,22.588],[103.525,22.612],[103.571,22.734],[103.62,22.782],[103.637,22.77],[103.915,22.538],[103.942,22.54],[103.971,22.55],[103.991,22.586],[104.013,22.666],[104.054,22.752],[104.143,22.8],[104.213,22.809],[104.238,22.769],[104.298,22.712],[104.372,22.704],[104.527,22.804],[104.578,22.82],[104.632,22.818],[104.687,22.822],[104.74,22.86],[104.796,22.911],[104.815,23.011],[104.827,23.1],[104.865,23.136],[104.91,23.161],[104.996,23.194],[105.189,23.281],[105.239,23.322],[105.275,23.345],[105.35,23.308],[105.44,23.235],[105.495,23.181],[105.531,23.122],[105.548,23.073],[105.691,23.03],[105.782,22.969],[105.843,22.923],[105.903,22.925],[105.962,22.937],[106.001,22.975],[106.068,22.976],[106.148,22.97],[106.184,22.955],[106.249,22.869],[106.279,22.857],[106.338,22.863],[106.451,22.894],[106.542,22.908],[106.624,22.874],[106.78,22.779],[106.736,22.711],[106.702,22.638],[106.633,22.586],[106.582,22.573],[106.55,22.501],[106.536,22.395],[106.554,22.342],[106.593,22.325],[106.637,22.289],[106.654,22.241],[106.66,22.136],[106.658,22.018],[106.664,21.979],[106.698,21.986],[106.729,22.0],[106.794,21.982],[106.875,21.951],[106.925,21.92],[106.971,21.924],[107.006,21.893],[107.02,21.835],[107.062,21.794],[107.179,21.717],[107.272,21.711],[107.351,21.609],[107.433,21.642],[107.471,21.598],[107.641,21.614],[107.759,21.655],[107.802,21.645],[107.908,21.56],[107.973,21.508]]],[[[106.617,8.683],[106.589,8.681],[106.568,8.701],[106.659,8.766],[106.65,8.723],[106.653,8.701],[106.617,8.683]]],[[[107.168,10.397],[107.084,10.337],[107.078,10.387],[107.151,10.42],[107.177,10.446],[107.195,10.446],[107.168,10.397]]],[[[106.866,20.816],[106.854,20.796],[106.803,20.844],[106.769,20.864],[106.795,20.928],[106.855,20.858],[106.866,20.816]]],[[[107.603,21.217],[107.459,21.092],[107.404,21.094],[107.453,21.235],[107.476,21.269],[107.563,21.22],[107.603,21.217]]],[[[107.521,20.927],[107.466,20.901],[107.399,20.903],[107.479,20.952],[107.519,21.013],[107.551,21.034],[107.551,20.981],[107.521,20.927]]],[[[107.031,20.747],[106.99,20.743],[106.911,20.824],[106.953,20.867],[107.044,20.837],[107.064,20.817],[107.064,20.8],[107.042,20.761],[107.031,20.747]]]]}},{"type":"Feature","properties":{"code":"UZB","name":"Uzbekistan","continent":"Asia"},"geometry":{"type":"MultiPolygon","coordinates":[[[[70.947,42.249],[70.979,42.267],[71.036,42.285],[71.13,42.25],[71.213,42.206],[71.232,42.186],[71.229,42.163],[71.032,42.078],[70.91,42.038],[70.857,42.031],[70.842,42.02],[70.803,41.923],[70.728,41.905],[70.631,41.875],[70.563,41.831],[70.455,41.725],[70.181,41.571],[70.177,41.54],[70.201,41.514],[70.29,41.497],[70.408,41.45],[70.471,41.413],[70.646,41.46],[70.689,41.45],[70.734,41.401],[70.782,41.263],[70.86,41.225],[70.963,41.196],[71.026,41.187],[71.111,41.153],[71.223,41.14],[71.299,41.152],[71.393,41.123],[71.408,41.136],[71.421,41.342],[71.5,41.307],[71.546,41.308],[71.586,41.333],[71.606,41.367],[71.62,41.435],[71.602,41.503],[71.638,41.534],[71.665,41.541],[71.685,41.533],[71.697,41.516],[71.701,41.454],[71.758,41.428],[71.792,41.413],[71.826,41.361],[71.858,41.311],[71.879,41.195],[71.958,41.187],[72.052,41.165],[72.115,41.187],[72.164,41.174],[72.181,41.118],[72.181,41.067],[72.187,41.026],[72.213,41.014],[72.295,41.04],[72.364,41.043],[72.427,41.019],[72.506,40.982],[72.62,40.884],[72.658,40.87],[72.831,40.862],[72.867,40.842],[72.926,40.842],[72.99,40.86],[73.132,40.829],[73.137,40.811],[73.113,40.786],[72.774,40.65],[72.749,40.609],[72.68,40.556],[72.604,40.525],[72.567,40.524],[72.402,40.578],[72.383,40.565],[72.369,40.543],[72.37,40.52],[72.406,40.463],[72.389,40.427],[72.358,40.402],[72.254,40.424],[72.235,40.439],[72.233,40.454],[72.193,40.454],[72.131,40.439],[72.013,40.341],[71.971,40.29],[71.956,40.259],[71.903,40.241],[71.845,40.234],[71.773,40.188],[71.692,40.152],[71.667,40.179],[71.651,40.208],[71.63,40.217],[71.58,40.21],[71.52,40.209],[71.457,40.242],[71.376,40.275],[71.305,40.287],[71.095,40.271],[70.991,40.255],[70.958,40.239],[70.899,40.235],[70.653,40.201],[70.603,40.214],[70.566,40.267],[70.534,40.325],[70.47,40.345],[70.398,40.361],[70.372,40.384],[70.37,40.412],[70.377,40.439],[70.383,40.454],[70.549,40.563],[70.698,40.661],[70.712,40.669],[70.726,40.688],[70.751,40.722],[70.751,40.74],[70.639,40.779],[70.635,40.797],[70.657,40.815],[70.657,40.84],[70.578,40.911],[70.442,41.023],[70.402,41.035],[70.373,41.028],[70.319,40.919],[70.292,40.892],[70.136,40.82],[70.006,40.771],[69.773,40.684],[69.713,40.657],[69.671,40.662],[69.628,40.679],[69.498,40.767],[69.414,40.797],[69.357,40.767],[69.309,40.724],[69.314,40.635],[69.26,40.588],[69.206,40.567],[69.304,40.327],[69.294,40.297],[69.22,40.288],[69.275,40.198],[69.228,40.188],[69.11,40.209],[68.952,40.223],[68.653,40.183],[68.631,40.167],[68.622,40.147],[68.64,40.129],[68.785,40.127],[68.927,40.136],[68.966,40.12],[68.972,40.09],[68.956,40.071],[68.908,40.068],[68.805,40.05],[68.793,40.031],[68.789,40.013],[68.824,39.961],[68.864,39.927],[68.869,39.907],[68.852,39.891],[68.832,39.884],[68.798,39.909],[68.778,39.904],[68.768,39.882],[68.758,39.856],[68.735,39.836],[68.687,39.846],[68.639,39.839],[68.61,39.743],[68.586,39.635],[68.507,39.563],[68.463,39.537],[68.399,39.529],[68.303,39.538],[68.245,39.548],[68.077,39.564],[67.909,39.594],[67.719,39.621],[67.542,39.558],[67.492,39.519],[67.46,39.482],[67.426,39.466],[67.35,39.242],[67.358,39.217],[67.4,39.197],[67.617,39.15],[67.648,39.131],[67.667,39.109],[67.677,39.008],[67.694,38.995],[67.769,38.982],[67.876,38.983],[67.96,38.993],[68.044,38.984],[68.104,38.962],[68.133,38.928],[68.149,38.891],[68.048,38.669],[68.056,38.589],[68.087,38.474],[68.144,38.383],[68.251,38.295],[68.333,38.238],[68.35,38.211],[68.354,38.17],[68.341,38.117],[68.294,38.033],[68.237,37.96],[68.174,37.928],[68.088,37.835],[68.011,37.721],[67.864,37.571],[67.814,37.487],[67.798,37.245],[67.759,37.172],[67.753,37.2],[67.7,37.227],[67.607,37.223],[67.546,37.236],[67.517,37.267],[67.442,37.258],[67.32,37.21],[67.196,37.235],[67.069,37.335],[66.828,37.371],[66.522,37.348],[66.511,37.459],[66.511,37.599],[66.526,37.786],[66.629,37.932],[66.626,37.96],[66.606,37.987],[66.575,38.011],[66.39,38.051],[66.335,38.072],[66.264,38.118],[66.173,38.167],[66.095,38.2],[65.971,38.244],[65.857,38.269],[65.79,38.25],[65.729,38.226],[65.671,38.226],[65.613,38.239],[65.4,38.349],[65.077,38.539],[64.821,38.672],[64.66,38.736],[64.622,38.756],[64.532,38.816],[64.31,38.977],[64.163,38.954],[63.953,39.058],[63.764,39.161],[63.721,39.188],[63.506,39.377],[63.292,39.5],[63.058,39.633],[62.907,39.717],[62.651,39.858],[62.525,39.944],[62.483,39.976],[62.442,40.036],[62.375,40.332],[62.298,40.467],[62.188,40.541],[62.095,40.683],[62.018,40.894],[61.954,41.031],[61.903,41.094],[61.8,41.163],[61.645,41.24],[61.497,41.276],[61.444,41.275],[61.417,41.265],[61.388,41.252],[61.329,41.195],[61.242,41.189],[61.179,41.191],[61.12,41.211],[60.933,41.229],[60.867,41.249],[60.755,41.246],[60.514,41.216],[60.455,41.222],[60.2,41.349],[60.09,41.399],[60.067,41.427],[60.069,41.476],[60.106,41.545],[60.138,41.594],[60.124,41.645],[60.076,41.701],[60.076,41.76],[60.109,41.793],[60.176,41.782],[60.201,41.803],[60.192,41.834],[60.156,41.857],[60.107,41.907],[59.963,41.954],[59.942,41.974],[59.949,41.995],[59.974,42.019],[59.979,42.068],[59.982,42.132],[60.001,42.165],[60.006,42.191],[59.985,42.212],[59.937,42.236],[59.858,42.295],[59.763,42.302],[59.451,42.3],[59.354,42.323],[59.277,42.356],[59.199,42.482],[59.16,42.511],[59.123,42.524],[59.036,42.528],[58.931,42.54],[58.877,42.561],[58.73,42.676],[58.589,42.778],[58.532,42.682],[58.477,42.663],[58.353,42.672],[58.26,42.688],[58.206,42.666],[58.152,42.628],[58.162,42.603],[58.204,42.576],[58.289,42.527],[58.418,42.407],[58.477,42.34],[58.486,42.317],[58.474,42.299],[58.457,42.292],[58.431,42.292],[58.397,42.292],[58.377,42.312],[58.371,42.347],[58.327,42.399],[58.283,42.429],[58.234,42.448],[58.166,42.462],[58.075,42.487],[58.029,42.488],[57.983,42.459],[57.946,42.42],[57.923,42.335],[57.856,42.231],[57.814,42.19],[57.686,42.165],[57.382,42.156],[57.291,42.124],[57.229,42.084],[57.114,41.957],[57.034,41.915],[56.964,41.857],[56.985,41.669],[57.018,41.451],[57.077,41.39],[57.114,41.372],[57.119,41.35],[57.095,41.331],[57.064,41.307],[57.018,41.263],[56.966,41.265],[56.861,41.276],[56.774,41.288],[56.48,41.301],[56.242,41.311],[55.977,41.322],[55.977,41.552],[55.977,41.781],[55.977,42.011],[55.977,42.24],[55.977,42.47],[55.977,42.7],[55.977,42.929],[55.977,43.159],[55.976,43.388],[55.976,43.618],[55.976,43.847],[55.976,44.077],[55.976,44.306],[55.976,44.536],[55.976,44.765],[55.976,44.995],[56.1,45.023],[56.258,45.059],[56.409,45.094],[56.589,45.135],[56.792,45.181],[56.965,45.221],[57.172,45.268],[57.329,45.304],[57.477,45.337],[57.667,45.377],[57.961,45.44],[58.125,45.474],[58.291,45.509],[58.449,45.543],[58.555,45.555],[58.669,45.508],[58.807,45.442],[58.945,45.376],[59.083,45.31],[59.221,45.244],[59.36,45.179],[59.498,45.113],[59.636,45.047],[59.774,44.981],[59.912,44.916],[60.05,44.85],[60.188,44.784],[60.327,44.718],[60.465,44.652],[60.603,44.587],[60.741,44.521],[60.879,44.455],[61.008,44.394],[61.065,44.348],[61.097,44.248],[61.161,44.169],[61.271,44.082],[61.385,43.994],[61.526,43.877],[61.624,43.796],[61.723,43.714],[61.888,43.577],[61.99,43.492],[62.072,43.489],[62.238,43.51],[62.459,43.537],[62.634,43.558],[62.846,43.584],[63.048,43.608],[63.207,43.628],[63.445,43.613],[63.68,43.599],[63.848,43.588],[64.013,43.578],[64.209,43.566],[64.318,43.559],[64.443,43.551],[64.496,43.572],[64.604,43.613],[64.706,43.653],[64.812,43.694],[64.905,43.715],[65.003,43.649],[65.085,43.574],[65.171,43.494],[65.271,43.418],[65.367,43.372],[65.496,43.311],[65.571,43.205],[65.67,43.065],[65.736,42.972],[65.803,42.877],[65.901,42.915],[66.006,42.955],[66.1,42.991],[66.089,42.873],[66.079,42.767],[66.063,42.605],[66.05,42.473],[66.016,42.315],[66.013,42.194],[66.011,42.089],[66.01,42.005],[66.193,42.001],[66.329,41.998],[66.499,41.995],[66.515,41.889],[66.538,41.741],[66.573,41.607],[66.602,41.494],[66.645,41.349],[66.669,41.271],[66.71,41.179],[66.75,41.157],[66.814,41.142],[67.039,41.153],[67.225,41.162],[67.372,41.17],[67.528,41.177],[67.735,41.187],[67.805,41.164],[67.866,41.18],[67.936,41.197],[67.991,41.13],[68.02,41.096],[68.059,41.061],[68.113,41.029],[68.09,40.96],[68.057,40.861],[68.048,40.809],[68.112,40.754],[68.16,40.722],[68.292,40.656],[68.415,40.619],[68.496,40.609],[68.573,40.623],[68.601,40.66],[68.594,40.711],[68.557,40.765],[68.559,40.829],[68.584,40.876],[68.663,40.962],[68.737,41.042],[68.851,41.124],[68.987,41.205],[69.043,41.264],[69.065,41.367],[69.154,41.425],[69.249,41.46],[69.368,41.491],[69.401,41.542],[69.565,41.629],[69.664,41.672],[69.788,41.697],[69.96,41.754],[70.096,41.821],[70.226,41.946],[70.329,42.028],[70.416,42.079],[70.489,42.08],[70.54,42.039],[70.584,42.036],[70.613,42.055],[70.662,42.107],[70.715,42.169],[70.765,42.194],[70.86,42.207],[70.947,42.249]],[[70.653,40.937],[70.649,40.961],[70.618,41.002],[70.572,41.025],[70.55,41.015],[70.569,40.982],[70.623,40.934],[70.653,40.937]]],[[[71.206,39.893],[71.156,39.883],[71.064,39.885],[71.012,39.895],[71.044,39.976],[71.045,39.993],[71.041,39.995],[71.014,40.006],[70.974,40.039],[70.961,40.088],[70.976,40.133],[71.005,40.152],[71.024,40.149],[71.08,40.08],[71.13,40.06],[71.229,40.048],[71.179,39.98],[71.216,39.907],[71.206,39.893]]],[[[71.78,39.95],[71.753,39.907],[71.706,39.917],[71.669,39.946],[71.681,39.969],[71.737,39.981],[71.765,39.993],[71.79,39.995],[71.78,39.95]]]]}},{"type":"Feature","properties":{"code":"ARE","name":"United Arab Emirates","continent":"Asia"},"geometry":{"type":"MultiPolygon","coordinates":[[[[56.298,25.651],[56.363,25.569],[56.373,25.018],[56.388,24.979],[56.353,24.973],[56.314,24.931],[56.268,24.867],[56.205,24.833],[56.154,24.796],[56.107,24.749],[56.064,24.739],[56.008,24.798],[55.97,24.859],[55.98,24.872],[56.006,24.876],[56.017,24.908],[56.001,24.953],[55.963,24.97],[55.916,24.972],[55.871,24.951],[55.823,24.911],[55.796,24.868],[55.792,24.781],[55.804,24.684],[55.804,24.636],[55.778,24.577],[55.768,24.491],[55.787,24.424],[55.804,24.384],[55.806,24.35],[55.761,24.243],[55.8,24.223],[55.929,24.215],[55.966,24.143],[55.992,24.093],[55.985,24.063],[55.894,24.041],[55.779,24.017],[55.697,24.024],[55.548,23.991],[55.468,23.941],[55.492,23.91],[55.519,23.885],[55.532,23.819],[55.508,23.725],[55.466,23.633],[55.414,23.519],[55.353,23.387],[55.27,23.19],[55.2,23.035],[55.192,22.923],[55.194,22.85],[55.186,22.704],[55.119,22.624],[55.104,22.621],[55.025,22.631],[54.998,22.634],[54.922,22.644],[54.805,22.658],[54.652,22.677],[54.472,22.699],[54.27,22.723],[54.055,22.75],[53.832,22.777],[53.61,22.804],[53.394,22.83],[53.192,22.855],[53.012,22.877],[52.859,22.896],[52.742,22.91],[52.666,22.919],[52.639,22.923],[52.555,22.933],[52.51,22.987],[52.455,23.052],[52.4,23.118],[52.345,23.183],[52.29,23.249],[52.235,23.314],[52.179,23.38],[52.125,23.445],[52.069,23.511],[52.014,23.576],[51.959,23.642],[51.904,23.708],[51.849,23.773],[51.794,23.838],[51.739,23.904],[51.684,23.97],[51.629,24.035],[51.593,24.079],[51.572,24.128],[51.568,24.258],[51.568,24.286],[51.605,24.338],[51.623,24.301],[51.665,24.25],[51.735,24.263],[51.768,24.254],[51.792,24.075],[51.843,24.011],[51.906,23.985],[52.119,23.971],[52.251,23.995],[52.511,24.113],[52.648,24.155],[53.026,24.147],[53.33,24.098],[53.802,24.069],[53.893,24.077],[54.148,24.171],[54.304,24.254],[54.397,24.278],[54.458,24.358],[54.499,24.463],[54.535,24.531],[54.58,24.564],[54.624,24.621],[54.659,24.716],[54.747,24.81],[55.098,25.042],[55.304,25.237],[55.322,25.3],[55.433,25.394],[55.523,25.498],[55.941,25.794],[56.025,25.916],[56.075,26.053],[56.08,26.063],[56.117,26.068],[56.167,26.047],[56.173,25.945],[56.154,25.848],[56.152,25.746],[56.145,25.691],[56.184,25.645],[56.25,25.625],[56.279,25.628],[56.298,25.651]],[[56.282,25.236],[56.288,25.279],[56.277,25.301],[56.234,25.304],[56.217,25.267],[56.211,25.213],[56.24,25.209],[56.282,25.236]]],[[[53.332,24.259],[53.258,24.253],[53.191,24.291],[53.333,24.342],[53.371,24.364],[53.412,24.411],[53.445,24.371],[53.409,24.308],[53.383,24.281],[53.332,24.259]]],[[[52.617,24.289],[52.6,24.281],[52.582,24.335],[52.584,24.352],[52.629,24.377],[52.658,24.333],[52.617,24.289]]],[[[53.928,24.177],[53.928,24.143],[53.826,24.153],[53.799,24.136],[53.716,24.145],[53.634,24.17],[53.69,24.211],[53.834,24.259],[53.894,24.215],[53.928,24.177]]],[[[54.465,24.443],[54.457,24.423],[54.428,24.425],[54.358,24.443],[54.335,24.471],[54.379,24.505],[54.398,24.506],[54.427,24.471],[54.465,24.443]]]]}},{"type":"Feature","properties":{"code":"UGA","name":"Uganda","continent":"Africa"},"geometry":{"type":"Polygon","coordinates":[[[33.903,-1.002],[33.794,-1.002],[33.616,-1.002],[33.438,-1.002],[33.261,-1.002],[33.083,-1.002],[32.905,-1.002],[32.727,-1.002],[32.55,-1.002],[32.372,-1.002],[32.194,-1.002],[32.016,-1.002],[31.839,-1.002],[31.661,-1.002],[31.483,-1.002],[31.305,-1.002],[31.128,-1.002],[30.95,-1.002],[30.845,-1.002],[30.824,-0.999],[30.809,-0.995],[30.742,-1.008],[30.673,-1.051],[30.599,-1.07],[30.52,-1.062],[30.51,-1.067],[30.47,-1.066],[30.412,-1.063],[30.36,-1.075],[30.321,-1.113],[30.28,-1.179],[30.207,-1.254],[30.15,-1.321],[30.102,-1.369],[29.991,-1.447],[29.93,-1.47],[29.9,-1.466],[29.882,-1.452],[29.847,-1.352],[29.825,-1.336],[29.61,-1.387],[29.577,-1.388],[29.58,-1.357],[29.564,-1.121],[29.562,-0.977],[29.59,-0.887],[29.606,-0.783],[29.608,-0.691],[29.648,-0.535],[29.633,-0.442],[29.684,-0.114],[29.698,-0.06],[29.718,0.098],[29.75,0.147],[29.778,0.166],[29.815,0.264],[29.885,0.419],[29.934,0.499],[29.924,0.674],[29.932,0.793],[29.943,0.819],[30.047,0.864],[30.183,0.973],[30.24,1.103],[30.321,1.185],[30.478,1.239],[30.478,1.239],[30.943,1.683],[31.159,1.922],[31.253,2.045],[31.256,2.088],[31.274,2.146],[31.236,2.191],[31.191,2.232],[31.176,2.27],[31.138,2.289],[31.082,2.288],[31.045,2.316],[31.004,2.369],[30.962,2.403],[30.83,2.4],[30.729,2.455],[30.73,2.53],[30.77,2.678],[30.847,2.847],[30.851,2.894],[30.84,2.933],[30.821,2.968],[30.787,3.001],[30.754,3.042],[30.779,3.163],[30.828,3.283],[30.868,3.342],[30.906,3.409],[30.895,3.464],[30.839,3.491],[30.868,3.544],[30.929,3.634],[31.048,3.725],[31.152,3.786],[31.222,3.786],[31.357,3.738],[31.48,3.68],[31.547,3.678],[31.629,3.701],[31.798,3.803],[31.839,3.77],[31.888,3.709],[31.942,3.608],[32.048,3.561],[32.099,3.529],[32.136,3.52],[32.156,3.528],[32.197,3.608],[32.246,3.651],[32.336,3.706],[32.535,3.75],[32.677,3.763],[32.737,3.773],[32.838,3.798],[32.997,3.88],[33.154,3.775],[33.324,3.754],[33.489,3.755],[33.54,3.787],[33.568,3.812],[33.742,3.985],[33.976,4.22],[34.132,3.889],[34.186,3.87],[34.178,3.841],[34.165,3.813],[34.267,3.733],[34.393,3.692],[34.438,3.651],[34.442,3.606],[34.399,3.413],[34.407,3.358],[34.448,3.163],[34.523,3.12],[34.589,2.925],[34.723,2.842],[34.742,2.818],[34.773,2.723],[34.814,2.62],[34.847,2.596],[34.866,2.59],[34.906,2.48],[34.883,2.418],[34.914,2.23],[34.964,2.062],[34.978,1.862],[34.978,1.774],[34.976,1.72],[34.965,1.643],[34.941,1.599],[34.898,1.556],[34.851,1.489],[34.81,1.417],[34.784,1.381],[34.804,1.273],[34.799,1.245],[34.788,1.231],[34.727,1.214],[34.649,1.185],[34.602,1.156],[34.535,1.102],[34.482,1.042],[34.411,0.867],[34.293,0.731],[34.273,0.686],[34.161,0.605],[34.112,0.505],[34.081,0.382],[34.037,0.295],[33.943,0.174],[33.921,-0.017],[33.924,-0.398],[33.9,-0.832],[33.903,-1.002]]]}},{"type":"Feature","properties":{"code":"TKM","name":"Turkmenistan","continent":"Asia"},"geometry":{"type":"MultiPolygon","coordinates":[[[[53.11,38.803],[53.1,38.756],[53.046,38.897],[53.019,39.053],[53.053,39.097],[53.092,39.094],[53.055,39.038],[53.11,38.803]]],[[[55.977,41.322],[56.242,41.311],[56.48,41.301],[56.774,41.288],[56.861,41.276],[56.966,41.265],[57.018,41.263],[57.064,41.307],[57.095,41.331],[57.119,41.35],[57.114,41.372],[57.077,41.39],[57.018,41.451],[56.985,41.669],[56.964,41.857],[57.034,41.915],[57.114,41.957],[57.229,42.084],[57.291,42.124],[57.382,42.156],[57.686,42.165],[57.814,42.19],[57.856,42.231],[57.923,42.335],[57.946,42.42],[57.983,42.459],[58.029,42.488],[58.075,42.487],[58.166,42.462],[58.234,42.448],[58.283,42.429],[58.327,42.399],[58.371,42.347],[58.377,42.312],[58.397,42.292],[58.431,42.292],[58.457,42.292],[58.474,42.299],[58.486,42.317],[58.477,42.34],[58.418,42.407],[58.289,42.527],[58.204,42.576],[58.162,42.603],[58.152,42.628],[58.206,42.666],[58.26,42.688],[58.353,42.672],[58.477,42.663],[58.532,42.682],[58.589,42.778],[58.73,42.676],[58.877,42.561],[58.931,42.54],[59.036,42.528],[59.123,42.524],[59.16,42.511],[59.199,42.482],[59.277,42.356],[59.354,42.323],[59.451,42.3],[59.763,42.302],[59.858,42.295],[59.937,42.236],[59.985,42.212],[60.006,42.191],[60.001,42.165],[59.982,42.132],[59.979,42.068],[59.974,42.019],[59.949,41.995],[59.942,41.974],[59.963,41.954],[60.107,41.907],[60.156,41.857],[60.192,41.834],[60.201,41.803],[60.176,41.782],[60.109,41.793],[60.076,41.76],[60.076,41.701],[60.124,41.645],[60.138,41.594],[60.106,41.545],[60.069,41.476],[60.067,41.427],[60.09,41.399],[60.2,41.349],[60.455,41.222],[60.514,41.216],[60.755,41.246],[60.867,41.249],[60.933,41.229],[61.12,41.211],[61.179,41.191],[61.242,41.189],[61.329,41.195],[61.388,41.252],[61.417,41.265],[61.444,41.275],[61.497,41.276],[61.645,41.24],[61.8,41.163],[61.903,41.094],[61.954,41.031],[62.018,40.894],[62.095,40.683],[62.188,40.541],[62.298,40.467],[62.375,40.332],[62.442,40.036],[62.483,39.976],[62.525,39.944],[62.651,39.858],[62.907,39.717],[63.058,39.633],[63.292,39.5],[63.506,39.377],[63.721,39.188],[63.764,39.161],[63.953,39.058],[64.163,38.954],[64.31,38.977],[64.532,38.816],[64.622,38.756],[64.66,38.736],[64.821,38.672],[65.077,38.539],[65.4,38.349],[65.613,38.239],[65.671,38.226],[65.729,38.226],[65.79,38.25],[65.857,38.269],[65.971,38.244],[66.095,38.2],[66.173,38.167],[66.264,38.118],[66.335,38.072],[66.39,38.051],[66.575,38.011],[66.606,37.987],[66.626,37.96],[66.629,37.932],[66.526,37.786],[66.511,37.599],[66.511,37.459],[66.522,37.348],[66.472,37.345],[66.35,37.368],[66.108,37.415],[65.901,37.508],[65.765,37.569],[65.744,37.561],[65.683,37.519],[65.641,37.468],[65.608,37.368],[65.555,37.251],[65.304,37.247],[65.09,37.238],[64.952,37.194],[64.816,37.132],[64.782,37.059],[64.753,36.965],[64.674,36.75],[64.603,36.555],[64.566,36.428],[64.511,36.341],[64.358,36.226],[64.184,36.149],[64.092,36.113],[64.051,36.068],[64.042,36.025],[64.01,36.012],[63.938,36.02],[63.862,36.012],[63.697,35.968],[63.517,35.913],[63.302,35.858],[63.179,35.858],[63.13,35.846],[63.109,35.819],[63.13,35.767],[63.151,35.728],[63.17,35.678],[63.119,35.638],[63.084,35.568],[63.057,35.446],[62.98,35.409],[62.858,35.35],[62.723,35.271],[62.688,35.255],[62.611,35.233],[62.533,35.24],[62.463,35.251],[62.387,35.231],[62.308,35.171],[62.271,35.189],[62.253,35.25],[62.213,35.29],[62.09,35.38],[61.984,35.444],[61.938,35.448],[61.841,35.431],[61.72,35.419],[61.621,35.432],[61.543,35.458],[61.422,35.546],[61.378,35.593],[61.345,35.629],[61.262,35.62],[61.239,35.659],[61.236,35.706],[61.259,35.762],[61.252,35.868],[61.206,35.944],[61.153,35.977],[61.159,36.0],[61.183,36.053],[61.212,36.099],[61.212,36.191],[61.175,36.29],[61.16,36.433],[61.17,36.572],[61.12,36.643],[60.708,36.643],[60.341,36.638],[60.321,36.654],[60.178,36.829],[60.063,36.963],[59.949,37.042],[59.687,37.138],[59.562,37.179],[59.455,37.253],[59.367,37.334],[59.345,37.445],[59.327,37.481],[59.302,37.511],[59.274,37.524],[59.241,37.521],[58.937,37.65],[58.815,37.683],[58.701,37.656],[58.65,37.652],[58.55,37.688],[58.436,37.639],[58.387,37.635],[58.318,37.647],[58.262,37.666],[58.109,37.783],[57.981,37.83],[57.888,37.861],[57.711,37.905],[57.521,37.928],[57.424,37.948],[57.354,37.973],[57.336,37.99],[57.337,38.033],[57.331,38.089],[57.308,38.13],[57.26,38.18],[57.194,38.216],[57.079,38.21],[56.907,38.213],[56.775,38.25],[56.67,38.257],[56.544,38.25],[56.441,38.249],[56.367,38.223],[56.324,38.191],[56.297,38.095],[56.272,38.08],[56.229,38.073],[56.171,38.078],[56.05,38.078],[55.841,38.095],[55.578,38.1],[55.381,38.051],[55.225,37.981],[55.076,37.902],[54.9,37.778],[54.849,37.723],[54.745,37.502],[54.699,37.47],[54.64,37.445],[54.579,37.44],[54.459,37.408],[54.3,37.354],[54.192,37.332],[53.914,37.344],[53.898,37.414],[53.848,37.67],[53.824,37.928],[53.825,38.047],[53.854,38.286],[53.852,38.406],[53.84,38.515],[53.852,38.622],[53.874,38.742],[53.885,38.864],[53.869,38.949],[53.815,39.018],[53.724,39.103],[53.71,39.153],[53.705,39.21],[53.618,39.216],[53.539,39.274],[53.475,39.306],[53.336,39.341],[53.267,39.343],[53.203,39.317],[53.157,39.265],[53.124,39.347],[53.125,39.432],[53.236,39.609],[53.305,39.557],[53.39,39.536],[53.497,39.533],[53.603,39.547],[53.582,39.607],[53.533,39.642],[53.472,39.669],[53.45,39.749],[53.458,39.831],[53.487,39.909],[53.454,39.941],[53.404,39.96],[53.289,39.958],[53.139,39.979],[52.987,39.988],[52.952,39.895],[53.036,39.774],[52.965,39.834],[52.898,39.913],[52.805,40.054],[52.744,40.22],[52.734,40.399],[52.785,40.547],[52.85,40.686],[52.889,40.863],[52.943,41.038],[52.998,40.96],[53.06,40.89],[53.145,40.825],[53.192,40.809],[53.333,40.783],[53.424,40.793],[53.52,40.831],[53.615,40.819],[53.694,40.746],[53.764,40.666],[53.87,40.649],[54.089,40.707],[54.193,40.72],[54.283,40.694],[54.33,40.689],[54.377,40.693],[54.336,40.765],[54.319,40.835],[54.374,40.871],[54.547,40.832],[54.657,40.858],[54.685,40.873],[54.71,40.891],[54.723,40.951],[54.718,41.013],[54.704,41.071],[54.671,41.122],[54.592,41.194],[54.285,41.364],[54.181,41.432],[54.095,41.519],[54.04,41.643],[53.995,41.773],[53.954,41.868],[53.846,42.091],[53.805,42.118],[53.752,42.129],[53.625,42.136],[53.496,42.12],[53.285,42.082],[53.164,42.094],[53.108,42.07],[52.97,41.976],[52.905,41.896],[52.815,41.712],[52.883,41.653],[52.882,41.614],[52.83,41.342],[52.862,41.21],[52.85,41.2],[52.826,41.231],[52.747,41.365],[52.609,41.529],[52.494,41.78],[52.697,41.944],[52.871,42.061],[53.013,42.131],[53.056,42.148],[53.25,42.206],[53.501,42.258],[53.685,42.297],[53.926,42.33],[54.005,42.336],[54.121,42.335],[54.215,42.304],[54.272,42.28],[54.473,42.18],[54.678,42.078],[54.854,41.965],[54.904,41.919],[54.932,41.864],[54.952,41.81],[55.102,41.639],[55.162,41.56],[55.25,41.458],[55.32,41.408],[55.388,41.347],[55.434,41.296],[55.487,41.272],[55.545,41.263],[55.679,41.279],[55.839,41.311],[55.935,41.324],[55.977,41.322]]]]}},{"type":"Feature","properties":{"code":"TUR","name":"Turkey","continent":"Asia"},"geometry":{"type":"MultiPolygon","coordinates":[[[[25.97,40.136],[25.74,40.105],[25.669,40.136],[25.741,40.196],[25.875,40.234],[25.918,40.238],[25.977,40.178],[25.97,40.136]]],[[[41.51,41.517],[41.577,41.497],[41.702,41.472],[41.779,41.441],[41.824,41.432],[41.926,41.496],[42.078,41.494],[42.211,41.487],[42.28,41.475],[42.364,41.454],[42.466,41.44],[42.508,41.47],[42.567,41.559],[42.59,41.571],[42.607,41.579],[42.682,41.586],[42.754,41.579],[42.788,41.564],[42.822,41.492],[42.907,41.467],[43.057,41.353],[43.149,41.307],[43.171,41.288],[43.141,41.265],[43.153,41.236],[43.205,41.199],[43.279,41.185],[43.359,41.19],[43.402,41.177],[43.433,41.156],[43.442,41.126],[43.439,41.107],[43.455,41.065],[43.517,41.005],[43.592,40.968],[43.632,40.929],[43.696,40.794],[43.723,40.72],[43.713,40.648],[43.668,40.574],[43.569,40.482],[43.594,40.444],[43.616,40.393],[43.608,40.357],[43.678,40.239],[43.71,40.167],[43.683,40.15],[43.666,40.126],[43.792,40.07],[43.942,40.023],[44.005,40.014],[44.178,40.036],[44.289,40.04],[44.4,39.996],[44.56,39.888],[44.734,39.746],[44.768,39.704],[44.783,39.685],[44.817,39.65],[44.782,39.651],[44.725,39.682],[44.587,39.769],[44.517,39.731],[44.456,39.667],[44.389,39.422],[44.335,39.396],[44.24,39.397],[44.124,39.405],[44.044,39.393],[44.023,39.377],[44.034,39.351],[44.058,39.311],[44.074,39.26],[44.079,39.218],[44.121,39.181],[44.178,39.145],[44.181,39.108],[44.172,39.056],[44.159,39.017],[44.145,38.994],[44.171,38.934],[44.232,38.863],[44.272,38.836],[44.257,38.701],[44.28,38.641],[44.298,38.558],[44.291,38.42],[44.299,38.386],[44.32,38.375],[44.376,38.37],[44.431,38.357],[44.45,38.334],[44.45,38.318],[44.381,38.255],[44.373,38.21],[44.349,38.146],[44.329,38.109],[44.268,38.039],[44.229,37.967],[44.211,37.908],[44.223,37.88],[44.336,37.872],[44.398,37.829],[44.561,37.745],[44.59,37.71],[44.545,37.658],[44.546,37.636],[44.567,37.609],[44.577,37.56],[44.573,37.506],[44.574,37.435],[44.604,37.424],[44.715,37.357],[44.794,37.29],[44.797,37.27],[44.758,37.217],[44.767,37.156],[44.765,37.142],[44.731,37.165],[44.669,37.174],[44.606,37.176],[44.566,37.158],[44.496,37.111],[44.402,37.058],[44.326,37.011],[44.282,36.978],[44.246,36.983],[44.217,37.012],[44.202,37.052],[44.208,37.203],[44.192,37.25],[44.156,37.283],[44.114,37.302],[44.065,37.312],[44.013,37.314],[43.94,37.269],[43.836,37.224],[43.676,37.227],[43.568,37.236],[43.516,37.245],[43.307,37.315],[43.263,37.317],[43.185,37.345],[43.092,37.367],[42.937,37.325],[42.869,37.335],[42.775,37.372],[42.741,37.362],[42.635,37.249],[42.456,37.129],[42.359,37.109],[42.313,37.23],[42.269,37.277],[42.248,37.282],[42.203,37.297],[42.168,37.289],[42.06,37.206],[41.887,37.156],[41.744,37.126],[41.516,37.089],[41.34,37.071],[41.265,37.069],[41.102,37.086],[40.959,37.109],[40.816,37.108],[40.706,37.098],[40.45,37.009],[40.016,36.826],[39.687,36.739],[39.501,36.702],[39.357,36.682],[39.108,36.681],[38.906,36.695],[38.767,36.693],[38.689,36.715],[38.578,36.789],[38.444,36.862],[38.384,36.879],[38.306,36.893],[38.192,36.902],[37.907,36.795],[37.818,36.766],[37.72,36.744],[37.524,36.678],[37.436,36.643],[37.327,36.647],[37.187,36.656],[37.066,36.653],[36.985,36.702],[36.942,36.758],[36.777,36.793],[36.659,36.803],[36.628,36.778],[36.597,36.701],[36.547,36.506],[36.538,36.457],[36.641,36.264],[36.637,36.234],[36.562,36.224],[36.477,36.221],[36.421,36.203],[36.375,36.171],[36.348,36.004],[36.249,35.973],[36.202,35.938],[36.154,35.834],[36.127,35.831],[35.968,35.91],[35.893,35.917],[35.957,35.998],[35.887,36.159],[35.811,36.31],[35.883,36.406],[36.032,36.523],[36.188,36.659],[36.188,36.743],[36.18,36.807],[36.135,36.852],[36.049,36.911],[35.905,36.848],[35.802,36.778],[35.734,36.764],[35.661,36.724],[35.626,36.653],[35.537,36.597],[35.393,36.575],[35.176,36.635],[34.943,36.726],[34.811,36.799],[34.704,36.817],[34.601,36.784],[34.3,36.604],[34.023,36.341],[33.955,36.295],[33.695,36.182],[33.523,36.144],[33.442,36.153],[33.1,36.103],[32.929,36.096],[32.795,36.036],[32.534,36.101],[32.378,36.184],[32.284,36.268],[32.131,36.449],[32.022,36.535],[31.778,36.613],[31.353,36.801],[31.241,36.822],[30.95,36.849],[30.644,36.866],[30.582,36.797],[30.558,36.526],[30.506,36.451],[30.484,36.31],[30.446,36.27],[30.387,36.243],[30.295,36.288],[30.232,36.307],[30.083,36.249],[29.789,36.168],[29.689,36.157],[29.348,36.259],[29.224,36.324],[29.143,36.397],[29.116,36.52],[29.066,36.59],[29.058,36.638],[29.038,36.693],[28.97,36.715],[28.896,36.674],[28.817,36.675],[28.718,36.701],[28.484,36.804],[28.304,36.812],[28.196,36.686],[28.112,36.646],[28.019,36.634],[28.014,36.67],[28.084,36.751],[27.804,36.736],[27.656,36.675],[27.54,36.684],[27.454,36.712],[27.467,36.746],[27.555,36.759],[27.631,36.787],[27.934,36.809],[28.005,36.832],[28.083,36.92],[28.224,36.996],[28.242,37.029],[28.134,37.029],[27.668,37.007],[27.349,37.02],[27.311,36.982],[27.263,36.977],[27.25,37.079],[27.3,37.127],[27.368,37.122],[27.535,37.164],[27.52,37.249],[27.401,37.307],[27.376,37.341],[27.29,37.349],[27.219,37.389],[27.204,37.491],[27.148,37.604],[27.068,37.658],[27.078,37.688],[27.224,37.725],[27.255,37.882],[27.232,37.979],[27.159,37.987],[26.944,38.063],[26.879,38.055],[26.807,38.138],[26.683,38.198],[26.621,38.176],[26.582,38.149],[26.525,38.162],[26.428,38.214],[26.333,38.242],[26.291,38.277],[26.344,38.37],[26.416,38.368],[26.43,38.441],[26.372,38.562],[26.378,38.624],[26.441,38.641],[26.514,38.629],[26.587,38.557],[26.61,38.487],[26.595,38.419],[26.641,38.352],[26.674,38.336],[26.696,38.405],[26.727,38.419],[26.77,38.388],[26.861,38.373],[27.099,38.416],[27.144,38.452],[26.97,38.448],[26.907,38.482],[26.838,38.558],[26.795,38.626],[26.788,38.66],[26.764,38.71],[26.79,38.736],[26.909,38.776],[27.014,38.887],[26.97,38.919],[26.92,38.934],[26.866,38.923],[26.815,38.961],[26.808,39.014],[26.849,39.057],[26.854,39.116],[26.719,39.261],[26.682,39.292],[26.711,39.34],[26.813,39.419],[26.911,39.517],[26.899,39.55],[26.827,39.563],[26.484,39.521],[26.351,39.484],[26.113,39.467],[26.096,39.521],[26.101,39.569],[26.155,39.657],[26.15,39.873],[26.181,39.99],[26.313,40.025],[26.475,40.197],[26.738,40.4],[27.012,40.396],[27.122,40.452],[27.285,40.456],[27.314,40.415],[27.333,40.376],[27.476,40.32],[27.728,40.329],[27.789,40.351],[27.849,40.382],[27.732,40.481],[27.769,40.51],[27.875,40.513],[27.99,40.489],[27.995,40.467],[27.964,40.435],[27.929,40.38],[27.963,40.37],[28.289,40.403],[28.63,40.376],[28.739,40.391],[29.007,40.39],[29.055,40.424],[28.974,40.467],[28.895,40.482],[28.841,40.503],[28.788,40.534],[28.958,40.631],[29.054,40.649],[29.508,40.708],[29.845,40.738],[29.849,40.76],[29.801,40.76],[29.365,40.809],[29.26,40.847],[29.114,40.938],[29.082,40.963],[29.046,41.008],[29.067,41.102],[29.094,41.177],[29.148,41.221],[29.322,41.228],[29.919,41.151],[30.345,41.197],[30.81,41.085],[31.255,41.108],[31.347,41.158],[31.458,41.32],[32.086,41.589],[32.306,41.73],[32.542,41.806],[32.947,41.892],[33.285,42.005],[33.381,42.018],[34.193,41.964],[34.75,41.957],[35.006,42.063],[35.155,42.028],[35.141,41.99],[35.114,41.957],[35.122,41.891],[35.209,41.794],[35.298,41.729],[35.558,41.634],[35.92,41.714],[35.978,41.705],[36.052,41.683],[36.179,41.427],[36.278,41.336],[36.405,41.275],[36.51,41.263],[36.587,41.327],[36.647,41.353],[36.778,41.363],[36.992,41.275],[37.066,41.184],[37.431,41.114],[37.766,41.079],[37.91,41.002],[38.381,40.925],[38.557,40.937],[38.852,41.018],[39.426,41.106],[39.808,40.983],[39.911,40.966],[40.0,40.977],[40.128,40.943],[40.265,40.961],[40.688,41.107],[40.82,41.19],[40.959,41.212],[41.084,41.261],[41.414,41.424],[41.51,41.517]]],[[[28.014,41.969],[27.987,41.855],[28.05,41.729],[28.198,41.554],[28.346,41.466],[28.947,41.248],[29.057,41.23],[29.032,41.14],[28.996,41.061],[28.956,41.008],[28.78,40.974],[28.295,41.071],[28.172,41.081],[28.086,41.061],[27.925,40.991],[27.747,41.013],[27.499,40.973],[27.43,40.84],[27.258,40.687],[26.975,40.564],[26.772,40.498],[26.468,40.261],[26.33,40.123],[26.272,40.097],[26.203,40.075],[26.226,40.142],[26.26,40.202],[26.252,40.248],[26.254,40.315],[26.355,40.39],[26.447,40.445],[26.72,40.544],[26.792,40.627],[26.578,40.625],[26.361,40.606],[26.224,40.618],[26.105,40.611],[26.068,40.683],[26.039,40.727],[26.07,40.74],[26.109,40.75],[26.179,40.827],[26.241,40.883],[26.331,40.954],[26.354,40.997],[26.354,41.037],[26.333,41.064],[26.328,41.097],[26.326,41.143],[26.331,41.239],[26.536,41.343],[26.602,41.354],[26.625,41.402],[26.61,41.512],[26.581,41.601],[26.545,41.607],[26.495,41.633],[26.462,41.663],[26.411,41.696],[26.321,41.717],[26.318,41.745],[26.327,41.773],[26.36,41.802],[26.511,41.826],[26.529,41.847],[26.55,41.897],[26.58,41.948],[26.615,41.965],[26.679,41.963],[26.8,41.975],[26.885,41.992],[26.969,42.027],[27.012,42.059],[27.193,42.077],[27.244,42.093],[27.295,42.08],[27.363,42.025],[27.475,41.947],[27.535,41.921],[27.58,41.933],[27.661,41.961],[27.739,41.962],[27.802,41.957],[27.832,41.981],[27.879,41.987],[28.014,41.969]]]]}},{"type":"Feature","properties":{"code":"TUN","name":"Tunisia","continent":"Africa"},"geometry":{"type":"MultiPolygon","coordinates":[[[[11.505,33.182],[11.502,33.156],[11.467,32.966],[11.459,32.897],[11.454,32.782],[11.454,32.643],[11.534,32.525],[11.536,32.473],[11.505,32.414],[11.358,32.345],[11.168,32.257],[11.005,32.173],[10.826,32.081],[10.772,32.021],[10.683,31.975],[10.609,31.93],[10.596,31.886],[10.544,31.803],[10.476,31.736],[10.306,31.705],[10.275,31.685],[10.196,31.585],[10.16,31.546],[10.115,31.464],[10.173,31.251],[10.243,31.032],[10.257,30.941],[10.256,30.865],[10.216,30.783],[10.126,30.666],[10.06,30.58],[9.933,30.425],[9.895,30.387],[9.807,30.342],[9.638,30.282],[9.519,30.229],[9.458,30.465],[9.406,30.667],[9.363,30.833],[9.288,31.125],[9.224,31.374],[9.16,31.621],[9.102,31.846],[9.044,32.072],[9.019,32.105],[8.844,32.212],[8.683,32.31],[8.515,32.422],[8.333,32.544],[8.304,32.696],[8.211,32.927],[8.113,33.055],[8.076,33.089],[7.877,33.172],[7.763,33.233],[7.731,33.269],[7.709,33.362],[7.628,33.549],[7.534,33.718],[7.5,33.832],[7.496,33.977],[7.514,34.081],[7.554,34.125],[7.749,34.254],[7.838,34.41],[7.949,34.469],[8.046,34.513],[8.123,34.564],[8.193,34.646],[8.246,34.734],[8.255,34.829],[8.277,34.979],[8.312,35.085],[8.394,35.204],[8.36,35.3],[8.316,35.403],[8.329,35.582],[8.318,35.655],[8.283,35.719],[8.247,35.802],[8.246,35.871],[8.28,36.051],[8.307,36.189],[8.349,36.368],[8.334,36.418],[8.303,36.456],[8.209,36.495],[8.208,36.519],[8.231,36.545],[8.37,36.633],[8.444,36.761],[8.507,36.788],[8.601,36.834],[8.598,36.884],[8.577,36.937],[8.824,36.998],[9.059,37.156],[9.142,37.195],[9.688,37.34],[9.759,37.33],[9.838,37.309],[9.816,37.255],[9.784,37.211],[9.83,37.135],[9.896,37.182],[9.879,37.213],[9.876,37.254],[9.988,37.258],[10.087,37.251],[10.196,37.206],[10.189,37.034],[10.334,36.865],[10.293,36.781],[10.412,36.732],[10.518,36.791],[10.571,36.879],[10.766,36.93],[10.951,37.059],[11.054,37.073],[11.077,36.967],[11.127,36.874],[11.057,36.841],[10.967,36.743],[10.798,36.493],[10.642,36.42],[10.526,36.323],[10.488,36.255],[10.477,36.175],[10.506,36.032],[10.591,35.887],[10.689,35.8],[10.784,35.772],[11.004,35.634],[11.001,35.552],[11.032,35.454],[11.043,35.335],[11.12,35.24],[10.956,35.034],[10.866,34.884],[10.691,34.678],[10.535,34.545],[10.2,34.346],[10.118,34.28],[10.065,34.212],[10.04,34.14],[10.049,34.056],[10.159,33.85],[10.305,33.728],[10.454,33.663],[10.713,33.689],[10.704,33.61],[10.723,33.514],[10.828,33.519],[10.898,33.534],[10.958,33.626],[11.085,33.563],[11.15,33.369],[11.257,33.309],[11.27,33.286],[11.232,33.272],[11.203,33.249],[11.234,33.234],[11.338,33.209],[11.401,33.225],[11.505,33.182]]],[[[11.278,34.754],[11.124,34.682],[11.153,34.745],[11.255,34.82],[11.281,34.802],[11.278,34.754]]],[[[10.958,33.722],[10.931,33.717],[10.883,33.69],[10.857,33.687],[10.785,33.718],[10.757,33.717],[10.722,33.739],[10.734,33.856],[10.745,33.889],[10.922,33.893],[11.018,33.823],[11.034,33.805],[11.038,33.785],[10.993,33.746],[10.958,33.722]]]]}},{"type":"Feature","properties":{"code":"TGO","name":"Togo","continent":"Africa"},"geometry":{"type":"Polygon","coordinates":[[[0.9,10.993],[0.875,10.886],[0.822,10.753],[0.787,10.71],[0.763,10.387],[0.78,10.36],[0.792,10.352],[0.958,10.242],[1.176,10.098],[1.33,9.997],[1.343,9.963],[1.345,9.75],[1.347,9.568],[1.379,9.463],[1.386,9.362],[1.424,9.285],[1.566,9.137],[1.6,9.05],[1.604,8.771],[1.607,8.559],[1.625,8.271],[1.625,8.03],[1.625,7.726],[1.625,7.369],[1.625,6.997],[1.531,6.992],[1.582,6.877],[1.591,6.772],[1.603,6.738],[1.578,6.687],[1.599,6.61],[1.639,6.582],[1.743,6.426],[1.778,6.295],[1.611,6.251],[1.623,6.217],[1.311,6.147],[1.187,6.089],[1.185,6.145],[1.14,6.155],[1.084,6.174],[1.05,6.203],[1.002,6.269],[0.985,6.32],[0.912,6.329],[0.822,6.386],[0.737,6.453],[0.707,6.519],[0.715,6.549],[0.702,6.581],[0.673,6.593],[0.596,6.742],[0.548,6.802],[0.526,6.851],[0.533,6.888],[0.523,6.939],[0.538,6.98],[0.579,7.004],[0.592,7.034],[0.596,7.097],[0.62,7.227],[0.635,7.354],[0.591,7.389],[0.537,7.399],[0.51,7.435],[0.499,7.495],[0.5,7.547],[0.605,7.728],[0.584,8.146],[0.599,8.21],[0.647,8.253],[0.688,8.304],[0.686,8.355],[0.616,8.48],[0.483,8.575],[0.415,8.653],[0.379,8.722],[0.373,8.759],[0.453,8.814],[0.489,8.851],[0.493,8.895],[0.46,8.974],[0.466,9.115],[0.497,9.221],[0.529,9.358],[0.526,9.398],[0.448,9.48],[0.405,9.491],[0.371,9.486],[0.289,9.432],[0.26,9.426],[0.242,9.442],[0.233,9.464],[0.262,9.496],[0.252,9.536],[0.275,9.571],[0.327,9.587],[0.343,9.604],[0.273,9.621],[0.265,9.645],[0.27,9.668],[0.29,9.672],[0.312,9.671],[0.324,9.688],[0.335,9.804],[0.343,9.845],[0.352,9.925],[0.363,10.236],[0.379,10.269],[0.381,10.292],[0.332,10.307],[0.216,10.391],[0.148,10.455],[0.089,10.521],[0.039,10.564],[-0.058,10.631],[-0.086,10.673],[-0.09,10.716],[-0.061,10.801],[-0.014,10.891],[0.009,11.021],[-0.005,11.056],[-0.069,11.116],[0.159,11.07],[0.484,10.992],[0.491,10.978],[0.493,10.955],[0.549,10.955],[0.643,10.983],[0.9,10.993]]]}},{"type":"Feature","properties":{"code":"TLS","name":"East Timor","continent":"Asia"},"geometry":{"type":"MultiPolygon","coordinates":[[[[125.646,-8.14],[125.579,-8.312],[125.507,-8.275],[125.584,-8.179],[125.621,-8.15],[125.646,-8.14]]],[[[125.068,-9.512],[125.034,-9.382],[124.997,-9.326],[124.968,-9.294],[124.959,-9.255],[124.96,-9.214],[124.978,-9.195],[125.1,-9.19],[125.149,-9.123],[125.149,-9.043],[125.124,-9.015],[125.1,-9.004],[124.973,-9.064],[124.937,-9.053],[124.915,-9.032],[124.922,-8.942],[125.027,-8.859],[125.116,-8.708],[125.178,-8.648],[125.323,-8.591],[125.382,-8.575],[125.804,-8.492],[125.905,-8.487],[126.173,-8.489],[126.531,-8.471],[126.62,-8.459],[126.735,-8.423],[126.846,-8.377],[126.905,-8.342],[126.966,-8.316],[127.058,-8.348],[127.215,-8.373],[127.257,-8.395],[127.296,-8.425],[127.115,-8.584],[126.915,-8.715],[126.792,-8.755],[126.665,-8.782],[126.569,-8.833],[126.487,-8.913],[126.383,-8.958],[126.265,-8.973],[126.164,-8.997],[126.073,-9.044],[125.946,-9.124],[125.895,-9.132],[125.84,-9.13],[125.735,-9.161],[125.408,-9.276],[125.21,-9.404],[125.068,-9.512]]],[[[124.036,-9.342],[124.198,-9.256],[124.444,-9.19],[124.438,-9.239],[124.413,-9.314],[124.376,-9.35],[124.319,-9.414],[124.282,-9.428],[124.135,-9.414],[124.116,-9.423],[124.09,-9.416],[124.052,-9.375],[124.036,-9.342]]]]}},{"type":"Feature","properties":{"code":"THA","name":"Thailand","continent":"Asia"},"geometry":{"type":"MultiPolygon","coordinates":[[[[102.606,11.677],[102.59,11.572],[102.533,11.615],[102.546,11.668],[102.569,11.692],[102.606,11.677]]],[[[102.427,11.989],[102.43,11.965],[102.378,11.983],[102.36,11.974],[102.302,11.981],[102.273,12.119],[102.277,12.152],[102.319,12.142],[102.378,12.073],[102.408,12.025],[102.427,11.989]]],[[[98.409,7.902],[98.398,7.828],[98.357,7.829],[98.316,7.782],[98.296,7.776],[98.262,7.926],[98.301,8.136],[98.322,8.166],[98.351,8.111],[98.435,8.086],[98.399,7.965],[98.409,7.902]]],[[[100.122,20.317],[100.115,20.258],[100.14,20.245],[100.174,20.273],[100.218,20.34],[100.266,20.377],[100.318,20.386],[100.373,20.34],[100.432,20.241],[100.492,20.184],[100.52,20.178],[100.54,20.132],[100.543,20.089],[100.515,19.996],[100.466,19.889],[100.398,19.756],[100.42,19.644],[100.514,19.553],[100.625,19.5],[100.744,19.515],[100.807,19.542],[100.858,19.585],[100.906,19.605],[100.967,19.611],[101.155,19.579],[101.212,19.548],[101.221,19.487],[101.198,19.328],[101.227,19.212],[101.28,19.089],[101.286,18.977],[101.221,18.793],[101.166,18.618],[101.106,18.534],[101.06,18.479],[101.047,18.442],[101.051,18.407],[101.093,18.355],[101.138,18.287],[101.149,18.222],[101.144,18.143],[101.113,18.034],[100.999,17.797],[100.908,17.584],[100.956,17.541],[101.046,17.51],[101.105,17.48],[101.167,17.499],[101.3,17.625],[101.414,17.719],[101.555,17.812],[101.564,17.821],[101.688,17.889],[101.744,17.953],[101.775,18.033],[101.819,18.065],[101.875,18.046],[101.947,18.081],[102.035,18.17],[102.101,18.211],[102.148,18.204],[102.232,18.149],[102.352,18.046],[102.459,17.985],[102.553,17.965],[102.598,17.927],[102.596,17.87],[102.617,17.833],[102.661,17.818],[102.68,17.824],[102.675,17.852],[102.718,17.892],[102.807,17.946],[102.899,17.977],[102.991,17.986],[103.051,18.029],[103.091,18.138],[103.149,18.222],[103.2,18.259],[103.263,18.278],[103.28,18.305],[103.249,18.339],[103.252,18.373],[103.288,18.408],[103.367,18.423],[103.488,18.418],[103.63,18.383],[103.792,18.317],[103.899,18.295],[103.95,18.319],[104.049,18.217],[104.196,17.988],[104.323,17.816],[104.428,17.699],[104.539,17.609],[104.656,17.547],[104.74,17.462],[104.816,17.3],[104.759,17.077],[104.744,16.884],[104.751,16.648],[104.819,16.466],[104.95,16.34],[105.026,16.238],[105.047,16.16],[105.149,16.094],[105.331,16.038],[105.406,15.987],[105.376,15.942],[105.373,15.89],[105.399,15.83],[105.462,15.78],[105.562,15.741],[105.622,15.7],[105.641,15.657],[105.639,15.586],[105.616,15.488],[105.574,15.413],[105.513,15.361],[105.506,15.32],[105.49,15.257],[105.49,15.128],[105.533,15.042],[105.547,14.932],[105.523,14.843],[105.5,14.661],[105.497,14.591],[105.476,14.53],[105.423,14.472],[105.342,14.417],[105.244,14.368],[105.183,14.346],[105.169,14.336],[105.126,14.281],[105.074,14.227],[105.034,14.227],[105.003,14.254],[104.982,14.289],[104.97,14.366],[104.879,14.404],[104.779,14.428],[104.576,14.39],[104.412,14.37],[104.228,14.396],[104.054,14.363],[103.982,14.358],[103.899,14.363],[103.818,14.362],[103.742,14.374],[103.6,14.421],[103.546,14.417],[103.432,14.379],[103.313,14.351],[103.199,14.333],[103.031,14.253],[102.909,14.137],[102.873,14.055],[102.813,13.972],[102.729,13.842],[102.62,13.717],[102.545,13.66],[102.566,13.626],[102.547,13.586],[102.429,13.568],[102.336,13.56],[102.32,13.54],[102.331,13.288],[102.363,13.193],[102.423,13.078],[102.462,13.015],[102.491,12.828],[102.5,12.67],[102.63,12.57],[102.703,12.494],[102.756,12.426],[102.737,12.383],[102.706,12.256],[102.737,12.09],[102.918,11.732],[102.934,11.707],[102.912,11.704],[102.884,11.773],[102.792,11.889],[102.763,12.012],[102.655,12.149],[102.594,12.203],[102.575,12.158],[102.54,12.109],[102.434,12.179],[102.343,12.253],[102.259,12.394],[102.248,12.361],[102.23,12.332],[102.134,12.443],[102.034,12.532],[101.945,12.564],[101.889,12.593],[101.836,12.64],[101.724,12.689],[101.445,12.619],[101.09,12.674],[100.954,12.621],[100.898,12.654],[100.863,12.715],[100.896,12.818],[100.904,13.035],[100.946,13.187],[100.926,13.303],[100.947,13.358],[100.963,13.432],[100.907,13.462],[100.656,13.521],[100.603,13.568],[100.536,13.514],[100.236,13.484],[100.122,13.44],[100.017,13.353],[99.991,13.243],[100.051,13.171],[100.09,13.046],[99.982,12.771],[99.964,12.69],[100.006,12.355],[99.989,12.171],[99.93,12.047],[99.837,11.937],[99.799,11.749],[99.725,11.662],[99.627,11.463],[99.561,11.215],[99.514,11.101],[99.487,10.89],[99.285,10.569],[99.237,10.388],[99.165,10.32],[99.19,10.266],[99.195,10.175],[99.169,9.934],[99.161,9.734],[99.191,9.627],[99.288,9.415],[99.265,9.353],[99.254,9.265],[99.335,9.225],[99.394,9.214],[99.724,9.314],[99.836,9.288],[99.878,9.195],[99.905,9.113],[99.961,8.671],[99.99,8.589],[100.056,8.511],[100.129,8.428],[100.154,8.443],[100.159,8.474],[100.163,8.508],[100.229,8.425],[100.279,8.269],[100.454,7.442],[100.504,7.337],[100.545,7.227],[100.439,7.281],[100.411,7.464],[100.38,7.542],[100.343,7.553],[100.284,7.552],[100.28,7.584],[100.324,7.644],[100.317,7.716],[100.257,7.775],[100.158,7.728],[100.161,7.599],[100.205,7.501],[100.371,7.28],[100.424,7.188],[100.49,7.161],[100.586,7.176],[100.702,7.082],[100.793,6.995],[101.018,6.861],[101.154,6.875],[101.302,6.908],[101.401,6.9],[101.498,6.865],[101.614,6.754],[101.799,6.475],[102.101,6.242],[102.068,6.185],[102.055,6.097],[101.936,5.979],[101.917,5.911],[101.874,5.825],[101.791,5.779],[101.72,5.771],[101.678,5.779],[101.65,5.796],[101.601,5.877],[101.577,5.902],[101.556,5.908],[101.404,5.852],[101.257,5.789],[101.23,5.734],[101.191,5.669],[101.148,5.643],[101.114,5.637],[101.082,5.675],[101.025,5.725],[100.982,5.771],[100.993,5.846],[101.076,5.956],[101.087,6.034],[101.076,6.166],[101.054,6.243],[101.029,6.245],[100.989,6.258],[100.874,6.245],[100.817,6.332],[100.794,6.426],[100.754,6.46],[100.716,6.481],[100.629,6.448],[100.564,6.468],[100.345,6.55],[100.261,6.683],[100.217,6.687],[100.177,6.672],[100.161,6.642],[100.138,6.489],[100.119,6.442],[99.869,6.75],[99.696,6.877],[99.72,7.106],[99.668,7.151],[99.602,7.155],[99.553,7.219],[99.597,7.356],[99.529,7.329],[99.435,7.334],[99.359,7.372],[99.3,7.561],[99.264,7.619],[99.183,7.718],[99.078,7.718],[99.043,7.766],[99.051,7.888],[98.974,7.963],[98.872,8.024],[98.789,8.06],[98.704,8.257],[98.636,8.305],[98.579,8.344],[98.5,8.318],[98.474,8.247],[98.421,8.178],[98.361,8.187],[98.305,8.226],[98.238,8.423],[98.227,8.544],[98.242,8.768],[98.326,8.969],[98.371,9.291],[98.443,9.493],[98.493,9.561],[98.562,9.838],[98.703,10.19],[98.718,10.266],[98.747,10.351],[98.768,10.431],[98.775,10.557],[98.757,10.624],[98.757,10.661],[98.787,10.708],[98.887,10.788],[99.025,10.92],[99.19,11.105],[99.359,11.389],[99.443,11.554],[99.478,11.613],[99.515,11.631],[99.573,11.687],[99.612,11.75],[99.615,11.781],[99.523,12.09],[99.463,12.19],[99.432,12.309],[99.416,12.395],[99.394,12.474],[99.405,12.548],[99.372,12.594],[99.297,12.653],[99.22,12.74],[99.174,12.882],[99.174,12.961],[99.124,13.031],[99.107,13.104],[99.137,13.173],[99.176,13.233],[99.172,13.497],[99.156,13.576],[99.137,13.717],[99.086,13.823],[99.015,13.947],[98.934,14.05],[98.721,14.236],[98.57,14.36],[98.495,14.473],[98.4,14.603],[98.332,14.696],[98.246,14.815],[98.202,14.976],[98.178,15.147],[98.191,15.204],[98.232,15.241],[98.286,15.272],[98.329,15.279],[98.452,15.357],[98.537,15.351],[98.557,15.368],[98.565,15.404],[98.554,15.56],[98.558,15.769],[98.574,15.939],[98.592,16.051],[98.818,16.181],[98.866,16.237],[98.888,16.298],[98.888,16.352],[98.869,16.394],[98.835,16.418],[98.689,16.305],[98.661,16.33],[98.594,16.515],[98.565,16.571],[98.523,16.638],[98.478,16.732],[98.471,16.895],[98.439,16.976],[98.257,17.148],[98.175,17.24],[98.063,17.373],[97.929,17.533],[97.793,17.681],[97.729,17.776],[97.706,17.797],[97.699,17.834],[97.74,17.935],[97.72,18.037],[97.652,18.174],[97.622,18.258],[97.632,18.29],[97.599,18.303],[97.524,18.296],[97.451,18.36],[97.381,18.494],[97.374,18.518],[97.397,18.518],[97.485,18.494],[97.515,18.498],[97.577,18.529],[97.672,18.561],[97.728,18.572],[97.746,18.588],[97.754,18.621],[97.706,18.932],[97.714,18.996],[97.804,19.13],[97.794,19.266],[97.817,19.46],[97.916,19.593],[97.991,19.654],[98.015,19.75],[98.049,19.77],[98.111,19.762],[98.239,19.691],[98.294,19.687],[98.371,19.689],[98.455,19.694],[98.494,19.701],[98.761,19.771],[98.82,19.778],[98.876,19.77],[98.917,19.773],[98.958,19.805],[98.987,19.861],[99.021,20.042],[99.04,20.074],[99.074,20.099],[99.131,20.117],[99.197,20.115],[99.284,20.08],[99.338,20.079],[99.399,20.093],[99.452,20.118],[99.486,20.15],[99.502,20.188],[99.487,20.261],[99.448,20.352],[99.459,20.363],[99.532,20.343],[99.639,20.32],[99.72,20.325],[99.773,20.341],[99.825,20.384],[99.89,20.424],[99.954,20.415],[100.004,20.38],[100.122,20.317]]],[[[100.074,9.697],[100.064,9.68],[100.026,9.712],[99.998,9.748],[99.983,9.794],[100.043,9.792],[100.073,9.749],[100.074,9.697]]],[[[100.071,9.586],[100.075,9.529],[100.054,9.461],[99.962,9.422],[99.931,9.476],[99.94,9.56],[99.954,9.581],[100.043,9.577],[100.071,9.586]]],[[[99.663,6.522],[99.644,6.516],[99.607,6.597],[99.654,6.714],[99.701,6.571],[99.663,6.522]]],[[[98.592,7.934],[98.58,7.917],[98.529,8.109],[98.604,8.057],[98.592,7.934]]],[[[98.308,9.051],[98.251,9.041],[98.258,9.095],[98.274,9.13],[98.301,9.139],[98.312,9.08],[98.308,9.051]]],[[[99.078,7.592],[99.104,7.471],[99.068,7.496],[99.038,7.548],[99.038,7.626],[99.045,7.637],[99.078,7.592]]]]}},{"type":"Feature","properties":{"code":"TZA","name":"Tanzania","continent":"Africa"},"geometry":{"type":"MultiPolygon","coordinates":[[[[39.496,-6.175],[39.573,-6.387],[39.563,-6.427],[39.509,-6.452],[39.481,-6.454],[39.447,-6.42],[39.424,-6.348],[39.383,-6.365],[39.313,-6.279],[39.243,-6.275],[39.182,-6.173],[39.206,-6.083],[39.192,-5.931],[39.267,-5.853],[39.309,-5.722],[39.357,-5.812],[39.368,-5.951],[39.433,-6.115],[39.488,-6.166],[39.496,-6.175]]],[[[39.865,-4.906],[39.871,-4.957],[39.856,-5.004],[39.859,-5.155],[39.853,-5.255],[39.796,-5.394],[39.749,-5.444],[39.708,-5.429],[39.673,-5.407],[39.647,-5.369],[39.701,-5.114],[39.673,-4.927],[39.781,-4.945],[39.865,-4.906]]],[[[32.92,-9.407],[32.863,-9.381],[32.757,-9.322],[32.608,-9.271],[32.487,-9.213],[32.433,-9.156],[32.319,-9.135],[32.221,-9.126],[32.13,-9.073],[32.035,-9.067],[31.943,-9.054],[31.922,-9.019],[31.919,-8.942],[31.886,-8.922],[31.818,-8.902],[31.745,-8.903],[31.7,-8.914],[31.674,-8.909],[31.613,-8.863],[31.556,-8.805],[31.535,-8.713],[31.449,-8.654],[31.351,-8.607],[31.076,-8.612],[31.033,-8.598],[30.968,-8.551],[30.892,-8.474],[30.831,-8.386],[30.777,-8.266],[30.751,-8.194],[30.721,-8.104],[30.654,-7.971],[30.559,-7.782],[30.486,-7.627],[30.407,-7.461],[30.375,-7.339],[30.313,-7.204],[30.213,-7.038],[30.162,-6.973],[30.106,-6.915],[29.962,-6.803],[29.798,-6.692],[29.71,-6.617],[29.591,-6.394],[29.541,-6.314],[29.506,-6.172],[29.48,-6.025],[29.491,-5.965],[29.596,-5.776],[29.607,-5.723],[29.594,-5.651],[29.542,-5.5],[29.504,-5.401],[29.476,-5.317],[29.42,-5.176],[29.343,-4.983],[29.323,-4.899],[29.326,-4.836],[29.368,-4.669],[29.404,-4.497],[29.403,-4.449],[29.718,-4.456],[29.77,-4.418],[29.947,-4.307],[30.147,-4.085],[30.187,-3.993],[30.269,-3.85],[30.348,-3.78],[30.379,-3.731],[30.4,-3.654],[30.425,-3.589],[30.53,-3.492],[30.632,-3.419],[30.625,-3.389],[30.611,-3.366],[30.626,-3.347],[30.682,-3.309],[30.79,-3.275],[30.811,-3.201],[30.811,-3.116],[30.794,-3.069],[30.797,-3.015],[30.78,-2.985],[30.709,-2.977],[30.604,-2.935],[30.515,-2.918],[30.456,-2.893],[30.433,-2.875],[30.424,-2.824],[30.441,-2.769],[30.45,-2.753],[30.473,-2.694],[30.434,-2.659],[30.424,-2.642],[30.442,-2.613],[30.534,-2.426],[30.554,-2.4],[30.593,-2.397],[30.657,-2.374],[30.715,-2.363],[30.762,-2.372],[30.798,-2.363],[30.829,-2.338],[30.855,-2.265],[30.877,-2.143],[30.865,-2.044],[30.819,-1.967],[30.807,-1.851],[30.828,-1.694],[30.813,-1.563],[30.762,-1.459],[30.711,-1.397],[30.632,-1.367],[30.508,-1.208],[30.47,-1.131],[30.477,-1.083],[30.51,-1.067],[30.52,-1.062],[30.599,-1.07],[30.673,-1.051],[30.742,-1.008],[30.809,-0.995],[30.824,-0.999],[30.845,-1.002],[30.95,-1.002],[31.128,-1.002],[31.305,-1.002],[31.483,-1.002],[31.661,-1.002],[31.839,-1.002],[32.016,-1.002],[32.194,-1.002],[32.372,-1.002],[32.55,-1.002],[32.727,-1.002],[32.905,-1.002],[33.083,-1.002],[33.261,-1.002],[33.438,-1.002],[33.616,-1.002],[33.794,-1.002],[33.903,-1.002],[33.979,-1.002],[34.052,-1.04],[34.132,-1.085],[34.345,-1.204],[34.558,-1.323],[34.771,-1.442],[34.984,-1.561],[35.197,-1.68],[35.411,-1.799],[35.624,-1.918],[35.837,-2.037],[36.05,-2.156],[36.263,-2.275],[36.476,-2.394],[36.689,-2.513],[36.903,-2.632],[37.116,-2.751],[37.329,-2.87],[37.542,-2.989],[37.644,-3.045],[37.659,-3.07],[37.677,-3.178],[37.688,-3.246],[37.682,-3.306],[37.625,-3.407],[37.609,-3.46],[37.608,-3.497],[37.622,-3.512],[37.67,-3.517],[37.711,-3.541],[37.726,-3.56],[37.757,-3.636],[37.797,-3.674],[37.887,-3.739],[38.041,-3.85],[38.194,-3.96],[38.348,-4.071],[38.501,-4.181],[38.655,-4.292],[38.808,-4.402],[38.962,-4.513],[39.115,-4.624],[39.19,-4.677],[39.222,-4.692],[39.202,-4.776],[39.123,-4.98],[39.119,-5.065],[39.088,-5.165],[39.058,-5.232],[38.978,-5.519],[38.911,-5.626],[38.819,-5.878],[38.805,-6.07],[38.855,-6.205],[38.874,-6.331],[38.981,-6.455],[39.067,-6.499],[39.125,-6.556],[39.228,-6.685],[39.287,-6.815],[39.472,-6.879],[39.546,-7.024],[39.519,-7.124],[39.433,-7.207],[39.353,-7.341],[39.288,-7.518],[39.287,-7.788],[39.33,-7.747],[39.428,-7.813],[39.441,-8.012],[39.34,-8.243],[39.309,-8.351],[39.304,-8.444],[39.377,-8.721],[39.488,-8.862],[39.48,-8.906],[39.451,-8.943],[39.641,-9.192],[39.625,-9.409],[39.697,-9.578],[39.728,-9.725],[39.775,-9.837],[39.784,-9.915],[39.725,-10.0],[39.864,-10.022],[39.945,-10.092],[39.984,-10.16],[40.084,-10.157],[40.138,-10.203],[40.216,-10.241],[40.389,-10.354],[40.436,-10.41],[40.453,-10.443],[40.464,-10.464],[40.347,-10.552],[40.166,-10.688],[39.989,-10.821],[39.817,-10.912],[39.694,-10.955],[39.563,-10.979],[39.439,-11.035],[39.322,-11.123],[39.171,-11.167],[38.987,-11.167],[38.795,-11.229],[38.603,-11.345],[38.492,-11.413],[38.315,-11.311],[38.177,-11.279],[38.017,-11.282],[37.92,-11.295],[37.885,-11.317],[37.855,-11.379],[37.829,-11.482],[37.725,-11.581],[37.542,-11.675],[37.373,-11.71],[37.218,-11.687],[37.114,-11.647],[37.059,-11.592],[36.979,-11.567],[36.873,-11.571],[36.771,-11.61],[36.674,-11.684],[36.519,-11.716],[36.306,-11.706],[36.191,-11.671],[36.175,-11.609],[36.082,-11.537],[35.911,-11.455],[35.785,-11.453],[35.705,-11.532],[35.631,-11.582],[35.564,-11.602],[35.504,-11.605],[35.451,-11.59],[35.418,-11.583],[35.183,-11.575],[34.959,-11.578],[34.953,-11.544],[34.937,-11.463],[34.891,-11.394],[34.851,-11.352],[34.801,-11.341],[34.774,-11.342],[34.752,-11.309],[34.726,-11.238],[34.688,-11.177],[34.638,-11.127],[34.608,-11.08],[34.598,-11.037],[34.606,-10.99],[34.652,-10.873],[34.667,-10.792],[34.662,-10.71],[34.637,-10.626],[34.584,-10.525],[34.59,-10.496],[34.572,-10.428],[34.57,-10.38],[34.58,-10.32],[34.57,-10.241],[34.524,-10.073],[34.524,-10.03],[34.476,-9.949],[34.328,-9.757],[34.321,-9.732],[34.089,-9.538],[33.996,-9.495],[33.962,-9.532],[33.95,-9.565],[33.959,-9.627],[33.954,-9.658],[33.944,-9.672],[33.889,-9.67],[33.854,-9.663],[33.766,-9.611],[33.698,-9.598],[33.528,-9.608],[33.468,-9.62],[33.421,-9.608],[33.331,-9.519],[33.225,-9.5],[33.13,-9.496],[32.974,-9.395],[32.937,-9.4],[32.92,-9.407]]],[[[39.711,-7.977],[39.657,-7.991],[39.636,-7.978],[39.603,-7.936],[39.661,-7.901],[39.717,-7.832],[39.847,-7.73],[39.891,-7.663],[39.907,-7.649],[39.898,-7.728],[39.824,-7.901],[39.762,-7.912],[39.711,-7.977]]]]}},{"type":"Feature","properties":{"code":"TJK","name":"Tajikistan","continent":"Asia"},"geometry":{"type":"MultiPolygon","coordinates":[[[[67.759,37.172],[67.798,37.245],[67.814,37.487],[67.864,37.571],[68.011,37.721],[68.088,37.835],[68.174,37.928],[68.237,37.96],[68.294,38.033],[68.341,38.117],[68.354,38.17],[68.35,38.211],[68.333,38.238],[68.251,38.295],[68.144,38.383],[68.087,38.474],[68.056,38.589],[68.048,38.669],[68.149,38.891],[68.133,38.928],[68.104,38.962],[68.044,38.984],[67.96,38.993],[67.876,38.983],[67.769,38.982],[67.694,38.995],[67.677,39.008],[67.667,39.109],[67.648,39.131],[67.617,39.15],[67.4,39.197],[67.358,39.217],[67.35,39.242],[67.426,39.466],[67.46,39.482],[67.492,39.519],[67.542,39.558],[67.719,39.621],[67.909,39.594],[68.077,39.564],[68.245,39.548],[68.303,39.538],[68.399,39.529],[68.463,39.537],[68.507,39.563],[68.586,39.635],[68.61,39.743],[68.639,39.839],[68.687,39.846],[68.735,39.836],[68.758,39.856],[68.768,39.882],[68.778,39.904],[68.798,39.909],[68.832,39.884],[68.852,39.891],[68.869,39.907],[68.864,39.927],[68.824,39.961],[68.789,40.013],[68.793,40.031],[68.805,40.05],[68.908,40.068],[68.956,40.071],[68.972,40.09],[68.966,40.12],[68.927,40.136],[68.785,40.127],[68.64,40.129],[68.622,40.147],[68.631,40.167],[68.653,40.183],[68.952,40.223],[69.11,40.209],[69.228,40.188],[69.275,40.198],[69.22,40.288],[69.294,40.297],[69.304,40.327],[69.206,40.567],[69.26,40.588],[69.314,40.635],[69.309,40.724],[69.357,40.767],[69.414,40.797],[69.498,40.767],[69.628,40.679],[69.671,40.662],[69.713,40.657],[69.773,40.684],[70.006,40.771],[70.136,40.82],[70.292,40.892],[70.319,40.919],[70.373,41.028],[70.402,41.035],[70.442,41.023],[70.578,40.911],[70.657,40.84],[70.657,40.815],[70.635,40.797],[70.639,40.779],[70.751,40.74],[70.751,40.722],[70.726,40.688],[70.712,40.669],[70.698,40.661],[70.549,40.563],[70.383,40.454],[70.377,40.439],[70.37,40.412],[70.372,40.384],[70.398,40.361],[70.47,40.345],[70.534,40.325],[70.566,40.267],[70.603,40.214],[70.653,40.201],[70.899,40.235],[70.958,40.239],[70.961,40.221],[70.946,40.188],[70.739,40.131],[70.644,40.083],[70.624,39.999],[70.599,39.975],[70.557,39.954],[70.515,39.95],[70.451,40.049],[70.379,40.07],[70.274,40.105],[70.071,40.173],[69.967,40.202],[69.765,40.158],[69.53,40.097],[69.494,40.06],[69.469,40.021],[69.471,39.991],[69.488,39.95],[69.476,39.92],[69.432,39.91],[69.365,39.947],[69.307,39.969],[69.279,39.918],[69.245,39.827],[69.229,39.761],[69.28,39.666],[69.298,39.525],[69.392,39.532],[69.463,39.532],[69.599,39.574],[69.667,39.575],[69.772,39.557],[69.956,39.553],[70.102,39.561],[70.137,39.558],[70.171,39.584],[70.209,39.575],[70.245,39.543],[70.392,39.582],[70.501,39.587],[70.568,39.576],[70.608,39.564],[70.679,39.471],[70.733,39.413],[70.799,39.395],[71.005,39.412],[71.065,39.493],[71.118,39.514],[71.203,39.52],[71.273,39.535],[71.329,39.569],[71.404,39.598],[71.47,39.604],[71.503,39.582],[71.517,39.554],[71.506,39.517],[71.503,39.479],[71.546,39.453],[71.673,39.447],[71.732,39.423],[71.735,39.378],[71.726,39.307],[71.779,39.278],[71.806,39.276],[71.991,39.351],[72.043,39.352],[72.084,39.311],[72.147,39.261],[72.23,39.208],[72.25,39.216],[72.287,39.274],[72.358,39.337],[72.49,39.357],[72.563,39.377],[72.64,39.386],[72.872,39.36],[72.949,39.357],[73.109,39.362],[73.235,39.375],[73.336,39.412],[73.387,39.443],[73.47,39.461],[73.576,39.458],[73.632,39.449],[73.636,39.397],[73.623,39.298],[73.607,39.229],[73.69,39.105],[73.744,39.045],[73.796,39.002],[73.805,38.969],[73.795,38.941],[73.73,38.915],[73.707,38.886],[73.696,38.854],[73.717,38.817],[73.754,38.699],[73.802,38.607],[73.869,38.563],[73.97,38.534],[74.026,38.54],[74.065,38.608],[74.131,38.661],[74.187,38.658],[74.277,38.66],[74.514,38.6],[74.745,38.51],[74.812,38.46],[74.836,38.404],[74.772,38.275],[74.775,38.192],[74.79,38.104],[74.842,38.038],[74.891,37.926],[74.9,37.833],[74.921,37.805],[74.938,37.773],[74.912,37.687],[74.894,37.601],[74.916,37.573],[74.986,37.53],[75.097,37.451],[75.119,37.386],[75.079,37.344],[75.008,37.294],[74.918,37.25],[74.891,37.232],[74.875,37.242],[74.83,37.286],[74.731,37.357],[74.659,37.394],[74.524,37.382],[74.445,37.396],[74.349,37.419],[74.26,37.415],[74.204,37.372],[74.167,37.329],[74.078,37.316],[73.949,37.283],[73.75,37.232],[73.654,37.239],[73.628,37.262],[73.649,37.291],[73.717,37.329],[73.734,37.376],[73.721,37.419],[73.657,37.43],[73.633,37.437],[73.605,37.446],[73.481,37.472],[73.383,37.462],[73.211,37.408],[72.896,37.268],[72.757,37.173],[72.657,37.029],[72.359,36.983],[72.154,36.901],[71.942,36.766],[71.802,36.694],[71.734,36.684],[71.666,36.697],[71.597,36.733],[71.531,36.845],[71.472,37.015],[71.433,37.128],[71.455,37.272],[71.48,37.436],[71.505,37.603],[71.546,37.796],[71.58,37.864],[71.582,37.91],[71.552,37.933],[71.488,37.932],[71.39,37.906],[71.32,37.902],[71.279,37.918],[71.283,38.008],[71.333,38.17],[71.256,38.307],[71.052,38.418],[70.879,38.456],[70.736,38.423],[70.616,38.334],[70.519,38.192],[70.418,38.075],[70.313,37.985],[70.239,37.941],[70.215,37.924],[70.199,37.886],[70.255,37.765],[70.251,37.664],[70.189,37.582],[70.12,37.544],[70.045,37.547],[69.985,37.566],[69.941,37.6],[69.821,37.61],[69.626,37.594],[69.492,37.553],[69.42,37.487],[69.399,37.399],[69.43,37.291],[69.414,37.208],[69.354,37.15],[69.304,37.117],[69.265,37.108],[69.18,37.158],[69.05,37.267],[68.96,37.325],[68.912,37.334],[68.885,37.328],[68.855,37.317],[68.838,37.303],[68.824,37.271],[68.782,37.258],[68.723,37.268],[68.669,37.258],[68.637,37.224],[68.546,37.183],[68.387,37.138],[68.3,37.088],[68.285,37.036],[68.261,37.013],[68.212,37.022],[68.068,36.95],[67.958,36.972],[67.834,37.064],[67.766,37.14],[67.759,37.172]]],[[[70.653,40.937],[70.623,40.934],[70.569,40.982],[70.55,41.015],[70.572,41.025],[70.618,41.002],[70.649,40.961],[70.653,40.937]]],[[[70.702,39.825],[70.612,39.787],[70.56,39.791],[70.519,39.828],[70.489,39.863],[70.483,39.883],[70.498,39.882],[70.567,39.867],[70.664,39.855],[70.698,39.846],[70.702,39.825]]]]}},{"type":"Feature","properties":{"code":"TWN","name":"Taiwan","continent":"Asia"},"geometry":{"type":"MultiPolygon","coordinates":[[[[121.009,22.62],[120.947,22.503],[120.897,22.379],[120.877,22.262],[120.878,22.142],[120.864,22.033],[120.84,21.925],[120.743,21.956],[120.69,22.033],[120.678,22.16],[120.608,22.313],[120.581,22.356],[120.48,22.442],[120.388,22.485],[120.316,22.548],[120.326,22.542],[120.273,22.627],[120.233,22.718],[120.15,22.975],[120.122,23.037],[120.083,23.094],[120.072,23.15],[120.086,23.212],[120.121,23.305],[120.143,23.399],[120.125,23.527],[120.132,23.653],[120.159,23.709],[120.63,24.479],[120.757,24.642],[120.836,24.723],[120.902,24.813],[120.964,24.928],[121.041,25.033],[121.095,25.065],[121.365,25.159],[121.45,25.249],[121.517,25.277],[121.594,25.275],[121.643,25.232],[121.687,25.182],[121.733,25.154],[121.853,25.104],[121.905,25.056],[121.929,24.974],[121.856,24.895],[121.82,24.825],[121.813,24.746],[121.826,24.641],[121.828,24.534],[121.737,24.285],[121.639,24.13],[121.613,24.053],[121.583,23.861],[121.526,23.668],[121.477,23.424],[121.397,23.173],[121.352,23.067],[121.296,22.967],[121.161,22.776],[121.009,22.62]]],[[[118.407,24.522],[118.451,24.456],[118.433,24.414],[118.295,24.436],[118.287,24.477],[118.339,24.469],[118.407,24.522]]]]}},{"type":"Feature","properties":{"code":"SYR","name":"Syria","continent":"Asia"},"geometry":{"type":"Polygon","coordinates":[[[35.893,35.917],[35.968,35.91],[36.127,35.831],[36.154,35.834],[36.202,35.938],[36.249,35.973],[36.348,36.004],[36.375,36.171],[36.421,36.203],[36.477,36.221],[36.562,36.224],[36.637,36.234],[36.641,36.264],[36.538,36.457],[36.547,36.506],[36.597,36.701],[36.628,36.778],[36.659,36.803],[36.777,36.793],[36.942,36.758],[36.985,36.702],[37.066,36.653],[37.187,36.656],[37.327,36.647],[37.436,36.643],[37.524,36.678],[37.72,36.744],[37.818,36.766],[37.907,36.795],[38.192,36.902],[38.306,36.893],[38.384,36.879],[38.444,36.862],[38.578,36.789],[38.689,36.715],[38.767,36.693],[38.906,36.695],[39.108,36.681],[39.357,36.682],[39.501,36.702],[39.687,36.739],[40.016,36.826],[40.45,37.009],[40.706,37.098],[40.816,37.108],[40.959,37.109],[41.102,37.086],[41.265,37.069],[41.34,37.071],[41.516,37.089],[41.744,37.126],[41.887,37.156],[42.06,37.206],[42.168,37.289],[42.203,37.297],[42.248,37.282],[42.269,37.277],[42.313,37.23],[42.359,37.109],[42.359,37.095],[42.35,37.061],[42.237,36.961],[42.084,36.826],[41.974,36.741],[41.789,36.597],[41.65,36.566],[41.417,36.515],[41.354,36.464],[41.296,36.383],[41.262,36.272],[41.252,36.203],[41.246,36.073],[41.3,35.939],[41.353,35.81],[41.359,35.725],[41.354,35.64],[41.303,35.551],[41.248,35.427],[41.216,35.288],[41.2,35.027],[41.199,34.805],[41.195,34.769],[41.099,34.612],[40.987,34.429],[40.935,34.387],[40.689,34.332],[40.421,34.198],[40.122,34.048],[39.85,33.911],[39.564,33.768],[39.268,33.62],[39.057,33.514],[38.774,33.372],[38.516,33.237],[38.254,33.099],[38.056,32.995],[37.754,32.83],[37.577,32.733],[37.318,32.591],[37.089,32.466],[36.818,32.317],[36.479,32.361],[36.372,32.387],[36.284,32.457],[36.22,32.495],[36.059,32.534],[35.956,32.667],[35.895,32.714],[35.787,32.735],[35.833,32.82],[35.842,32.876],[35.888,32.944],[35.859,32.989],[35.845,33.085],[35.825,33.108],[35.817,33.133],[35.833,33.164],[35.827,33.195],[35.809,33.209],[35.8,33.256],[35.785,33.291],[35.793,33.334],[35.816,33.362],[35.841,33.416],[35.869,33.432],[35.915,33.465],[35.927,33.5],[35.968,33.535],[36.022,33.562],[36.034,33.585],[36.027,33.598],[35.972,33.623],[35.942,33.668],[35.968,33.732],[35.986,33.753],[36.019,33.784],[36.092,33.832],[36.15,33.84],[36.199,33.84],[36.283,33.836],[36.349,33.827],[36.365,33.839],[36.363,33.855],[36.282,33.894],[36.278,33.925],[36.298,33.959],[36.355,34.011],[36.423,34.05],[36.458,34.057],[36.535,34.134],[36.585,34.221],[36.504,34.432],[36.456,34.466],[36.376,34.495],[36.33,34.5],[36.326,34.513],[36.389,34.567],[36.433,34.613],[36.384,34.658],[36.296,34.679],[36.264,34.633],[36.151,34.629],[35.976,34.629],[35.899,34.852],[35.888,34.949],[35.89,35.06],[35.943,35.224],[35.918,35.3],[35.916,35.351],[35.902,35.421],[35.764,35.572],[35.84,35.849],[35.893,35.917]]]}},{"type":"Feature","properties":{"code":"SWZ","name":"Eswatini","continent":"Africa"},"geometry":{"type":"Polygon","coordinates":[[[31.948,-25.958],[31.968,-25.972],[32.061,-26.018],[32.069,-26.11],[32.06,-26.215],[32.041,-26.281],[32.048,-26.347],[32.078,-26.45],[32.106,-26.52],[32.113,-26.839],[32.082,-26.825],[32.025,-26.811],[31.995,-26.817],[31.967,-26.961],[31.946,-27.174],[31.958,-27.306],[31.743,-27.31],[31.47,-27.296],[31.274,-27.238],[31.063,-27.112],[30.938,-26.916],[30.883,-26.792],[30.807,-26.785],[30.794,-26.764],[30.788,-26.614],[30.789,-26.455],[30.803,-26.413],[30.945,-26.219],[31.033,-26.098],[31.088,-25.981],[31.207,-25.843],[31.335,-25.756],[31.383,-25.743],[31.415,-25.747],[31.64,-25.867],[31.871,-25.982],[31.922,-25.969],[31.948,-25.958]]]}},{"type":"Feature","properties":{"code":"SDS","name":"South Sudan","continent":"Africa"},"geometry":{"type":"Polygon","coordinates":[[[33.976,4.22],[33.742,3.985],[33.568,3.812],[33.54,3.787],[33.489,3.755],[33.324,3.754],[33.154,3.775],[32.997,3.88],[32.838,3.798],[32.737,3.773],[32.677,3.763],[32.535,3.75],[32.336,3.706],[32.246,3.651],[32.197,3.608],[32.156,3.528],[32.136,3.52],[32.099,3.529],[32.048,3.561],[31.942,3.608],[31.888,3.709],[31.839,3.77],[31.798,3.803],[31.629,3.701],[31.547,3.678],[31.48,3.68],[31.357,3.738],[31.222,3.786],[31.152,3.786],[31.048,3.725],[30.929,3.634],[30.868,3.544],[30.839,3.491],[30.817,3.533],[30.797,3.573],[30.757,3.624],[30.7,3.644],[30.648,3.634],[30.587,3.624],[30.559,3.653],[30.554,3.723],[30.537,3.787],[30.508,3.836],[30.421,3.884],[30.195,3.982],[30.021,4.178],[29.934,4.269],[29.87,4.327],[29.78,4.481],[29.677,4.587],[29.552,4.636],[29.47,4.612],[29.385,4.498],[29.225,4.392],[29.151,4.388],[29.057,4.446],[28.939,4.487],[28.727,4.505],[28.64,4.454],[28.525,4.373],[28.428,4.324],[28.367,4.319],[28.311,4.338],[28.247,4.349],[28.192,4.35],[28.079,4.425],[28.02,4.479],[27.981,4.532],[27.917,4.568],[27.842,4.598],[27.788,4.645],[27.761,4.703],[27.719,4.778],[27.664,4.846],[27.491,4.968],[27.439,5.039],[27.403,5.109],[27.332,5.186],[27.257,5.29],[27.233,5.441],[27.229,5.562],[27.213,5.619],[27.181,5.675],[27.144,5.723],[27.083,5.777],[26.942,5.855],[26.796,5.946],[26.726,5.998],[26.594,6.018],[26.514,6.069],[26.447,6.183],[26.421,6.274],[26.353,6.345],[26.325,6.396],[26.309,6.455],[26.362,6.635],[26.285,6.699],[26.169,6.782],[26.087,6.872],[26.037,6.955],[25.889,7.065],[25.567,7.229],[25.381,7.333],[25.279,7.427],[25.19,7.519],[25.181,7.557],[25.239,7.649],[25.247,7.725],[25.2,7.808],[25.007,7.965],[24.853,8.138],[24.737,8.192],[24.456,8.239],[24.375,8.258],[24.291,8.291],[24.208,8.369],[24.18,8.461],[24.221,8.608],[24.195,8.653],[24.147,8.666],[24.16,8.696],[24.214,8.768],[24.3,8.814],[24.532,8.887],[24.545,8.915],[24.549,9.007],[24.568,9.052],[24.648,9.179],[24.659,9.23],[24.663,9.338],[24.674,9.389],[24.697,9.426],[24.76,9.489],[24.783,9.527],[24.792,9.61],[24.785,9.775],[24.818,9.84],[24.964,9.989],[25.003,10.055],[25.016,10.115],[25.015,10.176],[25.024,10.236],[25.067,10.294],[25.104,10.312],[25.212,10.33],[25.285,10.319],[25.798,10.421],[25.858,10.406],[25.885,10.346],[25.883,10.25],[25.892,10.203],[25.919,10.169],[26.001,10.123],[26.057,10.047],[26.087,10.018],[26.17,9.966],[26.551,9.526],[26.659,9.484],[26.763,9.499],[26.971,9.591],[27.074,9.614],[27.8,9.588],[27.881,9.602],[27.886,9.6],[27.996,9.379],[28.049,9.329],[28.845,9.326],[28.829,9.389],[28.839,9.459],[28.932,9.549],[28.98,9.594],[28.98,9.594],[29.0,9.61],[29.122,9.675],[29.242,9.718],[29.473,9.769],[29.557,9.848],[29.604,9.921],[29.605,10.065],[29.636,10.089],[29.691,10.122],[29.958,10.25],[30.003,10.277],[30.475,9.979],[30.739,9.743],[30.755,9.731],[30.769,9.727],[30.783,9.735],[30.795,9.746],[30.814,9.753],[30.827,9.756],[30.94,9.759],[31.154,9.771],[31.225,9.799],[31.655,10.221],[31.764,10.356],[31.792,10.383],[31.854,10.479],[31.92,10.644],[31.933,10.662],[32.404,11.058],[32.421,11.089],[32.425,11.114],[32.354,11.247],[32.339,11.315],[32.336,11.419],[32.35,11.58],[32.345,11.683],[32.343,11.694],[32.338,11.71],[32.335,11.716],[32.072,12.007],[32.737,12.01],[32.738,12.034],[32.738,12.046],[32.736,12.058],[32.723,12.093],[32.716,12.139],[32.715,12.152],[32.716,12.165],[32.72,12.189],[32.721,12.202],[32.72,12.208],[32.719,12.214],[32.719,12.219],[32.722,12.223],[33.199,12.217],[33.193,12.135],[33.135,11.942],[33.136,11.826],[33.122,11.693],[33.119,11.682],[33.106,11.654],[33.095,11.637],[33.082,11.622],[33.078,11.616],[33.073,11.606],[33.073,11.592],[33.172,10.85],[33.168,10.831],[33.165,10.819],[33.138,10.773],[33.131,10.758],[33.13,10.746],[33.141,10.738],[33.361,10.658],[33.371,10.653],[33.38,10.646],[33.459,10.551],[33.892,10.199],[33.907,10.181],[33.952,10.071],[33.957,10.054],[33.958,10.028],[33.957,10.007],[33.946,9.941],[33.95,9.911],[33.957,9.891],[33.963,9.869],[33.963,9.862],[33.962,9.856],[33.959,9.845],[33.895,9.718],[33.874,9.627],[33.868,9.55],[33.871,9.506],[33.879,9.478],[33.882,9.471],[33.885,9.466],[33.888,9.464],[33.891,9.462],[34.077,9.462],[34.078,9.462],[34.077,9.421],[34.085,9.219],[34.091,9.041],[34.102,8.752],[34.102,8.676],[34.095,8.582],[34.073,8.545],[34.02,8.492],[33.953,8.444],[33.785,8.431],[33.645,8.433],[33.545,8.443],[33.409,8.448],[33.281,8.437],[33.234,8.396],[33.165,8.251],[33.065,8.04],[33.013,7.952],[32.999,7.9],[33.015,7.869],[33.081,7.824],[33.226,7.761],[33.392,7.724],[33.516,7.708],[33.601,7.69],[33.666,7.671],[33.902,7.51],[33.978,7.435],[34.02,7.368],[34.03,7.297],[34.064,7.226],[34.2,7.085],[34.279,7.003],[34.484,6.898],[34.563,6.78],[34.639,6.722],[34.711,6.66],[34.749,6.568],[34.838,6.3],[34.898,6.16],[34.959,6.045],[34.984,5.858],[35.032,5.775],[35.082,5.673],[35.164,5.581],[35.252,5.511],[35.268,5.492],[35.084,5.312],[34.878,5.11],[34.64,4.875],[34.38,4.621],[34.177,4.419],[33.976,4.22]]]}},{"type":"Feature","properties":{"code":"SDN","name":"Sudan","continent":"Africa"},"geometry":{"type":"Polygon","coordinates":[[[34.078,9.462],[34.077,9.462],[33.891,9.462],[33.888,9.464],[33.885,9.466],[33.882,9.471],[33.879,9.478],[33.871,9.506],[33.868,9.55],[33.874,9.627],[33.895,9.718],[33.959,9.845],[33.962,9.856],[33.963,9.862],[33.963,9.869],[33.957,9.891],[33.95,9.911],[33.946,9.941],[33.957,10.007],[33.958,10.028],[33.957,10.054],[33.952,10.071],[33.907,10.181],[33.892,10.199],[33.459,10.551],[33.38,10.646],[33.371,10.653],[33.361,10.658],[33.141,10.738],[33.13,10.746],[33.131,10.758],[33.138,10.773],[33.165,10.819],[33.168,10.831],[33.172,10.85],[33.073,11.592],[33.073,11.606],[33.078,11.616],[33.082,11.622],[33.095,11.637],[33.106,11.654],[33.119,11.682],[33.122,11.693],[33.136,11.826],[33.135,11.942],[33.193,12.135],[33.199,12.217],[32.722,12.223],[32.719,12.219],[32.719,12.214],[32.72,12.208],[32.721,12.202],[32.72,12.189],[32.716,12.165],[32.715,12.152],[32.716,12.139],[32.723,12.093],[32.736,12.058],[32.738,12.046],[32.738,12.034],[32.737,12.01],[32.072,12.007],[32.335,11.716],[32.338,11.71],[32.343,11.694],[32.345,11.683],[32.35,11.58],[32.336,11.419],[32.339,11.315],[32.354,11.247],[32.425,11.114],[32.421,11.089],[32.404,11.058],[31.933,10.662],[31.92,10.644],[31.854,10.479],[31.792,10.383],[31.764,10.356],[31.655,10.221],[31.225,9.799],[31.154,9.771],[30.94,9.759],[30.827,9.756],[30.814,9.753],[30.795,9.746],[30.783,9.735],[30.769,9.727],[30.755,9.731],[30.739,9.743],[30.475,9.979],[30.003,10.277],[29.958,10.25],[29.691,10.122],[29.636,10.089],[29.605,10.065],[29.604,9.921],[29.557,9.848],[29.473,9.769],[29.242,9.718],[29.122,9.675],[29.0,9.61],[28.98,9.594],[28.98,9.594],[28.932,9.549],[28.839,9.459],[28.829,9.389],[28.845,9.326],[28.049,9.329],[27.996,9.379],[27.886,9.6],[27.881,9.602],[27.8,9.588],[27.074,9.614],[26.971,9.591],[26.763,9.499],[26.659,9.484],[26.551,9.526],[26.17,9.966],[26.087,10.018],[26.057,10.047],[26.001,10.123],[25.919,10.169],[25.892,10.203],[25.883,10.25],[25.885,10.346],[25.858,10.406],[25.798,10.421],[25.285,10.319],[25.212,10.33],[25.104,10.312],[25.067,10.294],[25.024,10.236],[25.015,10.176],[25.016,10.115],[25.003,10.055],[24.964,9.989],[24.818,9.84],[24.785,9.775],[24.792,9.61],[24.783,9.527],[24.76,9.489],[24.697,9.426],[24.674,9.389],[24.663,9.338],[24.659,9.23],[24.648,9.179],[24.568,9.052],[24.549,9.007],[24.545,8.915],[24.532,8.887],[24.3,8.814],[24.214,8.768],[24.16,8.696],[24.147,8.666],[24.048,8.691],[23.922,8.71],[23.679,8.732],[23.583,8.766],[23.537,8.816],[23.552,8.943],[23.528,8.971],[23.489,8.993],[23.463,9.048],[23.468,9.115],[23.596,9.262],[23.623,9.341],[23.643,9.614],[23.656,9.71],[23.646,9.823],[23.545,10.03],[23.457,10.174],[23.312,10.388],[23.256,10.458],[22.964,10.752],[22.931,10.795],[22.86,10.92],[22.895,11.029],[22.938,11.192],[22.943,11.267],[22.923,11.345],[22.849,11.403],[22.783,11.41],[22.754,11.44],[22.697,11.483],[22.641,11.516],[22.591,11.58],[22.556,11.67],[22.581,11.99],[22.564,12.033],[22.49,12.045],[22.472,12.068],[22.475,12.129],[22.435,12.312],[22.39,12.463],[22.414,12.546],[22.352,12.66],[22.233,12.709],[22.121,12.695],[22.001,12.672],[21.928,12.678],[21.878,12.699],[21.843,12.741],[21.825,12.791],[21.842,12.865],[21.908,13.001],[21.99,13.113],[22.158,13.215],[22.203,13.269],[22.228,13.33],[22.233,13.399],[22.221,13.472],[22.202,13.538],[22.153,13.626],[22.108,13.73],[22.106,13.8],[22.128,13.85],[22.173,13.911],[22.262,13.979],[22.283,13.992],[22.339,14.029],[22.388,14.056],[22.51,14.127],[22.539,14.162],[22.528,14.203],[22.498,14.237],[22.449,14.284],[22.439,14.342],[22.425,14.441],[22.4,14.504],[22.382,14.55],[22.416,14.585],[22.468,14.633],[22.532,14.663],[22.632,14.688],[22.671,14.722],[22.682,14.789],[22.679,14.851],[22.715,14.898],[22.763,14.999],[22.802,15.044],[22.867,15.097],[22.932,15.162],[22.961,15.238],[22.97,15.311],[22.934,15.533],[23.009,15.626],[23.105,15.703],[23.243,15.697],[23.458,15.714],[23.604,15.746],[23.708,15.745],[23.946,15.704],[23.965,15.713],[23.971,15.722],[23.983,15.78],[23.983,15.928],[23.983,16.374],[23.983,16.82],[23.982,17.266],[23.982,17.712],[23.981,18.158],[23.981,18.605],[23.981,19.051],[23.98,19.497],[23.98,19.621],[23.98,19.746],[23.98,19.871],[23.98,19.996],[24.227,19.996],[24.474,19.996],[24.72,19.996],[24.967,19.995],[24.97,19.997],[24.973,19.999],[24.976,20.001],[24.979,20.003],[24.98,20.501],[24.98,20.999],[24.98,21.498],[24.98,21.996],[25.362,21.996],[25.744,21.996],[26.126,21.996],[26.508,21.996],[26.89,21.996],[27.272,21.996],[27.654,21.995],[28.036,21.995],[28.419,21.995],[28.801,21.995],[29.183,21.995],[29.565,21.995],[29.947,21.995],[30.329,21.995],[30.711,21.995],[31.093,21.995],[31.209,21.995],[31.261,22.002],[31.358,22.189],[31.4,22.202],[31.464,22.192],[31.486,22.148],[31.466,22.085],[31.434,21.996],[31.622,21.996],[31.95,21.996],[32.278,21.996],[32.606,21.996],[32.934,21.996],[33.262,21.996],[33.59,21.996],[33.918,21.996],[34.246,21.996],[34.575,21.996],[34.903,21.996],[35.231,21.996],[35.559,21.996],[35.887,21.997],[36.215,21.997],[36.543,21.997],[36.871,21.997],[36.883,21.769],[36.927,21.587],[37.081,21.326],[37.212,21.186],[37.259,21.109],[37.263,21.073],[37.257,21.039],[37.217,21.078],[37.151,21.104],[37.141,20.982],[37.157,20.895],[37.173,20.732],[37.228,20.557],[37.188,20.395],[37.193,20.121],[37.263,19.792],[37.248,19.582],[37.362,19.092],[37.471,18.82],[37.532,18.753],[37.599,18.717],[37.73,18.694],[37.922,18.556],[38.074,18.41],[38.128,18.333],[38.202,18.249],[38.252,18.264],[38.283,18.287],[38.333,18.219],[38.574,18.073],[38.609,18.005],[38.523,17.939],[38.422,17.824],[38.397,17.778],[38.386,17.751],[38.374,17.717],[38.347,17.684],[38.29,17.637],[38.267,17.617],[38.254,17.585],[38.219,17.564],[38.182,17.563],[38.149,17.549],[38.099,17.526],[38.025,17.538],[37.95,17.518],[37.923,17.492],[37.863,17.47],[37.803,17.466],[37.782,17.458],[37.726,17.421],[37.657,17.368],[37.576,17.335],[37.547,17.324],[37.51,17.288],[37.453,17.109],[37.411,17.062],[37.34,17.057],[37.249,17.057],[37.17,17.041],[37.062,17.061],[37.009,17.059],[36.995,17.021],[36.976,16.867],[36.979,16.801],[36.936,16.722],[36.888,16.625],[36.905,16.46],[36.914,16.296],[36.826,16.05],[36.813,15.994],[36.725,15.799],[36.679,15.726],[36.566,15.362],[36.522,15.25],[36.427,15.132],[36.448,14.94],[36.471,14.736],[36.492,14.544],[36.524,14.257],[36.444,13.988],[36.447,13.842],[36.391,13.626],[36.346,13.526],[36.307,13.467],[36.274,13.406],[36.212,13.271],[36.16,13.093],[36.137,12.911],[36.135,12.805],[36.125,12.757],[36.108,12.726],[35.988,12.706],[35.821,12.685],[35.731,12.661],[35.67,12.624],[35.596,12.537],[35.45,12.301],[35.373,12.156],[35.252,11.957],[35.112,11.817],[35.083,11.748],[35.06,11.621],[35.008,11.42],[34.961,11.277],[34.969,11.162],[34.925,10.962],[34.931,10.865],[34.882,10.811],[34.816,10.759],[34.771,10.746],[34.675,10.805],[34.602,10.865],[34.572,10.88],[34.508,10.843],[34.431,10.788],[34.344,10.659],[34.276,10.528],[34.315,10.252],[34.311,10.191],[34.292,10.125],[34.185,9.919],[34.159,9.853],[34.12,9.73],[34.079,9.513],[34.078,9.462]]]}},{"type":"Feature","properties":{"code":"LKA","name":"Sri Lanka","continent":"Asia"},"geometry":{"type":"MultiPolygon","coordinates":[[[[79.97,9.631],[79.907,9.62],[79.857,9.686],[79.846,9.715],[79.859,9.734],[79.872,9.744],[79.888,9.741],[79.912,9.679],[79.97,9.631]]],[[[79.875,9.051],[79.904,8.975],[79.821,9.027],[79.767,9.07],[79.748,9.105],[79.86,9.066],[79.875,9.051]]],[[[79.982,9.813],[80.078,9.807],[80.181,9.81],[80.253,9.796],[80.376,9.642],[80.711,9.366],[80.893,9.086],[80.91,9.025],[80.935,8.971],[80.979,8.957],[81.016,8.933],[81.198,8.662],[81.219,8.608],[81.216,8.549],[81.227,8.506],[81.275,8.484],[81.334,8.472],[81.373,8.431],[81.422,8.215],[81.422,8.148],[81.436,8.119],[81.665,7.782],[81.679,7.742],[81.676,7.711],[81.683,7.684],[81.727,7.625],[81.797,7.465],[81.832,7.428],[81.874,7.288],[81.877,7.02],[81.861,6.901],[81.819,6.756],[81.768,6.614],[81.713,6.512],[81.637,6.425],[81.38,6.241],[81.306,6.204],[80.971,6.088],[80.724,5.979],[80.496,5.949],[80.267,6.01],[80.095,6.153],[80.007,6.364],[79.947,6.585],[79.859,6.829],[79.792,7.585],[79.76,7.796],[79.708,8.066],[79.713,8.182],[79.75,8.294],[79.75,8.049],[79.783,8.018],[79.809,8.05],[79.832,8.304],[79.851,8.412],[79.942,8.692],[79.944,8.741],[79.928,8.846],[79.929,8.899],[80.065,9.096],[80.1,9.21],[80.118,9.327],[80.111,9.453],[80.086,9.578],[80.196,9.538],[80.256,9.495],[80.318,9.465],[80.368,9.48],[80.428,9.481],[80.385,9.549],[80.258,9.611],[80.046,9.65],[79.979,9.699],[79.954,9.742],[79.967,9.793],[79.982,9.813]]]]}},{"type":"Feature","properties":{"code":"KOR","name":"South Korea","continent":"Asia"},"geometry":{"type":"MultiPolygon","coordinates":[[[[126.634,37.782],[126.665,37.801],[126.667,37.828],[126.667,37.917],[126.754,37.979],[126.879,38.106],[126.94,38.176],[127.01,38.241],[127.09,38.284],[127.17,38.305],[127.294,38.313],[127.533,38.305],[127.579,38.312],[127.746,38.319],[127.785,38.308],[127.905,38.3],[128.039,38.309],[128.106,38.327],[128.169,38.359],[128.223,38.417],[128.279,38.524],[128.339,38.608],[128.375,38.623],[128.619,38.176],[128.852,37.887],[129.052,37.678],[129.335,37.275],[129.418,37.059],[129.426,36.926],[129.473,36.742],[129.433,36.637],[129.445,36.471],[129.427,36.385],[129.393,36.323],[129.391,36.202],[129.402,36.138],[129.404,36.052],[129.426,36.019],[129.458,36.006],[129.51,36.038],[129.573,36.051],[129.562,35.948],[129.485,35.687],[129.419,35.498],[129.329,35.333],[129.214,35.182],[129.077,35.123],[128.98,35.102],[128.796,35.094],[128.643,35.12],[128.511,35.101],[128.458,35.069],[128.419,35.016],[128.448,34.932],[128.444,34.87],[128.388,34.875],[128.276,34.911],[128.152,34.916],[128.095,34.934],[128.036,35.022],[127.977,35.019],[127.873,34.966],[127.715,34.955],[127.659,34.926],[127.639,34.89],[127.662,34.843],[127.742,34.783],[127.715,34.721],[127.632,34.69],[127.565,34.766],[127.524,34.84],[127.477,34.844],[127.404,34.823],[127.39,34.743],[127.423,34.688],[127.479,34.625],[127.401,34.553],[127.381,34.501],[127.325,34.463],[127.173,34.546],[127.195,34.605],[127.261,34.662],[127.269,34.72],[127.247,34.755],[127.031,34.607],[126.897,34.439],[126.826,34.451],[126.796,34.494],[126.755,34.512],[126.611,34.404],[126.584,34.318],[126.531,34.314],[126.508,34.351],[126.506,34.428],[126.482,34.494],[126.333,34.59],[126.264,34.673],[126.301,34.72],[126.426,34.695],[126.525,34.698],[126.505,34.738],[126.473,34.756],[126.539,34.779],[126.593,34.824],[126.548,34.837],[126.479,34.81],[126.421,34.823],[126.398,34.933],[126.327,35.045],[126.291,35.154],[126.361,35.217],[126.396,35.314],[126.46,35.456],[126.493,35.501],[126.582,35.534],[126.614,35.571],[126.565,35.59],[126.487,35.606],[126.488,35.647],[126.542,35.669],[126.602,35.714],[126.717,35.769],[126.753,35.872],[126.72,35.898],[126.647,35.922],[126.664,35.975],[126.693,36.014],[126.682,36.038],[126.597,36.105],[126.54,36.166],[126.557,36.236],[126.544,36.341],[126.552,36.43],[126.548,36.478],[126.507,36.586],[126.488,36.694],[126.433,36.678],[126.389,36.651],[126.231,36.689],[126.181,36.692],[126.161,36.772],[126.217,36.871],[126.352,36.958],[126.429,36.969],[126.487,37.007],[126.578,37.02],[126.687,36.96],[126.784,36.948],[126.839,36.846],[126.872,36.824],[126.879,36.862],[126.958,36.906],[126.977,36.939],[126.96,36.958],[126.869,36.976],[126.787,37.103],[126.776,37.158],[126.746,37.194],[126.791,37.295],[126.696,37.411],[126.65,37.447],[126.657,37.551],[126.608,37.617],[126.58,37.654],[126.563,37.717],[126.578,37.745],[126.621,37.755],[126.634,37.782]]],[[[128.741,34.799],[128.647,34.737],[128.52,34.82],[128.489,34.865],[128.586,34.932],[128.668,35.009],[128.722,35.014],[128.741,34.799]]],[[[128.066,34.806],[128.055,34.708],[127.984,34.703],[127.942,34.766],[127.897,34.735],[127.873,34.735],[127.838,34.813],[127.832,34.875],[127.915,34.921],[127.966,34.893],[128.038,34.879],[128.066,34.806]]],[[[126.234,34.371],[126.17,34.355],[126.134,34.39],[126.109,34.399],[126.123,34.444],[126.227,34.533],[126.247,34.563],[126.344,34.545],[126.38,34.498],[126.335,34.426],[126.234,34.371]]],[[[126.521,37.737],[126.516,37.605],[126.461,37.61],[126.423,37.624],[126.407,37.649],[126.369,37.772],[126.412,37.823],[126.494,37.783],[126.521,37.737]]],[[[126.753,34.344],[126.77,34.296],[126.689,34.305],[126.646,34.351],[126.652,34.39],[126.7,34.396],[126.753,34.344]]],[[[127.799,34.615],[127.788,34.584],[127.737,34.631],[127.787,34.682],[127.799,34.615]]],[[[126.418,36.493],[126.404,36.428],[126.338,36.471],[126.319,36.613],[126.387,36.571],[126.418,36.493]]],[[[126.172,34.731],[126.159,34.707],[126.115,34.714],[126.071,34.783],[126.052,34.838],[126.008,34.867],[126.078,34.915],[126.169,34.83],[126.172,34.731]]],[[[130.916,37.478],[130.871,37.449],[130.817,37.478],[130.81,37.51],[130.838,37.537],[130.904,37.554],[130.934,37.53],[130.916,37.478]]],[[[126.327,33.224],[126.282,33.202],[126.24,33.215],[126.229,33.225],[126.179,33.283],[126.166,33.312],[126.199,33.368],[126.338,33.46],[126.696,33.549],[126.76,33.553],[126.901,33.515],[126.931,33.444],[126.905,33.382],[126.873,33.341],[126.709,33.272],[126.582,33.238],[126.327,33.224]]]]}},{"type":"Feature","properties":{"code":"ZAF","name":"South Africa","continent":"Africa"},"geometry":{"type":"MultiPolygon","coordinates":[[[[29.365,-22.194],[29.377,-22.193],[29.663,-22.146],[29.902,-22.184],[30.19,-22.291],[30.46,-22.329],[30.712,-22.298],[30.916,-22.291],[31.073,-22.308],[31.197,-22.345],[31.288,-22.402],[31.293,-22.455],[31.3,-22.479],[31.348,-22.618],[31.419,-22.825],[31.467,-23.017],[31.532,-23.279],[31.53,-23.426],[31.546,-23.482],[31.604,-23.553],[31.676,-23.674],[31.7,-23.743],[31.724,-23.795],[31.8,-23.892],[31.858,-24.04],[31.908,-24.236],[31.951,-24.33],[31.967,-24.376],[31.986,-24.461],[31.983,-24.638],[31.984,-24.844],[31.986,-25.074],[31.987,-25.263],[31.979,-25.359],[31.985,-25.632],[31.92,-25.774],[31.928,-25.885],[31.948,-25.958],[31.922,-25.969],[31.871,-25.982],[31.64,-25.867],[31.415,-25.747],[31.383,-25.743],[31.335,-25.756],[31.207,-25.843],[31.088,-25.981],[31.033,-26.098],[30.945,-26.219],[30.803,-26.413],[30.789,-26.455],[30.788,-26.614],[30.794,-26.764],[30.807,-26.785],[30.883,-26.792],[30.938,-26.916],[31.063,-27.112],[31.274,-27.238],[31.47,-27.296],[31.743,-27.31],[31.958,-27.306],[31.946,-27.174],[31.967,-26.961],[31.995,-26.817],[32.025,-26.811],[32.082,-26.825],[32.113,-26.839],[32.2,-26.833],[32.354,-26.862],[32.478,-26.858],[32.589,-26.856],[32.777,-26.851],[32.886,-26.849],[32.849,-27.08],[32.706,-27.442],[32.657,-27.607],[32.535,-28.2],[32.375,-28.498],[32.286,-28.621],[32.027,-28.84],[31.955,-28.884],[31.892,-28.912],[31.778,-28.937],[31.335,-29.378],[31.17,-29.591],[31.023,-29.901],[30.878,-30.071],[30.664,-30.434],[30.472,-30.715],[30.289,-30.97],[29.971,-31.322],[29.83,-31.424],[29.735,-31.47],[29.483,-31.675],[29.128,-32.003],[28.856,-32.294],[28.449,-32.625],[28.214,-32.769],[27.861,-33.054],[27.762,-33.096],[27.364,-33.361],[27.077,-33.521],[26.614,-33.707],[26.429,-33.76],[25.99,-33.711],[25.806,-33.737],[25.652,-33.85],[25.638,-34.011],[25.574,-34.035],[25.477,-34.028],[25.17,-33.961],[25.003,-33.974],[24.906,-34.06],[24.827,-34.169],[24.596,-34.175],[24.183,-34.062],[23.698,-33.993],[23.586,-33.985],[23.35,-34.069],[23.268,-34.081],[22.926,-34.063],[22.736,-34.01],[22.554,-34.01],[22.414,-34.054],[22.246,-34.069],[21.789,-34.373],[21.553,-34.373],[21.35,-34.408],[21.249,-34.407],[21.06,-34.365],[20.99,-34.367],[20.882,-34.387],[20.775,-34.44],[20.53,-34.463],[20.435,-34.509],[20.021,-34.786],[19.926,-34.775],[19.85,-34.757],[19.635,-34.753],[19.392,-34.606],[19.298,-34.615],[19.323,-34.571],[19.331,-34.492],[19.279,-34.437],[19.245,-34.412],[19.149,-34.417],[19.098,-34.35],[18.952,-34.344],[18.902,-34.361],[18.831,-34.364],[18.825,-34.296],[18.831,-34.254],[18.826,-34.188],[18.809,-34.108],[18.752,-34.083],[18.709,-34.072],[18.605,-34.077],[18.534,-34.086],[18.5,-34.109],[18.462,-34.168],[18.462,-34.347],[18.41,-34.296],[18.352,-34.188],[18.333,-34.074],[18.354,-33.939],[18.465,-33.888],[18.456,-33.796],[18.433,-33.717],[18.309,-33.514],[18.261,-33.422],[18.156,-33.359],[18.075,-33.207],[17.993,-33.152],[17.958,-33.046],[17.878,-32.962],[17.851,-32.827],[17.895,-32.75],[17.965,-32.709],[18.037,-32.775],[18.125,-32.749],[18.251,-32.652],[18.325,-32.505],[18.33,-32.27],[18.311,-32.122],[18.211,-31.742],[18.164,-31.655],[17.939,-31.383],[17.677,-31.019],[17.347,-30.445],[17.189,-30.1],[16.95,-29.403],[16.739,-29.009],[16.481,-28.642],[16.448,-28.618],[16.487,-28.573],[16.626,-28.488],[16.689,-28.465],[16.723,-28.475],[16.756,-28.452],[16.788,-28.395],[16.795,-28.341],[16.81,-28.265],[16.841,-28.219],[16.875,-28.128],[16.933,-28.07],[17.056,-28.031],[17.149,-28.082],[17.188,-28.133],[17.205,-28.199],[17.246,-28.231],[17.312,-28.229],[17.359,-28.269],[17.386,-28.353],[17.38,-28.414],[17.343,-28.452],[17.348,-28.501],[17.396,-28.563],[17.416,-28.621],[17.448,-28.698],[17.617,-28.743],[17.699,-28.768],[17.842,-28.777],[17.976,-28.811],[18.103,-28.872],[18.311,-28.886],[18.6,-28.855],[18.839,-28.869],[19.026,-28.928],[19.162,-28.939],[19.246,-28.902],[19.282,-28.848],[19.271,-28.778],[19.313,-28.733],[19.407,-28.714],[19.483,-28.662],[19.54,-28.575],[19.671,-28.504],[19.878,-28.449],[19.98,-28.451],[19.98,-28.31],[19.98,-27.866],[19.98,-27.421],[19.98,-26.976],[19.98,-26.531],[19.98,-26.086],[19.98,-25.642],[19.98,-25.197],[19.98,-24.777],[20.029,-24.807],[20.345,-25.03],[20.431,-25.147],[20.473,-25.221],[20.609,-25.491],[20.711,-25.733],[20.793,-25.916],[20.799,-25.999],[20.811,-26.081],[20.823,-26.121],[20.815,-26.165],[20.757,-26.264],[20.698,-26.34],[20.627,-26.444],[20.62,-26.581],[20.641,-26.742],[20.685,-26.822],[20.74,-26.849],[20.871,-26.809],[20.954,-26.821],[21.071,-26.852],[21.455,-26.833],[21.501,-26.843],[21.646,-26.854],[21.695,-26.841],[21.738,-26.807],[21.788,-26.71],[21.833,-26.678],[21.915,-26.662],[22.011,-26.636],[22.091,-26.58],[22.218,-26.389],[22.471,-26.219],[22.549,-26.178],[22.598,-26.133],[22.64,-26.071],[22.729,-25.857],[22.796,-25.679],[22.819,-25.595],[22.879,-25.458],[22.951,-25.37],[23.022,-25.324],[23.058,-25.312],[23.149,-25.289],[23.266,-25.267],[23.389,-25.291],[23.521,-25.344],[23.671,-25.434],[23.823,-25.545],[23.894,-25.601],[23.97,-25.626],[24.104,-25.635],[24.193,-25.633],[24.331,-25.743],[24.4,-25.75],[24.556,-25.783],[24.748,-25.817],[24.869,-25.813],[24.999,-25.754],[25.092,-25.751],[25.213,-25.756],[25.346,-25.74],[25.444,-25.714],[25.518,-25.663],[25.584,-25.606],[25.659,-25.438],[25.703,-25.302],[25.77,-25.146],[25.852,-24.935],[25.882,-24.788],[25.912,-24.747],[26.032,-24.702],[26.131,-24.671],[26.397,-24.614],[26.452,-24.583],[26.502,-24.513],[26.618,-24.396],[26.761,-24.297],[26.835,-24.241],[26.971,-23.763],[26.987,-23.705],[27.086,-23.578],[27.146,-23.524],[27.186,-23.523],[27.241,-23.49],[27.313,-23.424],[27.399,-23.384],[27.499,-23.368],[27.563,-23.325],[27.593,-23.253],[27.644,-23.218],[27.717,-23.22],[27.758,-23.197],[27.769,-23.149],[27.813,-23.108],[27.891,-23.074],[27.931,-23.034],[27.935,-22.987],[28.028,-22.874],[28.21,-22.694],[28.382,-22.593],[28.543,-22.573],[28.696,-22.535],[28.84,-22.481],[28.946,-22.395],[29.013,-22.278],[29.13,-22.213],[29.365,-22.194]],[[28.737,-30.102],[28.901,-30.038],[28.975,-29.999],[29.029,-29.968],[29.098,-29.919],[29.122,-29.801],[29.142,-29.701],[29.195,-29.652],[29.249,-29.619],[29.294,-29.567],[29.349,-29.442],[29.387,-29.32],[29.391,-29.27],[29.371,-29.218],[29.336,-29.164],[29.301,-29.09],[29.26,-29.078],[29.178,-29.037],[29.058,-28.954],[28.954,-28.881],[28.856,-28.776],[28.816,-28.759],[28.722,-28.688],[28.681,-28.647],[28.653,-28.598],[28.626,-28.582],[28.583,-28.594],[28.472,-28.616],[28.233,-28.701],[28.084,-28.78],[27.96,-28.873],[27.83,-28.909],[27.736,-28.94],[27.66,-29.047],[27.59,-29.146],[27.527,-29.236],[27.491,-29.277],[27.458,-29.303],[27.425,-29.36],[27.357,-29.455],[27.295,-29.519],[27.207,-29.554],[27.095,-29.599],[27.057,-29.626],[27.052,-29.664],[27.092,-29.754],[27.13,-29.84],[27.194,-29.941],[27.24,-30.015],[27.313,-30.106],[27.355,-30.159],[27.35,-30.247],[27.364,-30.279],[27.388,-30.316],[27.409,-30.325],[27.431,-30.338],[27.492,-30.364],[27.507,-30.381],[27.549,-30.411],[27.59,-30.466],[27.667,-30.542],[27.753,-30.6],[27.902,-30.624],[28.018,-30.642],[28.057,-30.631],[28.096,-30.585],[28.129,-30.525],[28.139,-30.45],[28.176,-30.41],[28.315,-30.218],[28.392,-30.148],[28.439,-30.142],[28.5,-30.129],[28.577,-30.123],[28.634,-30.129],[28.647,-30.127],[28.737,-30.102]]],[[[37.857,-46.944],[37.814,-46.963],[37.612,-46.946],[37.59,-46.908],[37.65,-46.849],[37.685,-46.824],[37.79,-46.837],[37.873,-46.885],[37.888,-46.902],[37.857,-46.944]]]]}},{"type":"Feature","properties":{"code":"SOM","name":"Somalia","continent":"Africa"},"geometry":{"type":"Polygon","coordinates":[[[41.533,-1.695],[41.538,-1.613],[41.522,-1.572],[41.427,-1.45],[41.25,-1.221],[41.116,-1.047],[40.979,-0.87],[40.978,-0.729],[40.977,-0.307],[40.973,0.535],[40.97,1.378],[40.967,2.221],[40.965,2.642],[40.964,2.815],[40.979,2.842],[41.135,2.997],[41.342,3.202],[41.613,3.59],[41.761,3.802],[41.884,3.978],[41.915,4.031],[42.024,4.138],[42.228,4.202],[42.355,4.212],[42.792,4.292],[42.857,4.324],[42.895,4.361],[42.931,4.445],[43.016,4.563],[43.126,4.644],[43.334,4.75],[43.538,4.84],[43.583,4.855],[43.829,4.911],[43.889,4.931],[43.989,4.951],[44.028,4.951],[44.37,4.931],[44.637,4.916],[44.912,4.9],[44.941,4.912],[45.133,5.122],[45.438,5.455],[45.634,5.668],[45.935,5.997],[46.167,6.235],[46.423,6.497],[46.672,6.737],[46.971,7.026],[47.16,7.208],[47.453,7.49],[47.732,7.759],[47.978,7.997],[48.127,8.222],[48.273,8.443],[48.429,8.68],[48.617,8.965],[48.794,9.233],[48.938,9.452],[48.938,9.564],[48.938,9.808],[48.938,9.973],[48.938,10.433],[48.938,10.714],[48.938,10.982],[48.939,11.258],[49.062,11.271],[49.388,11.343],[49.642,11.451],[50.11,11.529],[50.466,11.728],[50.528,11.823],[50.636,11.944],[50.792,11.984],[51.191,11.842],[51.255,11.831],[51.232,11.745],[51.218,11.658],[51.136,11.505],[51.084,11.336],[51.122,11.077],[51.141,10.657],[51.131,10.596],[51.105,10.536],[51.094,10.489],[51.051,10.472],[51.032,10.445],[51.063,10.434],[51.188,10.48],[51.186,10.53],[51.193,10.555],[51.296,10.499],[51.369,10.475],[51.39,10.423],[51.385,10.387],[51.268,10.403],[51.209,10.431],[51.036,10.385],[50.93,10.336],[50.898,10.253],[50.874,9.924],[50.833,9.71],[50.825,9.428],[50.685,9.241],[50.638,9.109],[50.43,8.845],[50.321,8.62],[50.286,8.509],[50.103,8.2],[49.852,7.963],[49.761,7.66],[49.671,7.47],[49.57,7.297],[49.349,6.991],[49.235,6.777],[49.093,6.408],[49.049,6.174],[48.649,5.494],[48.234,4.953],[47.975,4.497],[47.511,3.968],[46.879,3.286],[46.051,2.475],[45.826,2.31],[44.92,1.81],[44.333,1.391],[44.033,1.106],[43.718,0.858],[43.468,0.622],[42.712,-0.176],[42.634,-0.251],[42.561,-0.321],[42.466,-0.457],[42.399,-0.51],[42.219,-0.738],[42.106,-0.856],[41.98,-0.973],[41.926,-1.056],[41.888,-1.151],[41.846,-1.203],[41.732,-1.43],[41.632,-1.579],[41.533,-1.695]]]}},{"type":"Feature","properties":{"code":"SOL","name":"Somaliland","continent":"Africa"},"geometry":{"type":"Polygon","coordinates":[[[48.939,11.258],[48.938,10.982],[48.938,10.714],[48.938,10.433],[48.938,9.973],[48.938,9.808],[48.938,9.564],[48.938,9.452],[48.794,9.233],[48.617,8.965],[48.429,8.68],[48.273,8.443],[48.127,8.222],[47.978,7.997],[47.638,7.997],[47.306,7.997],[46.978,7.997],[46.92,8.026],[46.645,8.118],[46.296,8.235],[45.863,8.38],[45.555,8.483],[45.227,8.591],[44.894,8.7],[44.632,8.786],[44.306,8.893],[44.023,8.986],[43.984,9.009],[43.827,9.151],[43.621,9.337],[43.581,9.341],[43.483,9.379],[43.394,9.48],[43.303,9.609],[43.218,9.77],[43.182,9.88],[43.069,9.926],[43.015,10.013],[42.913,10.141],[42.842,10.203],[42.816,10.257],[42.784,10.37],[42.725,10.492],[42.669,10.568],[42.656,10.6],[42.66,10.621],[42.763,10.787],[42.81,10.846],[42.863,10.903],[42.906,10.96],[42.923,10.999],[43.049,11.194],[43.159,11.366],[43.246,11.5],[43.441,11.346],[43.631,11.035],[43.853,10.784],[44.158,10.551],[44.279,10.472],[44.387,10.43],[44.943,10.437],[45.338,10.65],[45.696,10.804],[45.817,10.836],[46.025,10.794],[46.254,10.781],[46.46,10.734],[46.565,10.746],[46.973,10.925],[47.23,11.1],[47.405,11.174],[47.474,11.175],[47.712,11.112],[48.019,11.139],[48.439,11.29],[48.573,11.321],[48.674,11.323],[48.903,11.255],[48.939,11.258]]]}},{"type":"Feature","properties":{"code":"SGP","name":"Singapore","continent":"Asia"},"geometry":{"type":"Polygon","coordinates":[[[103.97,1.331],[103.82,1.265],[103.65,1.326],[103.705,1.423],[103.818,1.447],[103.909,1.416],[103.961,1.392],[103.996,1.365],[103.97,1.331]]]}},{"type":"Feature","properties":{"code":"SLE","name":"Sierra Leone","continent":"Africa"},"geometry":{"type":"MultiPolygon","coordinates":[[[[-10.283,8.485],[-10.286,8.454],[-10.315,8.311],[-10.36,8.188],[-10.39,8.158],[-10.517,8.125],[-10.571,8.071],[-10.618,7.896],[-10.647,7.759],[-10.691,7.736],[-10.878,7.538],[-11.0,7.463],[-11.085,7.399],[-11.166,7.314],[-11.268,7.233],[-11.377,7.095],[-11.455,6.951],[-11.508,6.907],[-11.548,6.947],[-11.733,7.089],[-11.929,7.184],[-12.347,7.342],[-12.486,7.386],[-12.481,7.442],[-12.433,7.545],[-12.51,7.666],[-12.48,7.753],[-12.51,7.753],[-12.57,7.701],[-12.698,7.716],[-12.782,7.791],[-12.851,7.819],[-12.881,7.857],[-12.925,8.055],[-12.957,8.145],[-13.021,8.201],[-13.149,8.215],[-13.202,8.336],[-13.273,8.43],[-13.261,8.488],[-13.203,8.484],[-13.158,8.442],[-13.085,8.425],[-12.994,8.526],[-12.913,8.582],[-12.894,8.63],[-12.904,8.656],[-12.953,8.615],[-13.088,8.626],[-13.122,8.589],[-13.182,8.577],[-13.228,8.696],[-13.226,8.766],[-13.207,8.843],[-13.071,8.856],[-13.059,8.881],[-13.154,8.898],[-13.272,8.987],[-13.293,9.049],[-13.234,9.07],[-13.178,9.061],[-13.13,9.048],[-13.077,9.07],[-13.028,9.104],[-12.999,9.147],[-12.959,9.263],[-12.831,9.302],[-12.756,9.374],[-12.684,9.484],[-12.652,9.562],[-12.622,9.601],[-12.604,9.634],[-12.59,9.671],[-12.558,9.705],[-12.524,9.787],[-12.501,9.862],[-12.428,9.898],[-12.278,9.93],[-12.142,9.875],[-11.923,9.923],[-11.911,9.993],[-11.71,9.994],[-11.472,9.995],[-11.274,9.997],[-11.206,9.978],[-11.181,9.925],[-11.116,9.843],[-11.047,9.786],[-10.963,9.662],[-10.865,9.516],[-10.759,9.385],[-10.691,9.314],[-10.683,9.289],[-10.688,9.261],[-10.721,9.194],[-10.75,9.122],[-10.747,9.095],[-10.727,9.082],[-10.616,9.059],[-10.606,8.979],[-10.606,8.868],[-10.552,8.764],[-10.501,8.688],[-10.503,8.66],[-10.628,8.53],[-10.677,8.401],[-10.702,8.364],[-10.712,8.335],[-10.687,8.322],[-10.653,8.33],[-10.604,8.319],[-10.558,8.316],[-10.496,8.362],[-10.394,8.481],[-10.36,8.496],[-10.283,8.485]]],[[[-12.526,7.436],[-12.541,7.41],[-12.607,7.475],[-12.952,7.571],[-12.854,7.622],[-12.615,7.637],[-12.544,7.607],[-12.512,7.582],[-12.501,7.535],[-12.526,7.436]]]]}},{"type":"Feature","properties":{"code":"SEN","name":"Senegal","continent":"Africa"},"geometry":{"type":"Polygon","coordinates":[[[-12.281,14.809],[-12.187,14.648],[-12.207,14.571],[-12.228,14.459],[-12.175,14.377],[-12.113,14.323],[-12.068,14.274],[-12.019,14.206],[-12.011,14.072],[-12.02,13.975],[-11.988,13.931],[-11.961,13.875],[-11.966,13.829],[-11.984,13.788],[-12.044,13.734],[-12.054,13.633],[-11.957,13.511],[-11.895,13.444],[-11.895,13.406],[-11.878,13.365],[-11.832,13.316],[-11.803,13.327],[-11.772,13.367],[-11.758,13.395],[-11.674,13.382],[-11.635,13.37],[-11.581,13.29],[-11.562,13.237],[-11.549,13.17],[-11.493,13.087],[-11.444,13.028],[-11.434,12.992],[-11.39,12.942],[-11.417,12.832],[-11.414,12.775],[-11.444,12.628],[-11.451,12.558],[-11.449,12.532],[-11.382,12.479],[-11.389,12.404],[-11.457,12.418],[-11.574,12.426],[-11.808,12.387],[-11.889,12.403],[-12.042,12.398],[-12.152,12.377],[-12.291,12.328],[-12.399,12.34],[-12.457,12.378],[-12.534,12.376],[-12.621,12.396],[-12.713,12.433],[-12.797,12.452],[-12.888,12.52],[-12.931,12.532],[-12.961,12.514],[-12.986,12.492],[-13.012,12.478],[-13.061,12.49],[-13.08,12.536],[-13.064,12.581],[-13.06,12.615],[-13.083,12.634],[-13.138,12.64],[-13.228,12.64],[-13.373,12.654],[-13.406,12.662],[-13.729,12.674],[-14.065,12.675],[-14.349,12.676],[-14.708,12.678],[-14.961,12.679],[-15.196,12.68],[-15.378,12.589],[-15.575,12.49],[-15.84,12.438],[-16.144,12.457],[-16.242,12.443],[-16.342,12.4],[-16.416,12.368],[-16.521,12.349],[-16.657,12.364],[-16.712,12.355],[-16.746,12.4],[-16.785,12.473],[-16.76,12.526],[-16.678,12.56],[-16.553,12.605],[-16.488,12.582],[-16.45,12.581],[-16.443,12.609],[-16.455,12.625],[-16.549,12.664],[-16.598,12.715],[-16.638,12.685],[-16.673,12.622],[-16.701,12.603],[-16.744,12.585],[-16.768,12.628],[-16.778,12.67],[-16.759,12.702],[-16.769,12.883],[-16.757,12.98],[-16.763,13.064],[-16.705,13.12],[-16.649,13.154],[-16.431,13.157],[-16.228,13.16],[-16.033,13.158],[-15.834,13.156],[-15.814,13.325],[-15.752,13.338],[-15.657,13.356],[-15.482,13.376],[-15.286,13.396],[-15.245,13.429],[-15.212,13.485],[-15.192,13.535],[-15.151,13.556],[-15.096,13.54],[-15.025,13.513],[-14.95,13.473],[-14.865,13.435],[-14.808,13.411],[-14.672,13.352],[-14.439,13.269],[-14.247,13.236],[-14.015,13.296],[-13.848,13.335],[-13.827,13.408],[-13.853,13.479],[-13.977,13.543],[-14.147,13.536],[-14.199,13.519],[-14.278,13.497],[-14.326,13.489],[-14.405,13.504],[-14.507,13.56],[-14.571,13.616],[-14.66,13.643],[-14.766,13.669],[-14.936,13.785],[-15.024,13.806],[-15.108,13.812],[-15.27,13.789],[-15.427,13.727],[-15.51,13.586],[-15.667,13.588],[-16.002,13.593],[-16.309,13.597],[-16.562,13.587],[-16.588,13.69],[-16.648,13.771],[-16.745,13.84],[-16.767,13.905],[-16.734,13.961],[-16.64,14.007],[-16.618,14.041],[-16.667,14.036],[-16.742,14.006],[-16.792,14.004],[-16.798,14.093],[-16.881,14.208],[-16.974,14.403],[-17.079,14.483],[-17.168,14.641],[-17.261,14.701],[-17.346,14.729],[-17.418,14.723],[-17.445,14.652],[-17.536,14.755],[-17.412,14.792],[-17.147,14.922],[-16.843,15.294],[-16.571,15.734],[-16.535,15.838],[-16.502,15.917],[-16.48,16.097],[-16.441,16.205],[-16.404,16.225],[-16.358,16.307],[-16.302,16.451],[-16.239,16.531],[-16.168,16.547],[-16.113,16.54],[-16.074,16.51],[-15.959,16.492],[-15.768,16.485],[-15.621,16.507],[-15.517,16.557],[-15.38,16.582],[-15.211,16.583],[-15.121,16.604],[-15.113,16.645],[-15.091,16.657],[-15.055,16.641],[-15.022,16.647],[-14.991,16.677],[-14.96,16.679],[-14.929,16.654],[-14.787,16.646],[-14.534,16.656],[-14.3,16.58],[-14.086,16.419],[-13.975,16.311],[-13.968,16.257],[-13.933,16.203],[-13.868,16.148],[-13.81,16.138],[-13.757,16.173],[-13.715,16.169],[-13.685,16.127],[-13.624,16.118],[-13.556,16.144],[-13.507,16.135],[-13.498,16.11],[-13.487,16.097],[-13.454,16.091],[-13.41,16.059],[-13.348,15.973],[-13.297,15.854],[-13.258,15.7],[-13.206,15.617],[-13.142,15.603],[-13.105,15.572],[-13.098,15.535],[-13.079,15.51],[-13.049,15.497],[-12.994,15.505],[-12.931,15.453],[-12.863,15.34],[-12.852,15.29],[-12.863,15.262],[-12.858,15.243],[-12.813,15.224],[-12.77,15.187],[-12.735,15.131],[-12.66,15.082],[-12.544,15.039],[-12.46,14.975],[-12.409,14.889],[-12.303,14.817],[-12.281,14.809]]]}},{"type":"Feature","properties":{"code":"SAU","name":"Saudi Arabia","continent":"Asia"},"geometry":{"type":"MultiPolygon","coordinates":[[[[36.902,25.383],[36.875,25.383],[36.805,25.451],[36.764,25.501],[36.722,25.534],[36.53,25.602],[36.504,25.645],[36.534,25.689],[36.554,25.645],[36.589,25.62],[36.748,25.559],[36.924,25.426],[36.955,25.415],[36.902,25.383]]],[[[41.988,16.716],[42.065,16.71],[42.033,16.742],[42.026,16.758],[42.06,16.804],[42.17,16.709],[42.167,16.596],[42.158,16.571],[42.128,16.595],[42.108,16.618],[42.102,16.644],[42.072,16.671],[41.964,16.653],[41.897,16.684],[41.802,16.779],[41.776,16.847],[41.816,16.86],[41.858,16.893],[41.885,16.947],[41.86,17.003],[41.917,16.994],[41.948,16.936],[41.954,16.806],[41.962,16.779],[41.947,16.749],[41.988,16.716]]],[[[51.978,18.996],[51.743,18.965],[51.515,18.934],[51.258,18.899],[50.95,18.858],[50.708,18.825],[50.355,18.778],[50.039,18.735],[49.742,18.695],[49.445,18.655],[49.192,18.621],[49.042,18.582],[48.865,18.495],[48.593,18.362],[48.316,18.227],[48.172,18.157],[48.022,17.977],[47.946,17.886],[47.808,17.721],[47.704,17.597],[47.58,17.448],[47.525,17.316],[47.442,17.112],[47.37,17.06],[47.251,16.994],[47.144,16.947],[46.976,16.953],[46.88,17.079],[46.779,17.212],[46.728,17.266],[46.682,17.269],[46.513,17.252],[46.31,17.231],[46.071,17.253],[45.794,17.278],[45.535,17.302],[45.407,17.32],[45.237,17.406],[45.193,17.423],[45.148,17.427],[44.946,17.43],[44.747,17.432],[44.546,17.404],[44.355,17.414],[44.156,17.399],[44.086,17.366],[44.008,17.367],[43.96,17.338],[43.917,17.325],[43.866,17.35],[43.804,17.344],[43.713,17.366],[43.653,17.422],[43.597,17.471],[43.539,17.499],[43.474,17.516],[43.418,17.516],[43.346,17.486],[43.302,17.457],[43.191,17.359],[43.186,17.325],[43.237,17.266],[43.221,17.239],[43.156,17.205],[43.136,17.113],[43.126,17.062],[43.117,16.942],[43.146,16.847],[43.184,16.812],[43.186,16.771],[43.165,16.689],[43.105,16.664],[43.061,16.587],[43.034,16.55],[42.986,16.509],[42.799,16.372],[42.79,16.452],[42.731,16.57],[42.726,16.653],[42.699,16.737],[42.647,16.801],[42.553,16.868],[42.544,16.96],[42.475,17.05],[42.383,17.122],[42.332,17.257],[42.294,17.435],[42.052,17.669],[41.75,17.886],[41.658,18.008],[41.508,18.256],[41.432,18.452],[41.229,18.678],[41.221,18.765],[41.191,18.871],[41.144,18.989],[41.116,19.082],[40.913,19.49],[40.848,19.555],[40.792,19.646],[40.777,19.717],[40.759,19.755],[40.616,19.822],[40.482,19.993],[40.081,20.266],[39.884,20.293],[39.728,20.39],[39.614,20.518],[39.491,20.737],[39.276,20.974],[39.094,21.31],[39.151,21.433],[39.147,21.519],[39.091,21.664],[39.03,21.776],[38.988,21.882],[39.021,22.033],[39.034,22.203],[39.07,22.294],[39.096,22.393],[39.062,22.592],[39.001,22.699],[39.007,22.77],[38.939,22.805],[38.883,22.882],[38.941,22.882],[38.836,22.989],[38.797,23.049],[38.757,23.194],[38.706,23.306],[38.542,23.558],[38.464,23.712],[38.289,23.911],[38.099,24.058],[37.978,24.125],[37.92,24.185],[37.821,24.188],[37.713,24.274],[37.638,24.278],[37.543,24.292],[37.431,24.459],[37.338,24.616],[37.181,24.82],[37.22,24.873],[37.266,24.96],[37.243,25.073],[37.218,25.151],[37.149,25.291],[36.921,25.641],[36.86,25.692],[36.763,25.751],[36.703,25.903],[36.675,26.039],[36.519,26.105],[36.25,26.595],[36.094,26.766],[36.032,26.881],[35.852,27.07],[35.763,27.259],[35.581,27.432],[35.424,27.734],[35.18,28.035],[35.078,28.087],[34.828,28.109],[34.722,28.131],[34.625,28.065],[34.616,28.148],[34.683,28.264],[34.78,28.507],[34.799,28.721],[34.951,29.354],[35.164,29.321],[35.339,29.294],[35.595,29.255],[35.86,29.214],[36.015,29.19],[36.068,29.201],[36.283,29.355],[36.476,29.495],[36.592,29.666],[36.704,29.832],[36.755,29.866],[36.927,29.897],[37.199,29.946],[37.469,29.995],[37.491,30.012],[37.554,30.145],[37.634,30.313],[37.65,30.331],[37.67,30.348],[37.863,30.443],[37.98,30.5],[37.813,30.669],[37.655,30.829],[37.479,31.008],[37.329,31.147],[37.105,31.355],[36.959,31.492],[37.216,31.556],[37.493,31.626],[37.774,31.696],[38.111,31.781],[38.375,31.847],[38.77,31.946],[38.962,31.995],[38.997,32.007],[39.145,32.125],[39.369,32.092],[39.704,32.043],[40.028,31.995],[40.369,31.939],[40.479,31.893],[40.808,31.725],[41.022,31.616],[41.272,31.489],[41.585,31.33],[41.8,31.22],[42.074,31.08],[42.289,30.92],[42.56,30.718],[42.858,30.495],[43.103,30.322],[43.441,30.084],[43.774,29.849],[44.1,29.619],[44.361,29.435],[44.691,29.202],[44.717,29.194],[45.05,29.167],[45.499,29.132],[45.95,29.096],[46.356,29.064],[46.531,29.096],[46.725,29.075],[46.982,29.046],[47.139,29.026],[47.433,28.99],[47.521,28.838],[47.553,28.732],[47.583,28.628],[47.671,28.533],[47.872,28.535],[48.05,28.538],[48.269,28.541],[48.442,28.543],[48.499,28.449],[48.523,28.355],[48.626,28.133],[48.774,27.959],[48.809,27.896],[48.833,27.801],[48.807,27.765],[48.797,27.724],[48.906,27.629],[49.087,27.549],[49.158,27.528],[49.237,27.493],[49.175,27.438],[49.282,27.31],[49.405,27.181],[49.538,27.152],[49.717,26.956],[49.986,26.829],[50.15,26.663],[50.135,26.66],[50.087,26.676],[50.026,26.699],[50.008,26.679],[50.011,26.609],[50.027,26.527],[50.111,26.456],[50.185,26.405],[50.214,26.308],[50.155,26.101],[50.135,26.101],[50.096,26.119],[50.054,26.123],[50.032,26.111],[50.081,25.961],[50.13,25.847],[50.19,25.756],[50.239,25.623],[50.281,25.566],[50.455,25.425],[50.508,25.307],[50.558,25.087],[50.667,24.964],[50.726,24.869],[50.804,24.789],[50.856,24.68],[50.928,24.595],[50.966,24.574],[51.023,24.565],[51.093,24.565],[51.178,24.587],[51.268,24.607],[51.338,24.564],[51.411,24.571],[51.418,24.531],[51.37,24.477],[51.31,24.34],[51.395,24.319],[51.477,24.308],[51.535,24.286],[51.568,24.286],[51.568,24.258],[51.572,24.128],[51.593,24.079],[51.629,24.035],[51.684,23.97],[51.739,23.904],[51.794,23.838],[51.849,23.773],[51.904,23.708],[51.959,23.642],[52.014,23.576],[52.069,23.511],[52.125,23.445],[52.179,23.38],[52.235,23.314],[52.29,23.249],[52.345,23.183],[52.4,23.118],[52.455,23.052],[52.51,22.987],[52.555,22.933],[52.639,22.923],[52.666,22.919],[52.742,22.91],[52.859,22.896],[53.012,22.877],[53.192,22.855],[53.394,22.83],[53.61,22.804],[53.832,22.777],[54.055,22.75],[54.27,22.723],[54.472,22.699],[54.652,22.677],[54.805,22.658],[54.922,22.644],[54.998,22.634],[55.025,22.631],[55.104,22.621],[55.119,22.624],[55.186,22.704],[55.259,22.591],[55.32,22.497],[55.404,22.368],[55.493,22.231],[55.578,22.1],[55.641,22.002],[55.607,21.9],[55.571,21.79],[55.534,21.679],[55.498,21.568],[55.461,21.458],[55.424,21.347],[55.388,21.236],[55.351,21.126],[55.314,21.015],[55.278,20.904],[55.241,20.793],[55.205,20.683],[55.168,20.572],[55.131,20.461],[55.095,20.351],[55.058,20.24],[55.021,20.129],[54.977,19.996],[54.871,19.96],[54.699,19.903],[54.527,19.846],[54.355,19.788],[54.183,19.731],[54.011,19.674],[53.839,19.617],[53.667,19.559],[53.495,19.502],[53.323,19.444],[53.151,19.387],[52.979,19.33],[52.807,19.272],[52.635,19.215],[52.463,19.158],[52.291,19.1],[52.119,19.043],[51.978,18.996]]],[[[36.596,25.713],[36.586,25.699],[36.544,25.734],[36.546,25.812],[36.583,25.856],[36.58,25.795],[36.596,25.735],[36.596,25.713]]]]}},{"type":"Feature","properties":{"code":"STP","name":"São Tomé and Príncipe","continent":"Africa"},"geometry":{"type":"MultiPolygon","coordinates":[[[[7.424,1.568],[7.387,1.542],[7.342,1.564],[7.331,1.603],[7.388,1.68],[7.414,1.699],[7.437,1.683],[7.45,1.662],[7.452,1.631],[7.424,1.568]]],[[[6.66,0.121],[6.557,0.047],[6.52,0.066],[6.497,0.117],[6.468,0.227],[6.478,0.28],[6.524,0.34],[6.626,0.4],[6.687,0.404],[6.75,0.326],[6.75,0.243],[6.66,0.121]]]]}},{"type":"Feature","properties":{"code":"RWA","name":"Rwanda","continent":"Africa"},"geometry":{"type":"Polygon","coordinates":[[[29.577,-1.388],[29.61,-1.387],[29.825,-1.336],[29.847,-1.352],[29.882,-1.452],[29.9,-1.466],[29.93,-1.47],[29.991,-1.447],[30.102,-1.369],[30.15,-1.321],[30.207,-1.254],[30.28,-1.179],[30.321,-1.113],[30.36,-1.075],[30.412,-1.063],[30.47,-1.066],[30.51,-1.067],[30.477,-1.083],[30.47,-1.131],[30.508,-1.208],[30.632,-1.367],[30.711,-1.397],[30.762,-1.459],[30.813,-1.563],[30.828,-1.694],[30.807,-1.851],[30.819,-1.967],[30.865,-2.044],[30.877,-2.143],[30.855,-2.265],[30.829,-2.338],[30.798,-2.363],[30.762,-2.372],[30.715,-2.363],[30.657,-2.374],[30.593,-2.397],[30.554,-2.4],[30.529,-2.396],[30.482,-2.376],[30.408,-2.313],[30.271,-2.348],[30.234,-2.347],[30.183,-2.377],[30.142,-2.414],[30.117,-2.417],[30.092,-2.412],[29.973,-2.337],[29.93,-2.34],[29.912,-2.549],[29.893,-2.665],[29.868,-2.716],[29.783,-2.766],[29.698,-2.795],[29.651,-2.793],[29.464,-2.808],[29.39,-2.809],[29.35,-2.792],[29.297,-2.673],[29.198,-2.62],[29.102,-2.596],[29.063,-2.603],[29.029,-2.665],[29.014,-2.72],[28.922,-2.682],[28.894,-2.635],[28.891,-2.556],[28.858,-2.447],[28.876,-2.4],[28.913,-2.37],[28.99,-2.313],[29.106,-2.233],[29.132,-2.195],[29.148,-2.132],[29.141,-1.985],[29.129,-1.86],[29.143,-1.816],[29.197,-1.72],[29.268,-1.622],[29.352,-1.518],[29.402,-1.507],[29.468,-1.468],[29.538,-1.41],[29.577,-1.388]]]}},{"type":"Feature","properties":{"code":"QAT","name":"Qatar","continent":"Asia"},"geometry":{"type":"Polygon","coordinates":[[[51.268,24.607],[51.178,24.587],[51.093,24.565],[51.023,24.565],[50.966,24.574],[50.928,24.595],[50.856,24.68],[50.804,24.789],[50.836,24.85],[50.847,24.889],[50.777,25.177],[50.755,25.399],[50.763,25.445],[50.803,25.497],[50.869,25.613],[50.904,25.724],[51.003,25.981],[51.108,26.081],[51.262,26.153],[51.389,26.011],[51.543,25.902],[51.572,25.781],[51.527,25.682],[51.485,25.525],[51.51,25.452],[51.52,25.39],[51.561,25.284],[51.602,25.148],[51.609,25.053],[51.587,24.965],[51.533,24.891],[51.428,24.668],[51.396,24.645],[51.268,24.607]]]}},{"type":"Feature","properties":{"code":"PHL","name":"Philippines","continent":"Asia"},"geometry":{"type":"MultiPolygon","coordinates":[[[[121.102,18.615],[121.254,18.563],[121.593,18.376],[121.717,18.33],[121.846,18.295],[121.948,18.285],[122.038,18.328],[122.077,18.372],[122.147,18.487],[122.221,18.501],[122.266,18.459],[122.3,18.403],[122.315,18.32],[122.294,18.234],[122.223,18.157],[122.179,18.064],[122.151,17.756],[122.152,17.664],[122.175,17.576],[122.237,17.435],[122.269,17.395],[122.362,17.345],[122.388,17.307],[122.393,17.238],[122.408,17.178],[122.468,17.155],[122.519,17.125],[122.5,17.058],[122.468,16.99],[122.426,16.823],[122.226,16.435],[122.214,16.352],[122.135,16.185],[121.975,16.158],[121.789,16.077],[121.685,16.015],[121.595,15.933],[121.561,15.827],[121.59,15.778],[121.609,15.726],[121.607,15.67],[121.579,15.623],[121.49,15.51],[121.452,15.417],[121.412,15.375],[121.392,15.324],[121.399,15.267],[121.435,15.216],[121.544,14.999],[121.661,14.79],[121.686,14.765],[121.695,14.737],[121.627,14.682],[121.628,14.581],[121.649,14.481],[121.752,14.234],[121.767,14.168],[121.8,14.114],[121.853,14.063],[121.912,14.02],[122.08,13.947],[122.144,13.933],[122.212,13.93],[122.228,13.979],[122.287,13.996],[122.274,14.045],[122.203,14.112],[122.2,14.148],[122.237,14.175],[122.283,14.191],[122.384,14.264],[122.491,14.322],[122.627,14.318],[122.761,14.285],[122.856,14.251],[122.934,14.188],[123.015,14.08],[123.071,13.96],[123.071,13.903],[123.057,13.845],[123.06,13.789],[123.102,13.75],[123.231,13.747],[123.297,13.836],[123.305,13.937],[123.259,13.975],[123.28,14.025],[123.32,14.062],[123.377,14.029],[123.432,13.966],[123.633,13.898],[123.684,13.897],[123.726,13.884],[123.816,13.837],[123.858,13.8],[123.806,13.722],[123.607,13.704],[123.55,13.646],[123.608,13.528],[123.704,13.432],[123.765,13.354],[123.819,13.269],[123.817,13.192],[123.785,13.111],[123.873,13.117],[123.955,13.1],[124.069,13.032],[124.105,13.025],[124.143,13.036],[124.137,12.791],[124.06,12.567],[123.962,12.595],[123.878,12.69],[123.895,12.805],[123.949,12.916],[123.918,12.94],[123.864,12.931],[123.802,12.906],[123.736,12.897],[123.627,12.912],[123.402,13.033],[123.311,13.044],[123.29,13.099],[123.296,13.216],[123.206,13.354],[123.192,13.403],[123.163,13.442],[122.896,13.592],[122.863,13.617],[122.781,13.737],[122.595,13.908],[122.543,13.925],[122.486,13.93],[122.468,13.887],[122.494,13.82],[122.504,13.763],[122.5,13.703],[122.508,13.657],[122.596,13.562],[122.609,13.517],[122.668,13.395],[122.675,13.253],[122.6,13.194],[122.515,13.26],[122.513,13.314],[122.498,13.364],[122.407,13.493],[122.377,13.521],[122.205,13.648],[122.073,13.788],[121.778,13.938],[121.743,13.946],[121.692,13.935],[121.643,13.916],[121.501,13.842],[121.451,13.791],[121.446,13.712],[121.344,13.649],[121.204,13.64],[121.096,13.679],[121.006,13.758],[120.932,13.762],[120.841,13.885],[120.729,13.901],[120.637,13.804],[120.617,13.995],[120.617,14.188],[120.643,14.244],[120.688,14.291],[120.922,14.493],[120.952,14.558],[120.941,14.645],[120.888,14.716],[120.804,14.759],[120.708,14.777],[120.638,14.816],[120.584,14.881],[120.547,14.766],[120.583,14.595],[120.589,14.483],[120.556,14.441],[120.496,14.44],[120.439,14.453],[120.396,14.493],[120.365,14.608],[120.284,14.684],[120.251,14.793],[120.214,14.809],[120.138,14.8],[120.082,14.851],[120.045,14.978],[120.037,15.115],[120.005,15.229],[119.959,15.34],[119.933,15.431],[119.892,15.838],[119.881,15.875],[119.86,15.906],[119.808,15.952],[119.769,16.008],[119.762,16.055],[119.773,16.255],[119.79,16.303],[119.831,16.327],[119.886,16.287],[119.93,16.239],[119.985,16.215],[120.033,16.185],[120.124,16.066],[120.16,16.048],[120.271,16.051],[120.337,16.066],[120.369,16.11],[120.389,16.161],[120.389,16.222],[120.325,16.4],[120.305,16.529],[120.304,16.645],[120.321,16.762],[120.409,16.956],[120.42,17.09],[120.412,17.27],[120.427,17.377],[120.425,17.438],[120.372,17.535],[120.358,17.638],[120.505,18.163],[120.551,18.264],[120.584,18.369],[120.6,18.508],[120.709,18.546],[120.814,18.603],[120.868,18.599],[120.925,18.585],[121.051,18.614],[121.102,18.615]]],[[[117.311,8.44],[117.219,8.367],[117.229,8.457],[117.256,8.541],[117.35,8.714],[117.418,8.767],[117.53,8.903],[117.593,8.968],[117.745,9.098],[117.885,9.241],[117.932,9.251],[117.983,9.253],[118.024,9.27],[118.115,9.347],[118.344,9.603],[118.533,9.794],[118.728,10.035],[118.82,10.105],[118.845,10.131],[119.024,10.354],[119.08,10.386],[119.143,10.409],[119.186,10.439],[119.224,10.477],[119.287,10.574],[119.313,10.687],[119.297,10.751],[119.261,10.845],[119.306,10.974],[119.341,11.033],[119.465,11.294],[119.501,11.346],[119.553,11.314],[119.56,11.267],[119.535,11.157],[119.533,11.102],[119.562,11.046],[119.527,10.953],[119.616,10.707],[119.684,10.552],[119.687,10.5],[119.595,10.407],[119.541,10.379],[119.422,10.354],[119.369,10.327],[119.285,10.252],[119.232,10.152],[119.219,10.101],[119.192,10.061],[118.949,9.993],[118.835,9.949],[118.782,9.916],[118.755,9.862],[118.774,9.767],[118.57,9.423],[118.504,9.333],[118.435,9.256],[118.35,9.201],[118.229,9.168],[118.134,9.101],[118.069,8.984],[117.99,8.877],[117.889,8.798],[117.78,8.729],[117.68,8.678],[117.572,8.642],[117.54,8.596],[117.517,8.538],[117.469,8.511],[117.412,8.496],[117.311,8.44]]],[[[122.496,11.615],[122.613,11.564],[122.726,11.608],[122.838,11.596],[122.931,11.529],[122.901,11.487],[122.895,11.441],[123.103,11.541],[123.158,11.536],[123.156,11.443],[123.144,11.364],[123.12,11.287],[123.075,11.197],[123.017,11.117],[122.939,11.058],[122.847,11.022],[122.803,10.99],[122.789,10.941],[122.791,10.88],[122.77,10.824],[122.673,10.801],[122.522,10.692],[122.198,10.623],[122.109,10.576],[122.052,10.514],[121.988,10.458],[121.954,10.444],[121.938,10.471],[121.934,10.494],[121.98,10.639],[121.972,10.699],[121.95,10.757],[121.964,10.872],[122.021,10.979],[122.051,11.097],[122.06,11.326],[122.104,11.643],[122.101,11.681],[122.067,11.724],[121.941,11.758],[121.891,11.791],[121.916,11.854],[121.964,11.897],[122.029,11.895],[122.087,11.855],[122.291,11.772],[122.399,11.702],[122.496,11.615]]],[[[123.131,9.064],[123.065,9.053],[122.995,9.059],[122.948,9.108],[122.867,9.32],[122.772,9.371],[122.665,9.41],[122.61,9.443],[122.562,9.483],[122.411,9.694],[122.4,9.823],[122.426,9.896],[122.471,9.962],[122.523,9.979],[122.648,9.982],[122.713,9.99],[122.856,10.087],[122.866,10.125],[122.867,10.284],[122.852,10.395],[122.817,10.504],[122.856,10.553],[122.906,10.603],[122.958,10.698],[122.969,10.766],[122.97,10.836],[122.983,10.887],[123.024,10.912],[123.222,10.989],[123.257,10.994],[123.511,10.923],[123.562,10.816],[123.568,10.781],[123.528,10.662],[123.493,10.582],[123.407,10.459],[123.344,10.325],[123.296,10.125],[123.266,10.059],[123.187,9.933],[123.162,9.864],[123.163,9.715],[123.149,9.659],[123.15,9.606],[123.308,9.357],[123.322,9.317],[123.321,9.273],[123.293,9.217],[123.229,9.121],[123.192,9.088],[123.131,9.064]]],[[[124.575,11.343],[124.644,11.308],[124.724,11.322],[124.821,11.401],[124.93,11.373],[124.994,11.256],[125.027,11.212],[125.044,11.135],[125.04,10.952],[125.013,10.786],[125.034,10.751],[125.084,10.722],[125.128,10.685],[125.164,10.637],[125.188,10.585],[125.197,10.457],[125.26,10.35],[125.268,10.308],[125.253,10.264],[125.148,10.272],[125.14,10.235],[125.143,10.189],[125.105,10.218],[125.044,10.323],[124.987,10.368],[125.005,10.197],[125.024,10.115],[125.027,10.033],[124.929,10.096],[124.813,10.135],[124.781,10.168],[124.792,10.275],[124.79,10.328],[124.738,10.44],[124.799,10.682],[124.797,10.732],[124.787,10.781],[124.739,10.88],[124.663,10.962],[124.616,10.962],[124.503,10.904],[124.446,10.924],[124.412,11.15],[124.366,11.371],[124.331,11.427],[124.308,11.486],[124.331,11.535],[124.374,11.515],[124.436,11.457],[124.511,11.424],[124.548,11.395],[124.575,11.343]]],[[[125.24,12.528],[125.31,12.446],[125.328,12.387],[125.32,12.322],[125.352,12.293],[125.409,12.285],[125.481,12.252],[125.536,12.191],[125.503,12.136],[125.513,12.055],[125.457,11.953],[125.464,11.772],[125.497,11.714],[125.5,11.655],[125.492,11.594],[125.506,11.544],[125.593,11.378],[125.609,11.323],[125.582,11.279],[125.574,11.238],[125.627,11.234],[125.704,11.165],[125.749,11.074],[125.736,11.05],[125.674,11.121],[125.628,11.132],[125.432,11.113],[125.312,11.142],[125.233,11.145],[125.156,11.267],[125.088,11.287],[125.034,11.341],[124.945,11.479],[124.917,11.558],[124.979,11.638],[124.998,11.702],[124.995,11.765],[124.936,11.755],[124.884,11.775],[124.821,11.852],[124.796,11.896],[124.75,11.933],[124.677,12.021],[124.572,12.055],[124.529,12.079],[124.446,12.153],[124.385,12.244],[124.326,12.404],[124.295,12.569],[124.566,12.526],[124.84,12.535],[125.15,12.573],[125.24,12.528]]],[[[120.704,13.479],[120.755,13.471],[120.915,13.501],[120.981,13.486],[121.025,13.429],[121.079,13.411],[121.122,13.381],[121.203,13.432],[121.284,13.374],[121.357,13.265],[121.442,13.188],[121.523,13.131],[121.539,13.089],[121.49,13.02],[121.475,12.932],[121.48,12.837],[121.541,12.638],[121.519,12.584],[121.458,12.508],[121.412,12.423],[121.418,12.389],[121.4,12.361],[121.394,12.301],[121.357,12.313],[121.322,12.304],[121.289,12.277],[121.237,12.219],[121.155,12.236],[121.117,12.253],[121.108,12.304],[121.083,12.339],[121.049,12.36],[120.963,12.447],[120.922,12.512],[120.921,12.581],[120.899,12.646],[120.855,12.704],[120.796,12.748],[120.776,12.791],[120.769,12.841],[120.764,12.97],[120.68,13.131],[120.651,13.169],[120.573,13.209],[120.508,13.26],[120.481,13.311],[120.455,13.394],[120.438,13.405],[120.388,13.402],[120.338,13.412],[120.353,13.473],[120.401,13.517],[120.468,13.522],[120.653,13.498],[120.704,13.479]]],[[[126.006,9.321],[126.088,9.261],[126.193,9.277],[126.192,9.125],[126.209,9.081],[126.305,8.952],[126.32,8.845],[126.263,8.744],[126.22,8.696],[126.142,8.627],[126.14,8.596],[126.173,8.56],[126.282,8.539],[126.365,8.484],[126.38,8.327],[126.459,8.203],[126.457,8.149],[126.425,7.927],[126.435,7.833],[126.494,7.757],[126.544,7.725],[126.57,7.677],[126.593,7.547],[126.589,7.325],[126.582,7.248],[126.547,7.176],[126.439,7.012],[126.294,6.882],[126.217,6.891],[126.192,6.853],[126.24,6.734],[126.221,6.483],[126.189,6.31],[126.142,6.398],[126.11,6.49],[126.08,6.733],[126.043,6.843],[125.985,6.944],[125.962,7.033],[125.901,7.117],[125.824,7.333],[125.774,7.322],[125.689,7.263],[125.67,7.222],[125.66,7.161],[125.641,7.105],[125.542,7.017],[125.465,6.911],[125.401,6.796],[125.381,6.69],[125.433,6.607],[125.487,6.574],[125.565,6.5],[125.588,6.466],[125.671,6.225],[125.668,5.979],[125.608,5.87],[125.456,5.664],[125.346,5.599],[125.288,5.632],[125.241,5.757],[125.233,5.808],[125.265,5.926],[125.268,6.033],[125.232,6.07],[125.191,6.062],[125.174,6.047],[125.076,5.906],[125.035,5.871],[124.975,5.866],[124.927,5.875],[124.636,5.998],[124.399,6.12],[124.213,6.233],[124.078,6.404],[124.05,6.533],[124.048,6.667],[123.988,6.863],[123.981,6.93],[123.985,6.994],[124.045,7.114],[124.118,7.175],[124.158,7.219],[124.191,7.267],[124.213,7.332],[124.207,7.396],[124.182,7.437],[124.068,7.578],[123.968,7.665],[123.765,7.743],[123.717,7.785],[123.666,7.818],[123.609,7.832],[123.553,7.832],[123.493,7.808],[123.477,7.756],[123.482,7.71],[123.476,7.665],[123.391,7.408],[123.282,7.464],[123.178,7.529],[123.151,7.575],[123.139,7.63],[123.121,7.667],[123.097,7.7],[123.049,7.614],[122.99,7.546],[122.917,7.531],[122.843,7.529],[122.819,7.558],[122.792,7.722],[122.714,7.774],[122.616,7.763],[122.498,7.673],[122.474,7.639],[122.449,7.561],[122.32,7.34],[122.251,7.17],[122.176,7.004],[122.142,6.95],[122.098,6.914],[122.028,6.929],[121.964,6.968],[121.904,7.075],[121.925,7.2],[121.991,7.279],[122.047,7.364],[122.115,7.66],[122.12,7.765],[122.132,7.81],[122.243,7.945],[122.337,8.028],[122.387,8.046],[122.589,8.093],[122.673,8.133],[122.804,8.134],[122.911,8.156],[122.996,8.221],[123.003,8.287],[122.999,8.356],[123.018,8.398],[123.051,8.434],[123.096,8.481],[123.147,8.516],[123.293,8.541],[123.341,8.57],[123.38,8.616],[123.435,8.703],[123.499,8.682],[123.564,8.647],[123.68,8.621],[123.783,8.548],[123.849,8.433],[123.861,8.376],[123.877,8.189],[123.853,8.145],[123.753,8.058],[123.799,8.049],[123.931,8.128],[123.997,8.159],[124.159,8.201],[124.198,8.23],[124.226,8.271],[124.283,8.386],[124.325,8.508],[124.358,8.559],[124.405,8.6],[124.451,8.606],[124.622,8.523],[124.731,8.563],[124.762,8.69],[124.787,8.874],[124.806,8.924],[124.869,8.972],[124.944,8.957],[125.046,8.891],[125.141,8.869],[125.176,8.922],[125.21,9.027],[125.248,9.027],[125.376,8.992],[125.499,9.015],[125.533,9.141],[125.51,9.276],[125.414,9.669],[125.471,9.757],[125.521,9.759],[125.642,9.654],[125.877,9.513],[125.955,9.427],[126.006,9.321]]],[[[123.37,9.45],[123.332,9.423],[123.316,9.489],[123.327,9.578],[123.404,9.889],[123.386,9.967],[123.514,10.14],[123.593,10.303],[123.711,10.474],[123.726,10.562],[123.832,10.731],[123.93,10.964],[123.925,11.041],[123.95,11.079],[123.964,11.137],[123.967,11.187],[124.039,11.274],[124.058,11.217],[124.037,11.107],[124.04,11.054],[124.053,11.029],[124.053,10.926],[124.028,10.768],[124.051,10.586],[124.005,10.4],[123.952,10.317],[123.874,10.258],[123.789,10.221],[123.7,10.128],[123.643,10.02],[123.634,9.922],[123.494,9.589],[123.37,9.45]]],[[[121.922,18.895],[121.858,18.823],[121.825,18.843],[121.861,18.913],[121.86,18.937],[121.889,18.992],[121.943,19.01],[121.988,18.957],[121.922,18.895]]],[[[121.521,19.362],[121.531,19.271],[121.472,19.273],[121.383,19.328],[121.375,19.356],[121.376,19.38],[121.392,19.399],[121.521,19.362]]],[[[121.96,20.366],[121.941,20.354],[121.914,20.359],[121.941,20.454],[121.991,20.48],[122.031,20.469],[121.96,20.366]]],[[[121.878,20.782],[121.83,20.7],[121.791,20.701],[121.796,20.747],[121.848,20.841],[121.867,20.839],[121.878,20.782]]],[[[121.159,6.076],[121.214,6.004],[121.283,6.022],[121.392,6.002],[121.415,5.965],[121.411,5.94],[121.294,5.87],[121.218,5.943],[121.083,5.893],[121.019,5.923],[120.931,5.896],[120.876,5.953],[120.898,6.007],[121.038,6.096],[121.159,6.076]]],[[[117.08,7.883],[117.028,7.808],[116.97,7.895],[116.976,8.017],[116.994,8.051],[117.077,8.069],[117.08,7.883]]],[[[119.916,10.486],[119.793,10.455],[119.764,10.552],[119.852,10.64],[119.95,10.605],[120.008,10.57],[119.981,10.539],[119.916,10.486]]],[[[120.1,12.168],[120.155,12.152],[120.194,12.167],[120.228,12.22],[120.261,12.142],[120.341,12.077],[120.315,12.012],[120.243,12.005],[120.174,12.02],[120.1,11.994],[120.011,12.008],[119.957,12.069],[119.896,12.179],[119.866,12.199],[119.87,12.244],[119.892,12.273],[119.88,12.28],[119.886,12.3],[119.897,12.313],[119.916,12.319],[119.964,12.27],[120.078,12.198],[120.1,12.168]]],[[[120.039,11.703],[119.964,11.669],[119.945,11.691],[119.932,11.74],[119.933,11.774],[119.861,11.954],[119.916,11.981],[119.957,11.96],[119.998,11.932],[120.036,11.917],[120.071,11.861],[120.062,11.821],[120.073,11.783],[120.039,11.703]]],[[[122.65,10.473],[122.622,10.459],[122.597,10.461],[122.538,10.425],[122.517,10.493],[122.537,10.608],[122.626,10.695],[122.648,10.723],[122.673,10.739],[122.701,10.741],[122.729,10.706],[122.737,10.655],[122.681,10.498],[122.65,10.473]]],[[[124.594,9.787],[124.584,9.75],[124.506,9.754],[124.478,9.748],[124.403,9.654],[124.36,9.63],[124.122,9.599],[123.936,9.624],[123.872,9.676],[123.83,9.761],[123.817,9.817],[123.864,9.879],[123.909,9.92],[124.06,10.0],[124.094,10.061],[124.173,10.135],[124.336,10.16],[124.352,10.141],[124.373,10.13],[124.406,10.126],[124.486,10.065],[124.577,10.027],[124.555,9.879],[124.582,9.83],[124.594,9.787]]],[[[120.25,5.257],[120.223,5.196],[120.192,5.168],[120.15,5.184],[120.118,5.215],[120.101,5.169],[120.013,5.151],[119.958,5.08],[119.878,5.06],[119.821,5.07],[119.827,5.133],[119.983,5.228],[120.08,5.264],[120.165,5.332],[120.208,5.34],[120.229,5.284],[120.25,5.257]]],[[[122.093,6.428],[121.991,6.415],[121.959,6.416],[121.88,6.518],[121.872,6.563],[121.809,6.614],[121.832,6.664],[121.915,6.676],[122.058,6.741],[122.288,6.639],[122.324,6.602],[122.252,6.58],[122.201,6.483],[122.093,6.428]]],[[[126.059,9.766],[126.047,9.761],[125.991,9.839],[125.999,9.927],[126.074,10.059],[126.129,9.944],[126.129,9.891],[126.121,9.865],[126.173,9.8],[126.137,9.768],[126.059,9.766]]],[[[125.69,9.914],[125.673,9.886],[125.649,9.944],[125.591,9.998],[125.534,10.09],[125.495,10.119],[125.522,10.192],[125.525,10.31],[125.58,10.364],[125.606,10.38],[125.648,10.437],[125.667,10.44],[125.685,10.392],[125.647,10.245],[125.703,10.072],[125.684,9.963],[125.692,9.939],[125.69,9.914]]],[[[120.271,13.751],[120.273,13.683],[120.104,13.782],[120.099,13.817],[120.103,13.843],[120.121,13.858],[120.211,13.821],[120.271,13.751]]],[[[121.915,13.54],[121.977,13.537],[121.996,13.547],[122.115,13.463],[122.107,13.421],[122.122,13.365],[122.055,13.269],[122.042,13.236],[122.005,13.205],[121.876,13.282],[121.829,13.329],[121.815,13.424],[121.866,13.566],[121.915,13.54]]],[[[122.094,12.355],[122.014,12.106],[121.96,12.191],[121.982,12.245],[121.936,12.29],[121.923,12.331],[121.941,12.385],[121.989,12.435],[122.002,12.599],[122.104,12.651],[122.145,12.653],[122.13,12.613],[122.132,12.538],[122.094,12.355]]],[[[122.654,12.309],[122.603,12.286],[122.499,12.384],[122.439,12.429],[122.423,12.455],[122.472,12.492],[122.604,12.492],[122.674,12.424],[122.683,12.382],[122.654,12.309]]],[[[123.282,12.853],[123.367,12.701],[123.274,12.805],[123.166,12.876],[123.054,12.993],[122.973,13.035],[122.949,13.059],[122.958,13.107],[123.017,13.116],[123.044,13.113],[123.206,12.905],[123.282,12.853]]],[[[123.775,12.454],[123.779,12.366],[123.742,12.399],[123.621,12.571],[123.587,12.633],[123.621,12.675],[123.709,12.611],[123.775,12.454]]],[[[123.717,12.287],[123.908,12.169],[124.04,11.967],[124.056,11.812],[124.046,11.752],[123.983,11.819],[123.848,11.914],[123.754,11.934],[123.725,11.952],[123.736,12.003],[123.675,12.05],[123.668,12.069],[123.612,12.09],[123.531,12.197],[123.474,12.217],[123.419,12.194],[123.293,12.036],[123.158,11.926],[123.156,11.968],[123.211,12.107],[123.245,12.328],[123.267,12.395],[123.24,12.495],[123.236,12.583],[123.337,12.542],[123.463,12.501],[123.559,12.445],[123.575,12.407],[123.717,12.287]]],[[[124.354,13.632],[124.327,13.567],[124.295,13.59],[124.248,13.587],[124.175,13.532],[124.057,13.606],[124.039,13.663],[124.124,13.79],[124.123,13.98],[124.154,14.026],[124.186,14.06],[124.225,14.078],[124.308,13.947],[124.337,13.931],[124.417,13.871],[124.396,13.75],[124.404,13.679],[124.354,13.632]]],[[[122.175,14.049],[122.172,14.008],[121.956,14.156],[121.946,14.181],[121.946,14.205],[121.959,14.229],[122.175,14.049]]],[[[122.033,15.005],[122.052,14.97],[122.032,14.972],[122.017,14.965],[121.97,14.893],[122.022,14.759],[121.99,14.662],[121.933,14.656],[121.911,14.667],[121.922,14.715],[121.935,14.737],[121.923,14.8],[121.889,14.84],[121.862,14.917],[121.82,14.964],[121.84,15.038],[121.972,15.046],[122.033,15.005]]],[[[124.316,10.606],[124.288,10.601],[124.335,10.707],[124.371,10.691],[124.382,10.68],[124.381,10.633],[124.316,10.606]]],[[[125.281,9.982],[125.288,9.933],[125.159,10.063],[125.133,10.155],[125.176,10.151],[125.231,10.116],[125.281,9.982]]],[[[122.937,7.409],[122.948,7.386],[122.944,7.361],[122.84,7.315],[122.805,7.316],[122.797,7.393],[122.822,7.428],[122.871,7.397],[122.915,7.433],[122.937,7.409]]],[[[125.785,6.963],[125.769,6.906],[125.708,7.04],[125.683,7.073],[125.714,7.186],[125.783,7.131],[125.785,6.963]]],[[[124.608,11.492],[124.483,11.486],[124.429,11.532],[124.36,11.666],[124.437,11.695],[124.511,11.687],[124.565,11.64],[124.622,11.55],[124.608,11.492]]],[[[124.807,9.143],[124.778,9.083],[124.666,9.132],[124.639,9.175],[124.653,9.226],[124.708,9.243],[124.737,9.243],[124.79,9.19],[124.807,9.143]]],[[[121.252,19.082],[121.247,19.015],[121.196,19.051],[121.185,19.101],[121.19,19.139],[121.213,19.184],[121.245,19.143],[121.252,19.082]]],[[[119.861,11.525],[119.883,11.472],[119.855,11.393],[119.831,11.376],[119.799,11.409],[119.73,11.432],[119.726,11.475],[119.761,11.474],[119.827,11.515],[119.861,11.525]]],[[[123.757,11.283],[123.816,11.151],[123.737,11.151],[123.708,11.248],[123.741,11.279],[123.757,11.283]]],[[[122.311,12.529],[122.28,12.498],[122.261,12.503],[122.248,12.557],[122.278,12.593],[122.287,12.589],[122.311,12.529]]],[[[125.971,9.594],[125.952,9.568],[125.922,9.621],[125.949,9.739],[125.968,9.759],[125.993,9.685],[125.971,9.594]]],[[[124.854,11.595],[124.836,11.543],[124.807,11.558],[124.781,11.581],[124.744,11.659],[124.731,11.715],[124.788,11.683],[124.821,11.627],[124.854,11.595]]],[[[117.355,8.215],[117.287,8.191],[117.272,8.254],[117.281,8.315],[117.33,8.308],[117.354,8.289],[117.355,8.215]]],[[[123.698,9.237],[123.706,9.134],[123.614,9.103],[123.541,9.13],[123.493,9.192],[123.494,9.216],[123.535,9.214],[123.626,9.268],[123.655,9.279],[123.698,9.237]]]]}},{"type":"Feature","properties":{"code":"PAK","name":"Pakistan","continent":"Asia"},"geometry":{"type":"Polygon","coordinates":[[[76.767,35.662],[76.813,35.572],[76.882,35.436],[76.928,35.347],[76.979,35.246],[77.004,35.196],[77.049,35.11],[77.031,35.062],[77.001,34.992],[76.892,34.939],[76.783,34.9],[76.758,34.878],[76.749,34.848],[76.696,34.787],[76.594,34.736],[76.51,34.741],[76.457,34.756],[76.172,34.668],[76.041,34.67],[75.938,34.613],[75.862,34.56],[75.709,34.503],[75.606,34.503],[75.453,34.537],[75.264,34.601],[75.188,34.639],[75.118,34.637],[74.952,34.646],[74.789,34.678],[74.594,34.716],[74.498,34.732],[74.3,34.765],[74.172,34.721],[74.056,34.681],[73.961,34.653],[73.883,34.529],[73.85,34.485],[73.812,34.422],[73.795,34.378],[73.81,34.325],[73.925,34.288],[73.972,34.237],[73.979,34.191],[73.938,34.145],[73.904,34.108],[73.904,34.076],[73.922,34.043],[73.95,34.019],[74.113,34.004],[74.209,34.003],[74.246,33.99],[74.251,33.946],[74.216,33.887],[74.078,33.839],[74.001,33.788],[73.976,33.721],[73.978,33.668],[74.004,33.632],[74.07,33.592],[74.131,33.545],[74.15,33.507],[74.143,33.455],[74.118,33.384],[74.05,33.301],[73.994,33.242],[73.99,33.221],[74.004,33.189],[74.049,33.143],[74.126,33.075],[74.222,33.02],[74.284,33.005],[74.304,32.992],[74.323,32.928],[74.33,32.861],[74.305,32.81],[74.355,32.769],[74.483,32.771],[74.588,32.753],[74.632,32.771],[74.663,32.758],[74.643,32.608],[74.658,32.519],[74.686,32.494],[74.789,32.458],[74.987,32.462],[75.104,32.42],[75.234,32.372],[75.303,32.319],[75.333,32.279],[75.325,32.215],[75.254,32.14],[75.139,32.105],[75.071,32.089],[74.739,31.949],[74.636,31.89],[74.556,31.819],[74.526,31.765],[74.51,31.713],[74.582,31.524],[74.594,31.465],[74.535,31.261],[74.518,31.186],[74.54,31.133],[74.61,31.113],[74.626,31.069],[74.633,31.035],[74.51,30.96],[74.38,30.893],[74.339,30.894],[74.216,30.769],[74.009,30.52],[73.899,30.435],[73.892,30.394],[73.883,30.352],[73.925,30.282],[73.933,30.222],[73.887,30.162],[73.809,30.093],[73.658,30.033],[73.467,29.972],[73.382,29.934],[73.317,29.773],[73.258,29.611],[73.231,29.551],[73.128,29.364],[72.949,29.089],[72.903,29.029],[72.626,28.896],[72.342,28.752],[72.292,28.697],[72.234,28.566],[72.179,28.422],[72.129,28.346],[71.948,28.177],[71.889,28.047],[71.87,27.962],[71.717,27.915],[71.543,27.87],[71.29,27.855],[71.185,27.832],[70.875,27.714],[70.798,27.71],[70.737,27.729],[70.692,27.769],[70.649,27.835],[70.629,27.937],[70.569,27.984],[70.489,28.023],[70.404,28.025],[70.318,27.982],[70.244,27.934],[70.194,27.895],[70.145,27.849],[70.05,27.695],[69.896,27.474],[69.725,27.313],[69.661,27.265],[69.622,27.228],[69.568,27.175],[69.537,27.123],[69.495,26.954],[69.47,26.804],[69.481,26.771],[69.507,26.743],[69.601,26.699],[69.736,26.627],[69.911,26.586],[70.059,26.579],[70.115,26.548],[70.148,26.506],[70.157,26.471],[70.149,26.348],[70.133,26.215],[70.078,26.072],[70.079,25.99],[70.1,25.91],[70.265,25.707],[70.325,25.686],[70.449,25.681],[70.506,25.685],[70.57,25.706],[70.615,25.692],[70.648,25.667],[70.657,25.626],[70.652,25.423],[70.703,25.331],[70.8,25.206],[70.878,25.063],[70.951,24.892],[71.021,24.758],[71.048,24.688],[71.002,24.654],[70.976,24.619],[70.97,24.572],[70.979,24.522],[70.973,24.487],[71.006,24.444],[71.045,24.43],[71.044,24.4],[70.983,24.361],[70.928,24.362],[70.886,24.344],[70.805,24.262],[70.767,24.245],[70.716,24.238],[70.659,24.246],[70.579,24.279],[70.556,24.331],[70.565,24.386],[70.547,24.418],[70.489,24.412],[70.289,24.356],[70.098,24.288],[70.065,24.241],[70.021,24.192],[69.934,24.171],[69.805,24.165],[69.716,24.173],[69.634,24.225],[69.559,24.273],[69.443,24.275],[69.235,24.268],[69.12,24.269],[69.052,24.286],[68.985,24.273],[68.901,24.292],[68.863,24.267],[68.828,24.264],[68.8,24.309],[68.781,24.314],[68.759,24.307],[68.74,24.292],[68.728,24.266],[68.724,23.965],[68.587,23.967],[68.489,23.967],[68.381,23.951],[68.283,23.928],[68.234,23.901],[68.165,23.857],[68.149,23.797],[68.116,23.753],[68.068,23.818],[68.037,23.848],[68.001,23.826],[67.951,23.829],[67.86,23.903],[67.819,23.828],[67.668,23.811],[67.65,23.867],[67.646,23.92],[67.563,23.882],[67.504,23.94],[67.477,24.018],[67.454,24.04],[67.428,24.065],[67.365,24.092],[67.309,24.175],[67.304,24.263],[67.289,24.368],[67.171,24.756],[67.101,24.792],[66.703,24.861],[66.682,24.929],[66.71,25.111],[66.699,25.226],[66.57,25.379],[66.534,25.484],[66.429,25.575],[66.324,25.602],[66.219,25.59],[66.162,25.554],[66.131,25.493],[66.356,25.507],[66.407,25.485],[66.468,25.445],[66.403,25.447],[66.328,25.466],[66.235,25.464],[65.884,25.42],[65.68,25.355],[65.406,25.374],[65.061,25.311],[64.777,25.307],[64.659,25.184],[64.594,25.206],[64.544,25.237],[64.152,25.333],[64.125,25.374],[64.059,25.403],[63.987,25.351],[63.936,25.343],[63.721,25.386],[63.557,25.353],[63.496,25.298],[63.491,25.211],[63.286,25.228],[63.17,25.255],[63.015,25.225],[62.665,25.265],[62.572,25.255],[62.445,25.197],[62.391,25.153],[62.315,25.135],[62.249,25.197],[62.199,25.225],[62.152,25.207],[62.089,25.155],[61.908,25.131],[61.744,25.138],[61.567,25.186],[61.588,25.202],[61.615,25.286],[61.64,25.585],[61.671,25.692],[61.662,25.751],[61.669,25.769],[61.738,25.821],[61.754,25.843],[61.781,25.996],[61.81,26.165],[61.842,26.226],[61.87,26.242],[62.089,26.318],[62.126,26.369],[62.239,26.357],[62.25,26.369],[62.26,26.427],[62.312,26.491],[62.385,26.543],[62.439,26.561],[62.636,26.594],[62.752,26.639],[62.787,26.644],[63.093,26.632],[63.158,26.65],[63.168,26.666],[63.186,26.838],[63.242,26.865],[63.25,26.879],[63.231,26.998],[63.242,27.078],[63.305,27.125],[63.302,27.151],[63.256,27.208],[63.196,27.244],[63.167,27.252],[62.915,27.218],[62.812,27.229],[62.763,27.25],[62.753,27.266],[62.763,27.3],[62.764,27.357],[62.801,27.445],[62.812,27.497],[62.782,27.801],[62.74,28.002],[62.763,28.202],[62.758,28.244],[62.749,28.253],[62.718,28.253],[62.565,28.235],[62.434,28.364],[62.353,28.415],[62.131,28.479],[62.033,28.491],[61.89,28.547],[61.758,28.668],[61.623,28.792],[61.569,28.871],[61.509,29.006],[61.338,29.265],[61.339,29.332],[61.318,29.373],[61.152,29.543],[61.034,29.663],[60.843,29.859],[61.224,29.749],[61.521,29.666],[62.001,29.53],[62.373,29.425],[62.477,29.408],[63.568,29.498],[63.971,29.43],[64.099,29.392],[64.118,29.414],[64.172,29.46],[64.266,29.507],[64.394,29.544],[64.521,29.565],[64.704,29.567],[64.827,29.564],[64.919,29.553],[65.096,29.559],[65.18,29.578],[65.471,29.652],[65.666,29.701],[65.962,29.779],[66.177,29.836],[66.231,29.866],[66.287,29.92],[66.313,29.969],[66.247,30.044],[66.238,30.11],[66.282,30.193],[66.305,30.321],[66.301,30.503],[66.287,30.608],[66.347,30.803],[66.397,30.912],[66.497,30.965],[66.567,30.997],[66.596,31.02],[66.624,31.046],[66.731,31.195],[66.829,31.264],[66.924,31.306],[67.028,31.3],[67.116,31.243],[67.287,31.218],[67.453,31.235],[67.596,31.278],[67.662,31.313],[67.738,31.344],[67.733,31.379],[67.647,31.41],[67.598,31.453],[67.578,31.506],[67.627,31.539],[67.74,31.548],[68.017,31.678],[68.13,31.763],[68.161,31.803],[68.214,31.807],[68.32,31.768],[68.443,31.754],[68.521,31.794],[68.598,31.803],[68.673,31.76],[68.714,31.708],[68.782,31.646],[68.869,31.634],[68.973,31.667],[69.083,31.738],[69.187,31.838],[69.279,31.937],[69.257,32.249],[69.241,32.434],[69.29,32.531],[69.359,32.59],[69.405,32.683],[69.405,32.764],[69.453,32.833],[69.502,33.02],[69.568,33.064],[69.704,33.095],[69.92,33.112],[70.09,33.198],[70.261,33.289],[70.284,33.369],[70.22,33.455],[70.134,33.621],[70.057,33.72],[69.868,33.898],[69.89,34.007],[69.995,34.052],[70.254,33.976],[70.326,33.961],[70.416,33.95],[70.654,33.952],[70.848,33.982],[71.052,34.05],[71.091,34.12],[71.089,34.204],[71.092,34.273],[71.096,34.369],[71.023,34.431],[70.979,34.486],[70.966,34.53],[71.016,34.555],[71.066,34.6],[71.113,34.682],[71.226,34.78],[71.294,34.868],[71.358,34.91],[71.455,34.967],[71.517,35.051],[71.546,35.101],[71.602,35.151],[71.621,35.183],[71.605,35.212],[71.577,35.248],[71.546,35.289],[71.546,35.329],[71.572,35.37],[71.601,35.408],[71.587,35.461],[71.572,35.547],[71.519,35.598],[71.484,35.715],[71.428,35.834],[71.398,35.88],[71.343,35.939],[71.22,36.001],[71.185,36.042],[71.233,36.122],[71.313,36.171],[71.463,36.293],[71.546,36.378],[71.621,36.436],[71.716,36.427],[71.773,36.432],[71.822,36.486],[71.921,36.534],[72.096,36.634],[72.157,36.701],[72.25,36.735],[72.327,36.742],[72.431,36.766],[72.531,36.802],[72.623,36.83],[72.766,36.835],[72.994,36.852],[73.117,36.869],[73.411,36.882],[73.732,36.888],[73.769,36.888],[73.908,36.853],[74.002,36.823],[74.039,36.826],[74.195,36.897],[74.431,36.984],[74.541,37.022],[74.601,37.037],[74.692,37.036],[74.766,37.013],[74.841,36.979],[74.889,36.952],[74.949,36.968],[75.054,36.987],[75.145,36.973],[75.347,36.913],[75.377,36.884],[75.424,36.738],[75.46,36.725],[75.574,36.759],[75.667,36.742],[75.772,36.695],[75.84,36.65],[75.885,36.601],[75.933,36.522],[75.952,36.458],[75.974,36.382],[75.969,36.169],[75.934,36.134],[75.905,36.088],[75.912,36.049],[75.945,36.018],[76.01,35.996],[76.071,35.983],[76.103,35.949],[76.148,35.829],[76.178,35.811],[76.252,35.811],[76.386,35.837],[76.502,35.878],[76.551,35.887],[76.563,35.773],[76.632,35.729],[76.728,35.679],[76.767,35.662]]]}},{"type":"Feature","properties":{"code":"OMN","name":"Oman","continent":"Asia"},"geometry":{"type":"MultiPolygon","coordinates":[[[[58.722,20.219],[58.659,20.204],[58.641,20.211],[58.641,20.337],[58.788,20.497],[58.884,20.681],[58.951,20.516],[58.835,20.424],[58.772,20.267],[58.722,20.219]]],[[[53.086,16.648],[53.025,16.78],[52.964,16.912],[52.904,17.044],[52.843,17.176],[52.801,17.268],[52.729,17.3],[52.686,17.398],[52.642,17.498],[52.597,17.598],[52.553,17.698],[52.509,17.798],[52.465,17.897],[52.42,17.997],[52.376,18.097],[52.332,18.197],[52.288,18.297],[52.243,18.397],[52.199,18.497],[52.155,18.597],[52.11,18.696],[52.066,18.796],[52.022,18.896],[51.978,18.996],[52.119,19.043],[52.291,19.1],[52.463,19.158],[52.635,19.215],[52.807,19.272],[52.979,19.33],[53.151,19.387],[53.323,19.444],[53.495,19.502],[53.667,19.559],[53.839,19.617],[54.011,19.674],[54.183,19.731],[54.355,19.788],[54.527,19.846],[54.699,19.903],[54.871,19.96],[54.977,19.996],[55.021,20.129],[55.058,20.24],[55.095,20.351],[55.131,20.461],[55.168,20.572],[55.205,20.683],[55.241,20.793],[55.278,20.904],[55.314,21.015],[55.351,21.126],[55.388,21.236],[55.424,21.347],[55.461,21.458],[55.498,21.568],[55.534,21.679],[55.571,21.79],[55.607,21.9],[55.641,22.002],[55.578,22.1],[55.493,22.231],[55.404,22.368],[55.32,22.497],[55.259,22.591],[55.186,22.704],[55.194,22.85],[55.192,22.923],[55.2,23.035],[55.27,23.19],[55.353,23.387],[55.414,23.519],[55.466,23.633],[55.508,23.725],[55.532,23.819],[55.519,23.885],[55.492,23.91],[55.468,23.941],[55.548,23.991],[55.697,24.024],[55.779,24.017],[55.894,24.041],[55.985,24.063],[55.992,24.093],[55.966,24.143],[55.929,24.215],[55.8,24.223],[55.761,24.243],[55.806,24.35],[55.804,24.384],[55.787,24.424],[55.768,24.491],[55.778,24.577],[55.804,24.636],[55.804,24.684],[55.792,24.781],[55.796,24.868],[55.823,24.911],[55.871,24.951],[55.916,24.972],[55.963,24.97],[56.001,24.953],[56.017,24.908],[56.006,24.876],[55.98,24.872],[55.97,24.859],[56.008,24.798],[56.064,24.739],[56.107,24.749],[56.154,24.796],[56.205,24.833],[56.268,24.867],[56.314,24.931],[56.353,24.973],[56.388,24.979],[56.49,24.716],[56.641,24.47],[56.774,24.335],[56.913,24.15],[57.123,23.981],[57.22,23.923],[57.611,23.804],[57.825,23.759],[58.12,23.717],[58.325,23.624],[58.393,23.618],[58.5,23.646],[58.578,23.643],[58.773,23.517],[58.83,23.397],[58.912,23.334],[58.983,23.235],[59.03,23.131],[59.195,22.972],[59.311,22.793],[59.429,22.661],[59.535,22.579],[59.696,22.546],[59.823,22.509],[59.837,22.421],[59.824,22.305],[59.8,22.22],[59.681,22.054],[59.653,21.951],[59.518,21.782],[59.371,21.499],[59.304,21.435],[59.069,21.289],[58.896,21.113],[58.69,20.807],[58.534,20.504],[58.474,20.407],[58.349,20.387],[58.266,20.395],[58.209,20.424],[58.232,20.507],[58.245,20.599],[58.169,20.59],[58.103,20.57],[57.947,20.344],[57.862,20.244],[57.844,20.118],[57.802,19.955],[57.741,19.804],[57.714,19.678],[57.715,19.607],[57.761,19.432],[57.764,19.253],[57.79,19.146],[57.812,19.017],[57.738,18.977],[57.676,18.958],[57.428,18.944],[57.177,18.903],[56.957,18.828],[56.826,18.754],[56.655,18.587],[56.551,18.166],[56.383,17.988],[56.27,17.951],[55.998,17.935],[55.614,17.886],[55.479,17.843],[55.255,17.586],[55.238,17.505],[55.281,17.446],[55.296,17.382],[55.275,17.321],[55.174,17.158],[55.064,17.039],[54.772,16.965],[54.665,17.009],[54.567,17.031],[54.377,17.034],[54.068,17.006],[53.954,16.918],[53.775,16.856],[53.61,16.76],[53.298,16.723],[53.086,16.648]]],[[[56.298,25.651],[56.279,25.628],[56.25,25.625],[56.184,25.645],[56.145,25.691],[56.152,25.746],[56.154,25.848],[56.173,25.945],[56.167,26.047],[56.117,26.068],[56.08,26.063],[56.164,26.207],[56.197,26.229],[56.228,26.22],[56.306,26.235],[56.346,26.314],[56.379,26.356],[56.413,26.351],[56.43,26.327],[56.418,26.208],[56.416,26.109],[56.374,25.805],[56.329,25.752],[56.307,25.709],[56.298,25.651]]],[[[56.282,25.236],[56.24,25.209],[56.211,25.213],[56.217,25.267],[56.234,25.304],[56.277,25.301],[56.288,25.279],[56.282,25.236]]]]}},{"type":"Feature","properties":{"code":"PRK","name":"North Korea","continent":"Asia"},"geometry":{"type":"MultiPolygon","coordinates":[[[[128.375,38.623],[128.339,38.608],[128.279,38.524],[128.223,38.417],[128.169,38.359],[128.106,38.327],[128.039,38.309],[127.905,38.3],[127.785,38.308],[127.746,38.319],[127.579,38.312],[127.533,38.305],[127.294,38.313],[127.17,38.305],[127.09,38.284],[127.01,38.241],[126.94,38.176],[126.879,38.106],[126.754,37.979],[126.667,37.917],[126.667,37.828],[126.665,37.801],[126.634,37.782],[126.623,37.79],[126.573,37.797],[126.37,37.878],[126.203,37.829],[126.161,37.764],[126.117,37.743],[126.05,37.87],[125.942,37.874],[125.769,37.985],[125.695,37.963],[125.676,37.918],[125.582,37.815],[125.449,37.73],[125.407,37.719],[125.358,37.725],[125.365,37.748],[125.311,37.844],[125.102,37.882],[125.027,37.923],[124.989,37.931],[125.193,38.038],[125.247,38.057],[125.207,38.082],[125.163,38.094],[124.995,38.078],[124.907,38.113],[124.779,38.102],[124.691,38.129],[124.875,38.233],[124.883,38.295],[124.881,38.342],[124.974,38.48],[125.067,38.557],[125.31,38.665],[125.415,38.68],[125.492,38.676],[125.554,38.686],[125.489,38.728],[125.424,38.747],[125.299,38.743],[125.169,38.806],[125.157,38.872],[125.41,39.288],[125.413,39.326],[125.374,39.428],[125.361,39.527],[125.18,39.583],[125.1,39.59],[124.868,39.702],[124.775,39.758],[124.739,39.742],[124.732,39.652],[124.699,39.632],[124.638,39.615],[124.608,39.717],[124.557,39.791],[124.404,39.866],[124.349,39.907],[124.375,39.996],[124.362,40.004],[124.387,40.104],[124.481,40.182],[124.712,40.319],[124.772,40.384],[124.889,40.46],[124.942,40.458],[124.997,40.465],[125.013,40.498],[125.026,40.524],[125.073,40.547],[125.186,40.589],[125.314,40.645],[125.417,40.66],[125.543,40.743],[125.594,40.779],[125.645,40.779],[125.659,40.796],[125.688,40.839],[125.728,40.867],[125.784,40.872],[125.875,40.892],[125.989,40.905],[126.067,40.974],[126.093,41.024],[126.145,41.078],[126.254,41.138],[126.329,41.226],[126.412,41.321],[126.451,41.352],[126.49,41.358],[126.514,41.394],[126.54,41.496],[126.578,41.594],[126.601,41.641],[126.697,41.692],[126.722,41.717],[126.743,41.725],[126.788,41.718],[126.847,41.748],[126.904,41.781],[126.955,41.769],[127.007,41.742],[127.061,41.687],[127.085,41.644],[127.128,41.607],[127.137,41.555],[127.18,41.531],[127.271,41.52],[127.42,41.484],[127.517,41.482],[127.572,41.455],[127.688,41.44],[127.919,41.461],[128.013,41.449],[128.053,41.416],[128.111,41.389],[128.149,41.388],[128.2,41.433],[128.255,41.507],[128.291,41.563],[128.289,41.607],[128.258,41.655],[128.182,41.7],[128.132,41.769],[128.084,41.841],[128.056,41.864],[128.033,41.898],[128.029,41.952],[128.045,41.987],[128.16,42.012],[128.308,42.026],[128.427,42.011],[128.627,42.021],[128.749,42.041],[128.84,42.038],[128.923,42.038],[128.961,42.069],[129.077,42.142],[129.134,42.169],[129.196,42.218],[129.205,42.271],[129.218,42.313],[129.253,42.358],[129.314,42.414],[129.366,42.439],[129.424,42.436],[129.485,42.41],[129.524,42.385],[129.568,42.392],[129.604,42.436],[129.628,42.444],[129.698,42.448],[129.72,42.475],[129.746,42.604],[129.773,42.705],[129.779,42.777],[129.842,42.894],[129.861,42.965],[129.898,42.998],[129.941,42.996],[129.977,42.975],[130.022,42.963],[130.083,42.974],[130.125,42.956],[130.151,42.918],[130.24,42.892],[130.249,42.873],[130.247,42.745],[130.296,42.685],[130.361,42.631],[130.45,42.582],[130.498,42.571],[130.527,42.535],[130.554,42.475],[130.618,42.416],[130.652,42.373],[130.658,42.328],[130.687,42.303],[130.637,42.275],[130.569,42.292],[130.458,42.302],[130.315,42.214],[130.236,42.183],[130.18,42.097],[130.068,42.046],[130.007,41.991],[129.928,41.897],[129.876,41.806],[129.756,41.712],[129.686,41.595],[129.682,41.494],[129.759,41.392],[129.766,41.304],[129.712,41.124],[129.742,40.932],[129.709,40.857],[129.341,40.726],[129.245,40.661],[129.11,40.491],[128.945,40.428],[128.843,40.358],[128.701,40.318],[128.611,40.198],[128.511,40.13],[128.393,40.089],[128.304,40.036],[128.106,40.033],[127.967,39.996],[127.867,39.896],[127.568,39.782],[127.527,39.696],[127.547,39.563],[127.549,39.461],[127.523,39.377],[127.457,39.401],[127.422,39.374],[127.383,39.296],[127.395,39.208],[127.497,39.179],[127.581,39.143],[127.699,39.125],[127.786,39.084],[127.972,38.898],[128.123,38.816],[128.162,38.786],[128.249,38.745],[128.329,38.681],[128.375,38.623]]],[[[124.905,39.536],[124.849,39.508],[124.846,39.559],[124.89,39.602],[124.935,39.608],[124.905,39.536]]]]}},{"type":"Feature","properties":{"code":"NGA","name":"Nigeria","continent":"Africa"},"geometry":{"type":"MultiPolygon","coordinates":[[[[7.301,4.418],[7.204,4.388],[7.14,4.395],[7.227,4.527],[7.271,4.499],[7.328,4.487],[7.301,4.418]]],[[[13.606,13.705],[13.763,13.49],[13.932,13.258],[14.064,13.079],[14.16,12.613],[14.17,12.524],[14.178,12.484],[14.185,12.447],[14.197,12.384],[14.273,12.356],[14.415,12.344],[14.519,12.298],[14.581,12.222],[14.587,12.209],[14.62,12.151],[14.627,12.109],[14.618,11.987],[14.597,11.83],[14.562,11.729],[14.582,11.591],[14.575,11.532],[14.56,11.492],[14.496,11.446],[14.409,11.401],[14.202,11.268],[14.143,11.249],[14.057,11.245],[13.981,11.212],[13.892,11.14],[13.7,10.873],[13.535,10.605],[13.479,10.383],[13.415,10.171],[13.27,10.036],[13.25,9.96],[13.244,9.916],[13.239,9.814],[13.221,9.645],[13.199,9.564],[13.175,9.54],[13.019,9.488],[12.929,9.426],[12.876,9.304],[12.856,9.171],[12.824,9.019],[12.807,8.887],[12.782,8.818],[12.731,8.746],[12.652,8.668],[12.583,8.624],[12.404,8.596],[12.311,8.42],[12.233,8.282],[12.231,8.227],[12.156,7.942],[12.025,7.728],[12.017,7.652],[12.016,7.59],[11.852,7.401],[11.809,7.345],[11.767,7.272],[11.809,7.202],[11.855,7.138],[11.861,7.116],[11.787,7.056],[11.658,6.952],[11.58,6.889],[11.563,6.855],[11.552,6.697],[11.529,6.655],[11.478,6.597],[11.402,6.534],[11.325,6.485],[11.237,6.451],[11.153,6.438],[11.106,6.458],[11.08,6.506],[11.033,6.698],[11.009,6.739],[10.954,6.777],[10.846,6.882],[10.738,6.988],[10.606,7.063],[10.578,7.058],[10.556,7.037],[10.519,6.93],[10.482,6.891],[10.413,6.878],[10.293,6.877],[10.205,6.892],[10.186,6.913],[10.168,6.959],[10.144,6.996],[10.039,6.921],[9.874,6.803],[9.821,6.784],[9.78,6.76],[9.726,6.65],[9.66,6.532],[9.574,6.47],[9.49,6.419],[9.442,6.373],[9.373,6.32],[9.239,6.186],[9.06,6.009],[8.997,5.918],[8.935,5.781],[8.899,5.63],[8.859,5.464],[8.801,5.197],[8.716,5.047],[8.641,4.927],[8.585,4.833],[8.556,4.755],[8.544,4.758],[8.515,4.725],[8.431,4.746],[8.394,4.814],[8.342,4.825],[8.253,4.924],[8.234,4.907],[8.328,4.656],[8.293,4.558],[8.029,4.555],[7.801,4.522],[7.644,4.525],[7.566,4.561],[7.531,4.655],[7.517,4.645],[7.509,4.595],[7.46,4.555],[7.284,4.548],[7.207,4.612],[7.144,4.684],[7.077,4.716],[7.087,4.686],[7.164,4.616],[7.155,4.514],[7.013,4.397],[6.923,4.391],[6.868,4.441],[6.839,4.523],[6.825,4.645],[6.788,4.725],[6.768,4.725],[6.786,4.652],[6.792,4.593],[6.793,4.469],[6.86,4.373],[6.757,4.344],[6.715,4.342],[6.633,4.34],[6.617,4.376],[6.602,4.455],[6.58,4.476],[6.555,4.341],[6.5,4.332],[6.462,4.333],[6.3,4.304],[6.264,4.309],[6.256,4.334],[6.275,4.372],[6.271,4.432],[6.215,4.385],[6.206,4.292],[6.173,4.277],[6.077,4.291],[5.971,4.339],[5.906,4.388],[5.799,4.456],[5.588,4.647],[5.554,4.733],[5.493,4.839],[5.448,4.946],[5.383,5.129],[5.403,5.142],[5.452,5.127],[5.476,5.154],[5.388,5.174],[5.37,5.195],[5.364,5.259],[5.368,5.338],[5.439,5.365],[5.501,5.379],[5.532,5.426],[5.55,5.474],[5.386,5.402],[5.232,5.484],[5.199,5.534],[5.216,5.572],[5.289,5.577],[5.394,5.575],[5.457,5.612],[5.418,5.625],[5.35,5.623],[5.325,5.648],[5.327,5.708],[5.305,5.694],[5.276,5.642],[5.173,5.603],[5.112,5.642],[5.106,5.728],[5.093,5.767],[5.042,5.798],[4.861,6.026],[4.634,6.217],[4.431,6.349],[4.126,6.411],[3.487,6.409],[3.451,6.427],[3.49,6.457],[3.546,6.477],[3.752,6.584],[3.717,6.598],[3.503,6.531],[3.43,6.525],[3.336,6.397],[2.772,6.376],[2.706,6.369],[2.708,6.428],[2.736,6.596],[2.754,6.662],[2.775,6.712],[2.753,6.772],[2.732,6.853],[2.721,6.98],[2.748,7.02],[2.757,7.068],[2.751,7.143],[2.75,7.395],[2.766,7.423],[2.784,7.443],[2.785,7.477],[2.751,7.542],[2.719,7.616],[2.72,7.723],[2.708,7.827],[2.686,7.874],[2.702,8.05],[2.712,8.273],[2.703,8.372],[2.724,8.442],[2.735,8.614],[2.733,8.783],[2.775,9.049],[2.898,9.061],[3.045,9.084],[3.11,9.188],[3.148,9.321],[3.136,9.452],[3.165,9.495],[3.223,9.566],[3.329,9.667],[3.325,9.778],[3.354,9.813],[3.405,9.839],[3.477,9.852],[3.557,9.907],[3.602,10.005],[3.646,10.16],[3.577,10.268],[3.578,10.292],[3.604,10.351],[3.647,10.409],[3.68,10.428],[3.758,10.413],[3.772,10.418],[3.784,10.436],[3.834,10.607],[3.83,10.654],[3.757,10.769],[3.745,10.85],[3.734,10.972],[3.716,11.08],[3.695,11.12],[3.656,11.155],[3.639,11.177],[3.488,11.395],[3.491,11.499],[3.554,11.632],[3.595,11.696],[3.653,11.732],[3.665,11.762],[3.647,11.8],[3.618,11.828],[3.612,11.887],[3.62,11.927],[3.641,11.97],[3.633,12.062],[3.634,12.202],[3.644,12.405],[3.647,12.53],[3.769,12.622],[3.948,12.775],[4.039,12.935],[4.087,13.055],[4.148,13.458],[4.191,13.482],[4.242,13.501],[4.421,13.648],[4.559,13.702],[4.665,13.733],[4.823,13.76],[4.922,13.749],[5.101,13.743],[5.242,13.757],[5.362,13.837],[5.416,13.859],[5.492,13.873],[5.838,13.765],[6.184,13.664],[6.247,13.673],[6.3,13.659],[6.386,13.604],[6.514,13.485],[6.59,13.409],[6.627,13.364],[6.804,13.108],[6.871,13.043],[6.937,13.008],[7.005,12.996],[7.057,13.0],[7.106,13.029],[7.173,13.086],[7.275,13.112],[7.358,13.107],[7.789,13.338],[7.83,13.341],[7.956,13.323],[8.095,13.291],[8.456,13.06],[8.751,12.908],[8.958,12.857],[9.202,12.821],[9.616,12.811],[9.929,13.135],[10.045,13.206],[10.185,13.27],[10.23,13.281],[10.476,13.33],[10.959,13.372],[11.412,13.354],[11.501,13.341],[11.693,13.298],[11.99,13.192],[12.118,13.09],[12.319,13.074],[12.463,13.094],[12.51,13.194],[12.655,13.327],[12.76,13.38],[12.872,13.449],[13.048,13.535],[13.194,13.573],[13.324,13.671],[13.427,13.702],[13.606,13.705]]]]}},{"type":"Feature","properties":{"code":"NER","name":"Niger","continent":"Africa"},"geometry":{"type":"Polygon","coordinates":[[[13.606,13.705],[13.427,13.702],[13.324,13.671],[13.194,13.573],[13.048,13.535],[12.872,13.449],[12.76,13.38],[12.655,13.327],[12.51,13.194],[12.463,13.094],[12.319,13.074],[12.118,13.09],[11.99,13.192],[11.693,13.298],[11.501,13.341],[11.412,13.354],[10.959,13.372],[10.476,13.33],[10.23,13.281],[10.185,13.27],[10.045,13.206],[9.929,13.135],[9.616,12.811],[9.202,12.821],[8.958,12.857],[8.751,12.908],[8.456,13.06],[8.095,13.291],[7.956,13.323],[7.83,13.341],[7.789,13.338],[7.358,13.107],[7.275,13.112],[7.173,13.086],[7.106,13.029],[7.057,13.0],[7.005,12.996],[6.937,13.008],[6.871,13.043],[6.804,13.108],[6.627,13.364],[6.59,13.409],[6.514,13.485],[6.386,13.604],[6.3,13.659],[6.247,13.673],[6.184,13.664],[5.838,13.765],[5.492,13.873],[5.416,13.859],[5.362,13.837],[5.242,13.757],[5.101,13.743],[4.922,13.749],[4.823,13.76],[4.665,13.733],[4.559,13.702],[4.421,13.648],[4.242,13.501],[4.191,13.482],[4.148,13.458],[4.087,13.055],[4.039,12.935],[3.948,12.775],[3.769,12.622],[3.647,12.53],[3.644,12.405],[3.634,12.202],[3.633,12.062],[3.641,11.97],[3.62,11.927],[3.612,11.887],[3.618,11.828],[3.647,11.8],[3.665,11.762],[3.653,11.732],[3.595,11.696],[3.532,11.787],[3.45,11.852],[3.36,11.88],[3.299,11.927],[3.267,11.992],[3.15,12.118],[2.878,12.368],[2.85,12.374],[2.805,12.384],[2.729,12.354],[2.681,12.313],[2.648,12.297],[2.598,12.294],[2.469,12.263],[2.366,12.222],[2.363,12.188],[2.413,11.999],[2.389,11.897],[2.343,11.946],[2.194,12.136],[2.091,12.278],[2.073,12.309],[2.058,12.358],[2.069,12.379],[2.109,12.394],[2.204,12.413],[2.221,12.427],[2.226,12.466],[2.212,12.538],[2.16,12.636],[2.105,12.701],[2.074,12.714],[2.017,12.716],[1.956,12.707],[1.841,12.628],[1.79,12.613],[1.671,12.62],[1.565,12.635],[1.5,12.676],[1.309,12.834],[1.097,13.001],[1.008,13.025],[0.987,13.042],[0.973,13.17],[0.977,13.325],[0.988,13.365],[1.077,13.341],[1.171,13.33],[1.201,13.358],[1.126,13.412],[1.018,13.468],[0.978,13.552],[0.947,13.581],[0.898,13.611],[0.842,13.626],[0.786,13.65],[0.748,13.675],[0.685,13.685],[0.618,13.703],[0.522,13.84],[0.429,13.972],[0.374,14.076],[0.355,14.139],[0.383,14.246],[0.355,14.288],[0.251,14.396],[0.164,14.497],[0.185,14.653],[0.203,14.783],[0.204,14.865],[0.217,14.911],[0.229,14.964],[0.286,14.98],[0.433,14.979],[0.719,14.955],[0.947,14.982],[0.96,14.987],[1.121,15.126],[1.3,15.272],[1.569,15.286],[1.859,15.302],[2.088,15.309],[2.421,15.32],[2.69,15.33],[3.001,15.341],[3.011,15.408],[3.029,15.425],[3.06,15.427],[3.289,15.391],[3.504,15.356],[3.521,15.483],[3.71,15.642],[3.817,15.674],[3.843,15.702],[3.877,15.755],[3.898,15.838],[3.907,15.897],[3.947,15.946],[3.976,16.036],[4.015,16.193],[4.121,16.358],[4.182,16.582],[4.191,16.798],[4.203,16.963],[4.235,16.996],[4.234,17.288],[4.233,17.582],[4.232,17.831],[4.231,18.139],[4.23,18.411],[4.229,18.704],[4.228,18.968],[4.228,19.143],[4.446,19.185],[4.671,19.228],[5.001,19.291],[5.359,19.36],[5.748,19.434],[5.837,19.479],[6.131,19.732],[6.263,19.846],[6.527,20.073],[6.731,20.248],[6.989,20.471],[7.263,20.694],[7.482,20.873],[7.825,21.076],[8.343,21.381],[8.861,21.686],[9.379,21.991],[9.896,22.297],[10.414,22.602],[10.932,22.907],[11.45,23.213],[11.968,23.518],[12.489,23.402],[12.984,23.291],[13.481,23.18],[13.599,23.12],[13.863,22.902],[14.201,22.624],[14.216,22.62],[14.231,22.618],[14.556,22.783],[14.979,22.996],[14.979,22.996],[15.089,22.418],[15.172,21.922],[15.178,21.606],[15.182,21.523],[15.216,21.467],[15.294,21.412],[15.607,20.954],[15.54,20.875],[15.587,20.733],[15.668,20.672],[15.929,20.4],[15.963,20.346],[15.949,20.303],[15.766,19.983],[15.735,19.904],[15.699,19.495],[15.673,19.207],[15.638,18.811],[15.596,18.337],[15.562,17.937],[15.517,17.408],[15.474,16.908],[15.212,16.634],[14.747,16.147],[14.368,15.75],[14.178,15.485],[13.807,14.966],[13.642,14.631],[13.514,14.456],[13.448,14.381],[13.506,14.134],[13.606,13.705]]]}},{"type":"Feature","properties":{"code":"NPL","name":"Nepal","continent":"Asia"},"geometry":{"type":"Polygon","coordinates":[[[88.11,27.871],[88.15,27.843],[88.154,27.799],[88.147,27.749],[88.106,27.642],[88.068,27.567],[88.024,27.409],[87.984,27.134],[87.993,27.086],[88.111,26.928],[88.157,26.807],[88.162,26.725],[88.112,26.586],[88.055,26.43],[88.027,26.395],[87.995,26.382],[87.849,26.437],[87.749,26.429],[87.633,26.399],[87.513,26.405],[87.414,26.423],[87.287,26.36],[87.167,26.394],[87.09,26.433],[87.038,26.542],[87.016,26.555],[86.763,26.442],[86.701,26.435],[86.544,26.496],[86.414,26.556],[86.366,26.574],[86.242,26.598],[86.129,26.612],[86.007,26.649],[85.856,26.6],[85.795,26.604],[85.737,26.64],[85.707,26.713],[85.7,26.782],[85.648,26.829],[85.568,26.84],[85.456,26.797],[85.293,26.741],[85.24,26.75],[85.192,26.767],[85.174,26.782],[85.152,26.847],[85.125,26.861],[85.087,26.863],[85.02,26.879],[84.937,26.927],[84.685,27.041],[84.654,27.092],[84.655,27.204],[84.641,27.25],[84.61,27.299],[84.481,27.348],[84.23,27.428],[84.091,27.491],[84.025,27.462],[83.897,27.435],[83.829,27.378],[83.747,27.396],[83.552,27.456],[83.447,27.465],[83.384,27.445],[83.369,27.41],[83.29,27.371],[83.214,27.402],[83.064,27.445],[82.933,27.468],[82.733,27.519],[82.711,27.597],[82.677,27.673],[82.63,27.687],[82.451,27.672],[82.288,27.757],[82.112,27.865],[82.037,27.901],[81.988,27.914],[81.945,27.899],[81.897,27.874],[81.853,27.867],[81.757,27.914],[81.636,27.98],[81.486,28.062],[81.311,28.176],[81.239,28.241],[81.206,28.289],[81.169,28.335],[81.017,28.41],[80.896,28.469],[80.751,28.54],[80.726,28.554],[80.671,28.596],[80.587,28.65],[80.518,28.665],[80.496,28.636],[80.479,28.605],[80.419,28.612],[80.325,28.666],[80.227,28.723],[80.15,28.776],[80.071,28.83],[80.052,28.87],[80.085,28.994],[80.13,29.1],[80.17,29.124],[80.233,29.195],[80.256,29.318],[80.255,29.423],[80.317,29.572],[80.402,29.73],[80.549,29.9],[80.613,29.956],[80.684,29.994],[80.82,30.119],[80.848,30.14],[80.908,30.172],[80.966,30.18],[81.01,30.165],[81.056,30.099],[81.11,30.037],[81.177,30.04],[81.255,30.093],[81.417,30.338],[81.642,30.387],[81.855,30.362],[82.043,30.327],[82.099,30.245],[82.135,30.159],[82.159,30.115],[82.221,30.064],[82.487,29.942],[82.641,29.831],[82.854,29.683],[83.014,29.618],[83.155,29.613],[83.235,29.555],[83.355,29.439],[83.457,29.306],[83.583,29.184],[83.671,29.188],[83.79,29.227],[83.936,29.279],[84.022,29.254],[84.101,29.22],[84.128,29.156],[84.176,29.036],[84.229,28.912],[84.312,28.868],[84.411,28.804],[84.465,28.753],[84.651,28.66],[84.677,28.622],[84.714,28.596],[84.759,28.579],[84.797,28.56],[84.855,28.554],[85.069,28.61],[85.126,28.603],[85.159,28.592],[85.16,28.572],[85.121,28.484],[85.089,28.372],[85.122,28.316],[85.212,28.293],[85.411,28.276],[85.678,28.277],[85.759,28.221],[85.84,28.135],[85.922,27.99],[85.954,27.928],[85.995,27.91],[86.064,27.935],[86.075,27.995],[86.079,28.084],[86.137,28.114],[86.174,28.092],[86.218,28.022],[86.329,27.96],[86.409,27.929],[86.485,27.94],[86.517,27.964],[86.554,28.085],[86.614,28.103],[86.691,28.095],[86.72,28.071],[86.75,28.022],[86.842,27.999],[86.934,27.968],[87.02,27.929],[87.141,27.838],[87.291,27.822],[87.464,27.824],[87.555,27.822],[87.623,27.815],[87.683,27.821],[87.861,27.886],[87.933,27.891],[88.023,27.883],[88.11,27.871]]]}},{"type":"Feature","properties":{"code":"NAM","name":"Namibia","continent":"Africa"},"geometry":{"type":"Polygon","coordinates":[[[23.381,-17.641],[23.595,-17.599],[23.799,-17.56],[24.037,-17.521],[24.227,-17.49],[24.275,-17.481],[24.733,-17.518],[24.932,-17.543],[25.002,-17.569],[25.092,-17.634],[25.259,-17.794],[25.216,-17.788],[24.909,-17.821],[24.792,-17.865],[24.531,-18.053],[24.475,-18.029],[24.412,-17.989],[24.359,-17.978],[24.244,-18.023],[24.129,-18.078],[24.003,-18.154],[23.898,-18.229],[23.864,-18.27],[23.7,-18.424],[23.647,-18.449],[23.6,-18.46],[23.581,-18.453],[23.56,-18.386],[23.46,-18.231],[23.299,-18.027],[23.252,-18.008],[23.219,-18.0],[23.1,-18.01],[22.753,-18.067],[22.46,-18.116],[22.011,-18.199],[21.53,-18.266],[21.233,-18.307],[20.974,-18.319],[20.974,-18.521],[20.975,-18.929],[20.976,-19.336],[20.976,-19.744],[20.977,-20.152],[20.977,-20.56],[20.978,-20.968],[20.979,-21.376],[20.979,-21.784],[20.979,-21.962],[20.971,-22.0],[20.823,-22.0],[20.488,-22.0],[20.205,-22.0],[19.977,-22.0],[19.978,-22.243],[19.978,-22.529],[19.978,-22.816],[19.979,-23.103],[19.979,-23.389],[19.979,-23.676],[19.98,-23.962],[19.98,-24.249],[19.98,-24.536],[19.98,-24.752],[19.98,-24.777],[19.98,-25.197],[19.98,-25.642],[19.98,-26.086],[19.98,-26.531],[19.98,-26.976],[19.98,-27.421],[19.98,-27.866],[19.98,-28.31],[19.98,-28.451],[19.878,-28.449],[19.671,-28.504],[19.54,-28.575],[19.483,-28.662],[19.407,-28.714],[19.313,-28.733],[19.271,-28.778],[19.282,-28.848],[19.246,-28.902],[19.162,-28.939],[19.026,-28.928],[18.839,-28.869],[18.6,-28.855],[18.311,-28.886],[18.103,-28.872],[17.976,-28.811],[17.842,-28.777],[17.699,-28.768],[17.617,-28.743],[17.448,-28.698],[17.416,-28.621],[17.396,-28.563],[17.348,-28.501],[17.343,-28.452],[17.38,-28.414],[17.386,-28.353],[17.359,-28.269],[17.312,-28.229],[17.246,-28.231],[17.205,-28.199],[17.188,-28.133],[17.149,-28.082],[17.056,-28.031],[16.933,-28.07],[16.875,-28.128],[16.841,-28.219],[16.81,-28.265],[16.795,-28.341],[16.788,-28.395],[16.756,-28.452],[16.723,-28.475],[16.689,-28.465],[16.626,-28.488],[16.487,-28.573],[16.448,-28.618],[16.335,-28.537],[16.007,-28.232],[15.891,-28.153],[15.719,-27.966],[15.342,-27.387],[15.288,-27.275],[15.216,-26.995],[15.133,-26.788],[15.124,-26.668],[15.163,-26.6],[15.139,-26.508],[15.097,-26.426],[14.968,-26.318],[14.931,-25.958],[14.845,-25.726],[14.864,-25.534],[14.823,-25.359],[14.819,-25.246],[14.837,-25.033],[14.768,-24.788],[14.628,-24.548],[14.502,-24.202],[14.483,-24.05],[14.497,-23.643],[14.472,-23.477],[14.474,-23.281],[14.424,-23.079],[14.403,-22.968],[14.438,-22.881],[14.459,-22.908],[14.496,-22.921],[14.52,-22.805],[14.526,-22.703],[14.463,-22.449],[14.322,-22.19],[13.973,-21.768],[13.888,-21.607],[13.839,-21.473],[13.451,-20.917],[13.284,-20.524],[13.168,-20.185],[13.042,-20.028],[12.458,-18.927],[12.329,-18.751],[12.096,-18.541],[12.041,-18.471],[11.951,-18.271],[11.776,-18.002],[11.733,-17.751],[11.722,-17.467],[11.743,-17.249],[11.903,-17.227],[12.014,-17.169],[12.114,-17.165],[12.213,-17.21],[12.318,-17.213],[12.359,-17.206],[12.548,-17.213],[12.657,-17.161],[12.785,-17.108],[12.859,-17.063],[12.963,-17.015],[13.101,-16.968],[13.179,-16.972],[13.276,-16.99],[13.404,-17.008],[13.476,-17.04],[13.562,-17.141],[13.694,-17.233],[13.792,-17.288],[13.904,-17.361],[13.938,-17.389],[13.987,-17.404],[14.017,-17.409],[14.226,-17.398],[14.415,-17.388],[14.618,-17.388],[15.001,-17.389],[15.383,-17.389],[15.766,-17.39],[16.148,-17.39],[16.531,-17.391],[16.914,-17.391],[17.296,-17.392],[17.679,-17.393],[17.835,-17.393],[18.109,-17.396],[18.396,-17.399],[18.428,-17.405],[18.46,-17.425],[18.487,-17.443],[18.588,-17.57],[18.718,-17.703],[18.826,-17.766],[18.955,-17.804],[19.076,-17.818],[19.189,-17.808],[19.377,-17.825],[19.639,-17.869],[19.912,-17.881],[20.194,-17.864],[20.393,-17.887],[20.508,-17.953],[20.625,-17.997],[20.746,-18.02],[20.908,-18.006],[21.113,-17.956],[21.288,-17.963],[21.369,-18.0],[21.417,-18.001],[21.718,-17.948],[21.961,-17.905],[22.324,-17.837],[22.624,-17.782],[23.068,-17.699],[23.381,-17.641]]]}},{"type":"Feature","properties":{"code":"MOZ","name":"Mozambique","continent":"Africa"},"geometry":{"type":"Polygon","coordinates":[[[31.288,-22.402],[31.429,-22.299],[31.571,-22.154],[31.738,-21.983],[31.886,-21.832],[32.016,-21.698],[32.195,-21.515],[32.371,-21.335],[32.412,-21.312],[32.43,-21.297],[32.354,-21.137],[32.476,-20.95],[32.483,-20.829],[32.478,-20.713],[32.492,-20.66],[32.529,-20.613],[32.673,-20.516],[32.781,-20.362],[32.87,-20.217],[32.993,-19.985],[33.005,-19.93],[33.007,-19.874],[32.973,-19.795],[32.89,-19.668],[32.831,-19.558],[32.778,-19.389],[32.831,-19.241],[32.85,-19.152],[32.85,-19.104],[32.826,-19.059],[32.766,-19.024],[32.717,-19.002],[32.7,-18.941],[32.699,-18.868],[32.722,-18.828],[32.854,-18.764],[32.885,-18.729],[32.9,-18.689],[32.902,-18.633],[32.942,-18.493],[32.993,-18.36],[32.996,-18.313],[32.979,-18.271],[32.965,-18.196],[32.956,-18.083],[32.955,-17.765],[32.981,-17.438],[32.969,-17.252],[32.884,-17.038],[32.876,-16.884],[32.938,-16.776],[32.948,-16.712],[32.903,-16.704],[32.81,-16.698],[32.742,-16.678],[32.636,-16.589],[32.452,-16.516],[32.243,-16.449],[31.94,-16.429],[31.688,-16.214],[31.49,-16.18],[31.426,-16.152],[31.236,-16.024],[30.939,-16.012],[30.63,-15.999],[30.438,-15.995],[30.409,-15.978],[30.398,-15.801],[30.396,-15.643],[30.38,-15.506],[30.351,-15.35],[30.306,-15.289],[30.252,-15.183],[30.225,-15.067],[30.222,-15.011],[30.232,-14.99],[30.446,-14.908],[30.538,-14.867],[30.673,-14.819],[30.915,-14.753],[31.131,-14.695],[31.329,-14.638],[31.538,-14.577],[31.623,-14.537],[31.729,-14.496],[31.982,-14.414],[32.054,-14.387],[32.2,-14.341],[32.273,-14.323],[32.553,-14.23],[32.875,-14.122],[32.987,-14.085],[33.202,-14.013],[33.244,-14.043],[33.39,-14.289],[33.505,-14.434],[33.636,-14.568],[33.658,-14.562],[33.696,-14.53],[33.761,-14.517],[33.97,-14.487],[34.049,-14.485],[34.102,-14.449],[34.209,-14.424],[34.333,-14.409],[34.375,-14.425],[34.505,-14.598],[34.524,-14.731],[34.551,-14.922],[34.558,-15.016],[34.555,-15.141],[34.541,-15.297],[34.435,-15.477],[34.415,-15.567],[34.358,-15.705],[34.283,-15.773],[34.246,-15.829],[34.248,-15.887],[34.288,-15.936],[34.376,-16.024],[34.403,-16.08],[34.395,-16.131],[34.396,-16.199],[34.416,-16.247],[34.441,-16.274],[34.528,-16.319],[34.613,-16.432],[34.759,-16.567],[34.933,-16.76],[35.015,-16.82],[35.08,-16.834],[35.112,-16.899],[35.094,-16.974],[35.044,-17.017],[35.065,-17.079],[35.093,-17.111],[35.125,-17.127],[35.201,-17.131],[35.273,-17.118],[35.29,-17.097],[35.281,-16.808],[35.23,-16.639],[35.178,-16.573],[35.167,-16.56],[35.185,-16.505],[35.243,-16.375],[35.292,-16.247],[35.322,-16.193],[35.358,-16.161],[35.599,-16.126],[35.709,-16.096],[35.755,-16.058],[35.791,-15.959],[35.82,-15.68],[35.83,-15.419],[35.805,-15.266],[35.84,-15.035],[35.893,-14.892],[35.867,-14.864],[35.847,-14.671],[35.69,-14.466],[35.488,-14.201],[35.376,-14.059],[35.247,-13.897],[35.014,-13.643],[34.907,-13.552],[34.85,-13.516],[34.662,-13.487],[34.612,-13.438],[34.564,-13.36],[34.546,-13.216],[34.543,-13.109],[34.521,-12.926],[34.483,-12.667],[34.466,-12.591],[34.412,-12.396],[34.361,-12.211],[34.358,-12.165],[34.376,-12.12],[34.463,-11.984],[34.525,-11.887],[34.554,-11.834],[34.606,-11.69],[34.619,-11.62],[34.66,-11.589],[34.827,-11.576],[34.959,-11.578],[35.183,-11.575],[35.418,-11.583],[35.451,-11.59],[35.504,-11.605],[35.564,-11.602],[35.631,-11.582],[35.705,-11.532],[35.785,-11.453],[35.911,-11.455],[36.082,-11.537],[36.175,-11.609],[36.191,-11.671],[36.306,-11.706],[36.519,-11.716],[36.674,-11.684],[36.771,-11.61],[36.873,-11.571],[36.979,-11.567],[37.059,-11.592],[37.114,-11.647],[37.218,-11.687],[37.373,-11.71],[37.542,-11.675],[37.725,-11.581],[37.829,-11.482],[37.855,-11.379],[37.885,-11.317],[37.92,-11.295],[38.017,-11.282],[38.177,-11.279],[38.315,-11.311],[38.492,-11.413],[38.603,-11.345],[38.795,-11.229],[38.987,-11.167],[39.171,-11.167],[39.322,-11.123],[39.439,-11.035],[39.563,-10.979],[39.694,-10.955],[39.817,-10.912],[39.989,-10.821],[40.166,-10.688],[40.347,-10.552],[40.464,-10.464],[40.517,-10.567],[40.612,-10.662],[40.555,-10.716],[40.487,-10.765],[40.597,-10.831],[40.516,-10.93],[40.506,-10.998],[40.527,-11.025],[40.545,-11.066],[40.491,-11.179],[40.421,-11.266],[40.403,-11.332],[40.465,-11.449],[40.433,-11.657],[40.494,-11.844],[40.51,-11.94],[40.532,-12.005],[40.501,-12.119],[40.509,-12.313],[40.523,-12.393],[40.487,-12.492],[40.548,-12.527],[40.581,-12.636],[40.572,-12.758],[40.553,-12.825],[40.448,-12.905],[40.435,-12.936],[40.437,-12.983],[40.569,-12.985],[40.573,-13.058],[40.564,-13.115],[40.57,-13.223],[40.552,-13.294],[40.583,-13.374],[40.545,-13.463],[40.558,-13.531],[40.56,-13.62],[40.591,-13.845],[40.596,-14.123],[40.603,-14.167],[40.65,-14.199],[40.716,-14.214],[40.713,-14.291],[40.64,-14.39],[40.636,-14.452],[40.646,-14.539],[40.727,-14.421],[40.775,-14.421],[40.818,-14.468],[40.812,-14.536],[40.827,-14.569],[40.821,-14.635],[40.845,-14.719],[40.835,-14.792],[40.776,-14.842],[40.701,-14.93],[40.687,-15.012],[40.694,-15.065],[40.642,-15.082],[40.618,-15.116],[40.653,-15.193],[40.651,-15.261],[40.559,-15.473],[40.314,-15.764],[40.208,-15.867],[40.109,-15.979],[40.109,-16.025],[40.099,-16.065],[39.984,-16.225],[39.86,-16.252],[39.791,-16.295],[39.845,-16.436],[39.765,-16.468],[39.625,-16.579],[39.242,-16.793],[39.182,-16.842],[39.084,-16.973],[38.956,-17.005],[38.885,-17.042],[38.758,-17.055],[38.713,-17.046],[38.67,-17.05],[38.633,-17.078],[38.381,-17.17],[38.145,-17.243],[38.087,-17.276],[38.048,-17.321],[37.839,-17.393],[37.512,-17.571],[37.245,-17.74],[37.051,-17.909],[37.0,-17.935],[36.939,-17.993],[36.919,-18.08],[36.9,-18.129],[36.756,-18.307],[36.54,-18.518],[36.498,-18.576],[36.412,-18.693],[36.404,-18.77],[36.327,-18.793],[36.263,-18.72],[36.236,-18.861],[36.183,-18.871],[36.125,-18.842],[35.98,-18.913],[35.854,-18.993],[35.651,-19.164],[35.365,-19.494],[34.948,-19.813],[34.891,-19.822],[34.852,-19.821],[34.721,-19.71],[34.649,-19.701],[34.713,-19.767],[34.756,-19.822],[34.745,-19.929],[34.75,-20.091],[34.698,-20.404],[34.705,-20.473],[34.765,-20.562],[34.877,-20.671],[34.982,-20.806],[35.118,-21.195],[35.128,-21.395],[35.268,-21.651],[35.273,-21.762],[35.329,-22.037],[35.326,-22.26],[35.316,-22.397],[35.383,-22.455],[35.408,-22.403],[35.401,-22.316],[35.419,-22.178],[35.456,-22.116],[35.494,-22.125],[35.505,-22.19],[35.53,-22.248],[35.54,-22.303],[35.542,-22.377],[35.49,-22.658],[35.506,-22.772],[35.575,-22.963],[35.494,-23.185],[35.377,-23.708],[35.37,-23.798],[35.399,-23.838],[35.462,-23.851],[35.485,-23.784],[35.522,-23.785],[35.542,-23.824],[35.49,-24.066],[35.438,-24.171],[35.255,-24.43],[35.156,-24.541],[34.992,-24.651],[34.607,-24.821],[33.836,-25.068],[33.53,-25.189],[33.347,-25.261],[32.961,-25.49],[32.792,-25.644],[32.723,-25.821],[32.656,-25.902],[32.59,-26.004],[32.647,-26.092],[32.704,-26.158],[32.77,-26.203],[32.804,-26.241],[32.849,-26.268],[32.894,-26.13],[32.916,-26.087],[32.955,-26.084],[32.934,-26.252],[32.889,-26.83],[32.886,-26.849],[32.777,-26.851],[32.589,-26.856],[32.478,-26.858],[32.354,-26.862],[32.2,-26.833],[32.113,-26.839],[32.106,-26.52],[32.078,-26.45],[32.048,-26.347],[32.041,-26.281],[32.06,-26.215],[32.069,-26.11],[32.061,-26.018],[31.968,-25.972],[31.948,-25.958],[31.928,-25.885],[31.92,-25.774],[31.985,-25.632],[31.979,-25.359],[31.987,-25.263],[31.986,-25.074],[31.984,-24.844],[31.983,-24.638],[31.986,-24.461],[31.967,-24.376],[31.951,-24.33],[31.908,-24.236],[31.858,-24.04],[31.8,-23.892],[31.724,-23.795],[31.7,-23.743],[31.676,-23.674],[31.604,-23.553],[31.546,-23.482],[31.53,-23.426],[31.532,-23.279],[31.467,-23.017],[31.419,-22.825],[31.348,-22.618],[31.3,-22.479],[31.293,-22.455],[31.288,-22.402]],[[34.642,-12.014],[34.624,-11.985],[34.591,-11.971],[34.554,-11.982],[34.542,-12.019],[34.58,-12.066],[34.622,-12.067],[34.642,-12.014]],[[34.719,-12.111],[34.746,-12.088],[34.756,-12.059],[34.756,-12.031],[34.739,-12.013],[34.715,-12.003],[34.68,-12.009],[34.667,-12.048],[34.662,-12.101],[34.684,-12.119],[34.719,-12.111]]]}},{"type":"Feature","properties":{"code":"MAR","name":"Morocco","continent":"Africa"},"geometry":{"type":"Polygon","coordinates":[[[-2.22,35.104],[-2.191,35.03],[-2.132,34.971],[-1.921,34.836],[-1.796,34.752],[-1.792,34.723],[-1.832,34.655],[-1.85,34.607],[-1.817,34.557],[-1.739,34.496],[-1.733,34.467],[-1.752,34.433],[-1.792,34.368],[-1.707,34.176],[-1.693,33.99],[-1.715,33.858],[-1.714,33.782],[-1.703,33.717],[-1.631,33.567],[-1.679,33.319],[-1.625,33.183],[-1.551,33.074],[-1.51,32.878],[-1.45,32.785],[-1.352,32.703],[-1.296,32.676],[-1.188,32.608],[-1.111,32.552],[-1.066,32.468],[-1.163,32.399],[-1.24,32.338],[-1.262,32.271],[-1.226,32.165],[-1.226,32.107],[-1.275,32.089],[-1.477,32.095],[-1.635,32.1],[-1.817,32.105],[-2.073,32.115],[-2.231,32.121],[-2.448,32.13],[-2.523,32.126],[-2.723,32.096],[-2.863,32.075],[-2.887,32.069],[-2.931,32.043],[-2.961,31.964],[-2.988,31.874],[-3.017,31.834],[-3.44,31.705],[-3.605,31.687],[-3.7,31.7],[-3.768,31.69],[-3.827,31.662],[-3.847,31.62],[-3.85,31.566],[-3.837,31.512],[-3.796,31.437],[-3.789,31.362],[-3.815,31.309],[-3.821,31.255],[-3.833,31.198],[-3.812,31.167],[-3.771,31.162],[-3.73,31.135],[-3.673,31.111],[-3.625,31.066],[-3.627,31.001],[-3.667,30.964],[-3.702,30.944],[-3.86,30.927],[-3.985,30.914],[-4.149,30.81],[-4.323,30.699],[-4.529,30.626],[-4.62,30.605],[-4.779,30.552],[-4.968,30.465],[-5.062,30.326],[-5.18,30.166],[-5.294,30.059],[-5.449,29.957],[-5.593,29.918],[-5.775,29.869],[-6.004,29.831],[-6.167,29.819],[-6.215,29.811],[-6.358,29.808],[-6.428,29.816],[-6.48,29.82],[-6.501,29.809],[-6.508,29.784],[-6.511,29.726],[-6.521,29.66],[-6.566,29.604],[-6.598,29.579],[-6.635,29.569],[-6.755,29.584],[-6.856,29.602],[-7.095,29.625],[-7.142,29.62],[-7.16,29.613],[-7.235,29.575],[-7.35,29.495],[-7.428,29.425],[-7.486,29.392],[-7.625,29.375],[-7.685,29.35],[-7.944,29.175],[-7.999,29.132],[-8.265,28.981],[-8.34,28.93],[-8.399,28.88],[-8.558,28.768],[-8.66,28.719],[-8.678,28.689],[-8.683,28.621],[-8.683,28.469],[-8.683,28.324],[-8.683,28.112],[-8.683,27.9],[-8.683,27.656],[-8.818,27.656],[-8.818,27.656],[-8.814,27.614],[-8.785,27.531],[-8.774,27.461],[-8.789,27.417],[-8.803,27.361],[-8.797,27.308],[-8.774,27.251],[-8.754,27.191],[-8.754,27.151],[-8.795,27.121],[-8.889,27.104],[-9.002,27.09],[-9.084,27.09],[-9.208,27.1],[-9.286,27.098],[-9.353,27.098],[-9.413,27.088],[-9.487,27.05],[-9.57,26.991],[-9.673,26.911],[-9.735,26.861],[-9.818,26.85],[-9.9,26.85],[-9.981,26.89],[-10.033,26.911],[-10.067,26.909],[-10.123,26.88],[-10.189,26.861],[-10.251,26.861],[-10.355,26.901],[-10.479,26.961],[-10.551,26.991],[-10.654,27.001],[-10.758,27.02],[-10.83,27.01],[-10.923,27.01],[-11.047,26.97],[-11.15,26.941],[-11.264,26.911],[-11.393,26.883],[-11.361,26.794],[-11.317,26.745],[-11.317,26.684],[-11.338,26.633],[-11.4,26.584],[-11.471,26.52],[-11.512,26.47],[-11.553,26.401],[-11.584,26.361],[-11.637,26.296],[-11.685,26.213],[-11.699,26.163],[-11.718,26.104],[-11.755,26.087],[-11.881,26.071],[-11.961,26.05],[-12.031,26.031],[-12.057,25.996],[-12.061,25.991],[-12.081,25.921],[-12.081,25.871],[-12.101,25.831],[-12.131,25.731],[-12.171,25.64],[-12.201,25.52],[-12.231,25.421],[-12.271,25.26],[-12.311,25.111],[-12.361,24.97],[-12.401,24.88],[-12.431,24.831],[-12.501,24.77],[-12.561,24.731],[-12.631,24.68],[-12.711,24.63],[-12.821,24.571],[-12.911,24.52],[-12.948,24.497],[-12.991,24.47],[-13.061,24.401],[-13.121,24.3],[-13.161,24.22],[-13.231,24.09],[-13.281,24.02],[-13.311,23.981],[-13.391,23.941],[-13.481,23.911],[-13.581,23.871],[-13.661,23.831],[-13.771,23.791],[-13.841,23.751],[-13.891,23.691],[-13.931,23.621],[-13.981,23.52],[-14.021,23.411],[-14.041,23.34],[-14.101,23.1],[-14.121,22.961],[-14.141,22.871],[-14.171,22.76],[-14.191,22.59],[-14.191,22.451],[-14.211,22.371],[-14.221,22.31],[-14.271,22.241],[-14.311,22.191],[-14.381,22.121],[-14.441,22.081],[-14.461,22.041],[-14.521,21.991],[-14.581,21.911],[-14.631,21.861],[-14.621,21.821],[-14.611,21.751],[-14.641,21.68],[-14.671,21.6],[-14.751,21.501],[-14.841,21.451],[-14.971,21.441],[-15.151,21.441],[-15.291,21.451],[-15.461,21.451],[-15.611,21.47],[-15.751,21.491],[-15.921,21.501],[-16.041,21.501],[-16.191,21.481],[-16.581,21.481],[-16.731,21.47],[-16.951,21.43],[-17.003,21.421],[-17.003,21.421],[-16.931,21.9],[-16.793,22.16],[-16.684,22.274],[-16.514,22.333],[-16.359,22.595],[-16.304,22.835],[-16.202,22.945],[-16.17,23.032],[-16.21,23.098],[-16.114,23.228],[-15.997,23.425],[-15.943,23.553],[-15.806,23.75],[-15.789,23.793],[-15.802,23.842],[-15.855,23.8],[-15.913,23.728],[-15.981,23.67],[-15.953,23.741],[-15.899,23.844],[-15.778,23.953],[-15.586,24.073],[-15.189,24.479],[-15.039,24.549],[-14.904,24.72],[-14.856,24.872],[-14.843,25.22],[-14.795,25.404],[-14.707,25.548],[-14.602,25.809],[-14.523,25.925],[-14.471,26.163],[-14.414,26.254],[-14.312,26.297],[-14.168,26.415],[-13.952,26.489],[-13.696,26.643],[-13.576,26.735],[-13.496,26.873],[-13.41,27.147],[-13.256,27.435],[-13.177,27.652],[-13.176,27.656],[-13.041,27.77],[-12.949,27.914],[-12.794,27.978],[-12.469,28.009],[-11.986,28.129],[-11.553,28.31],[-11.43,28.382],[-11.299,28.526],[-11.081,28.714],[-10.674,28.939],[-10.486,29.065],[-10.201,29.38],[-10.01,29.641],[-9.853,29.809],[-9.743,29.958],[-9.667,30.109],[-9.624,30.353],[-9.653,30.448],[-9.773,30.603],[-9.854,30.645],[-9.875,30.718],[-9.832,30.847],[-9.833,31.07],[-9.809,31.425],[-9.675,31.711],[-9.347,32.086],[-9.287,32.241],[-9.249,32.486],[-9.246,32.572],[-8.836,32.92],[-8.596,33.187],[-8.513,33.252],[-8.301,33.374],[-7.562,33.64],[-7.145,33.83],[-6.901,33.969],[-6.756,34.133],[-6.353,34.776],[-5.958,35.681],[-5.925,35.786],[-5.748,35.816],[-5.623,35.829],[-5.522,35.862],[-5.397,35.93],[-5.278,35.903],[-5.338,35.857],[-5.338,35.745],[-5.253,35.615],[-5.105,35.468],[-4.837,35.281],[-4.628,35.206],[-4.33,35.161],[-3.982,35.243],[-3.788,35.245],[-3.693,35.28],[-3.591,35.228],[-3.395,35.212],[-3.206,35.239],[-3.063,35.317],[-2.972,35.407],[-2.958,35.363],[-2.954,35.315],[-2.926,35.287],[-2.87,35.173],[-2.84,35.128],[-2.731,35.135],[-2.637,35.113],[-2.424,35.123],[-2.22,35.104]]]}},{"type":"Feature","properties":{"code":"SAH","name":"Western Sahara","continent":"Africa"},"geometry":{"type":"Polygon","coordinates":[[[-8.818,27.656],[-8.818,27.656],[-8.683,27.656],[-8.683,27.49],[-8.683,27.286],[-8.683,27.119],[-8.683,26.921],[-8.683,26.723],[-8.682,26.498],[-8.682,26.273],[-8.682,26.109],[-8.682,25.996],[-8.886,25.996],[-9.072,25.996],[-9.258,25.996],[-9.445,25.996],[-9.631,25.996],[-9.817,25.995],[-10.004,25.995],[-10.19,25.995],[-10.376,25.995],[-10.562,25.995],[-10.749,25.995],[-10.935,25.995],[-11.121,25.995],[-11.308,25.995],[-11.494,25.995],[-11.68,25.995],[-11.867,25.995],[-12.016,25.995],[-12.016,25.876],[-12.016,25.74],[-12.016,25.604],[-12.016,25.468],[-12.016,25.332],[-12.016,25.196],[-12.016,25.059],[-12.016,24.923],[-12.016,24.787],[-12.016,24.651],[-12.016,24.515],[-12.016,24.379],[-12.016,24.242],[-12.016,24.106],[-12.016,23.97],[-12.016,23.834],[-12.016,23.698],[-12.016,23.576],[-12.023,23.468],[-12.083,23.435],[-12.226,23.377],[-12.373,23.318],[-12.559,23.291],[-12.62,23.271],[-12.74,23.193],[-12.896,23.09],[-13.031,23.0],[-13.121,22.884],[-13.153,22.821],[-13.167,22.753],[-13.156,22.689],[-13.107,22.561],[-13.094,22.496],[-13.087,22.383],[-13.078,22.26],[-13.07,22.128],[-13.061,21.996],[-13.051,21.855],[-13.042,21.714],[-13.032,21.572],[-13.025,21.467],[-13.016,21.334],[-13.167,21.334],[-13.397,21.334],[-13.626,21.333],[-13.855,21.333],[-14.085,21.333],[-14.314,21.332],[-14.543,21.332],[-14.773,21.332],[-15.002,21.332],[-15.231,21.331],[-15.461,21.331],[-15.69,21.331],[-15.919,21.33],[-16.148,21.33],[-16.378,21.33],[-16.607,21.33],[-16.836,21.329],[-16.965,21.329],[-17.006,21.142],[-17.042,21.008],[-17.064,20.899],[-17.048,20.806],[-17.099,20.857],[-17.01,21.377],[-17.003,21.421],[-17.003,21.421],[-16.951,21.43],[-16.731,21.47],[-16.581,21.481],[-16.191,21.481],[-16.041,21.501],[-15.921,21.501],[-15.751,21.491],[-15.611,21.47],[-15.461,21.451],[-15.291,21.451],[-15.151,21.441],[-14.971,21.441],[-14.841,21.451],[-14.751,21.501],[-14.671,21.6],[-14.641,21.68],[-14.611,21.751],[-14.621,21.821],[-14.631,21.861],[-14.581,21.911],[-14.521,21.991],[-14.461,22.041],[-14.441,22.081],[-14.381,22.121],[-14.311,22.191],[-14.271,22.241],[-14.221,22.31],[-14.211,22.371],[-14.191,22.451],[-14.191,22.59],[-14.171,22.76],[-14.141,22.871],[-14.121,22.961],[-14.101,23.1],[-14.041,23.34],[-14.021,23.411],[-13.981,23.52],[-13.931,23.621],[-13.891,23.691],[-13.841,23.751],[-13.771,23.791],[-13.661,23.831],[-13.581,23.871],[-13.481,23.911],[-13.391,23.941],[-13.311,23.981],[-13.281,24.02],[-13.231,24.09],[-13.161,24.22],[-13.121,24.3],[-13.061,24.401],[-12.991,24.47],[-12.948,24.497],[-12.911,24.52],[-12.821,24.571],[-12.711,24.63],[-12.631,24.68],[-12.561,24.731],[-12.501,24.77],[-12.431,24.831],[-12.401,24.88],[-12.361,24.97],[-12.311,25.111],[-12.271,25.26],[-12.231,25.421],[-12.201,25.52],[-12.171,25.64],[-12.131,25.731],[-12.101,25.831],[-12.081,25.871],[-12.081,25.921],[-12.061,25.991],[-12.057,25.996],[-12.031,26.031],[-11.961,26.05],[-11.881,26.071],[-11.755,26.087],[-11.718,26.104],[-11.699,26.163],[-11.685,26.213],[-11.637,26.296],[-11.584,26.361],[-11.553,26.401],[-11.512,26.47],[-11.471,26.52],[-11.4,26.584],[-11.338,26.633],[-11.317,26.684],[-11.317,26.745],[-11.361,26.794],[-11.393,26.883],[-11.264,26.911],[-11.15,26.941],[-11.047,26.97],[-10.923,27.01],[-10.83,27.01],[-10.758,27.02],[-10.654,27.001],[-10.551,26.991],[-10.479,26.961],[-10.355,26.901],[-10.251,26.861],[-10.189,26.861],[-10.123,26.88],[-10.067,26.909],[-10.033,26.911],[-9.981,26.89],[-9.9,26.85],[-9.818,26.85],[-9.735,26.861],[-9.673,26.911],[-9.57,26.991],[-9.487,27.05],[-9.413,27.088],[-9.353,27.098],[-9.286,27.098],[-9.208,27.1],[-9.084,27.09],[-9.002,27.09],[-8.889,27.104],[-8.795,27.121],[-8.754,27.151],[-8.754,27.191],[-8.774,27.251],[-8.797,27.308],[-8.803,27.361],[-8.789,27.417],[-8.774,27.461],[-8.785,27.531],[-8.814,27.614],[-8.818,27.656]]]}},{"type":"Feature","properties":{"code":"MNG","name":"Mongolia","continent":"Asia"},"geometry":{"type":"Polygon","coordinates":[[[87.814,49.162],[87.818,49.162],[87.935,49.165],[87.988,49.187],[88.029,49.22],[88.116,49.256],[88.134,49.298],[88.136,49.381],[88.193,49.452],[88.338,49.473],[88.393,49.483],[88.452,49.473],[88.544,49.483],[88.633,49.486],[88.683,49.465],[88.748,49.446],[88.832,49.448],[88.86,49.482],[88.864,49.528],[88.9,49.54],[88.945,49.508],[88.971,49.484],[89.008,49.473],[89.109,49.501],[89.18,49.532],[89.203,49.596],[89.244,49.627],[89.299,49.611],[89.396,49.612],[89.475,49.661],[89.579,49.7],[89.654,49.717],[89.67,49.75],[89.634,49.823],[89.644,49.903],[89.744,49.948],[89.878,49.954],[89.977,49.984],[90.005,50.069],[90.054,50.094],[90.104,50.103],[90.225,50.117],[90.311,50.151],[90.365,50.167],[90.517,50.213],[90.655,50.222],[90.714,50.259],[90.761,50.306],[90.838,50.324],[90.917,50.364],[91.022,50.415],[91.063,50.423],[91.234,50.452],[91.301,50.463],[91.341,50.47],[91.415,50.468],[91.446,50.522],[91.522,50.562],[91.597,50.576],[91.634,50.615],[91.706,50.666],[91.804,50.694],[91.957,50.698],[92.104,50.692],[92.192,50.701],[92.265,50.775],[92.279,50.812],[92.296,50.85],[92.355,50.864],[92.426,50.803],[92.486,50.765],[92.579,50.725],[92.627,50.688],[92.681,50.683],[92.739,50.711],[92.779,50.779],[92.856,50.789],[92.941,50.778],[92.964,50.745],[92.971,50.712],[93.01,50.655],[93.103,50.604],[93.223,50.607],[93.271,50.616],[93.387,50.608],[93.501,50.597],[93.626,50.586],[93.662,50.584],[93.795,50.578],[93.99,50.569],[94.076,50.573],[94.251,50.556],[94.287,50.511],[94.319,50.405],[94.347,50.303],[94.355,50.222],[94.4,50.18],[94.458,50.166],[94.497,50.133],[94.565,50.088],[94.615,50.024],[94.675,50.028],[94.718,50.043],[94.811,50.048],[94.93,50.044],[95.013,50.008],[95.044,49.962],[95.111,49.935],[95.166,49.944],[95.329,49.944],[95.386,49.941],[95.442,49.916],[95.523,49.911],[95.567,49.944],[95.708,49.966],[95.789,50.013],[95.852,50.013],[95.899,49.991],[95.936,49.96],[95.99,49.974],[96.019,49.999],[96.066,49.999],[96.112,49.982],[96.23,49.954],[96.315,49.901],[96.381,49.896],[96.466,49.912],[96.506,49.919],[96.543,49.893],[96.598,49.878],[96.64,49.898],[96.712,49.912],[96.986,49.883],[97.049,49.83],[97.098,49.805],[97.137,49.762],[97.209,49.731],[97.36,49.741],[97.418,49.773],[97.541,49.843],[97.589,49.911],[97.651,49.934],[97.721,49.945],[97.786,49.945],[97.854,49.947],[97.937,49.997],[98.004,50.014],[98.103,50.078],[98.122,50.107],[98.17,50.181],[98.2,50.228],[98.25,50.302],[98.277,50.423],[98.293,50.487],[98.279,50.533],[98.221,50.557],[98.145,50.569],[98.079,50.604],[98.03,50.645],[98.001,50.702],[97.962,50.769],[97.964,50.818],[97.953,50.855],[97.92,50.887],[97.856,50.943],[97.825,50.985],[97.836,51.052],[97.911,51.165],[97.918,51.218],[97.927,51.251],[97.923,51.28],[97.947,51.348],[97.989,51.377],[98.038,51.45],[98.103,51.484],[98.185,51.486],[98.22,51.506],[98.237,51.578],[98.277,51.635],[98.303,51.674],[98.353,51.718],[98.641,51.801],[98.76,51.905],[98.803,51.957],[98.849,52.07],[98.893,52.117],[98.958,52.102],[99.034,52.035],[99.091,52.035],[99.176,51.999],[99.407,51.924],[99.532,51.9],[99.613,51.893],[99.719,51.872],[99.788,51.828],[99.922,51.756],[100.035,51.737],[100.23,51.73],[100.469,51.726],[100.536,51.713],[100.711,51.662],[100.904,51.604],[101.085,51.553],[101.223,51.513],[101.304,51.475],[101.381,51.453],[101.464,51.471],[101.571,51.467],[101.821,51.421],[101.979,51.382],[102.112,51.353],[102.156,51.314],[102.16,51.261],[102.142,51.216],[102.152,51.108],[102.195,51.051],[102.21,50.974],[102.226,50.901],[102.215,50.829],[102.235,50.791],[102.277,50.769],[102.317,50.718],[102.303,50.666],[102.286,50.635],[102.288,50.585],[102.336,50.544],[102.407,50.536],[102.469,50.526],[102.546,50.461],[102.683,50.387],[102.765,50.367],[102.86,50.333],[103.039,50.301],[103.162,50.291],[103.234,50.264],[103.304,50.2],[103.421,50.187],[103.496,50.165],[103.633,50.139],[103.723,50.154],[103.803,50.176],[103.856,50.172],[103.958,50.157],[104.079,50.154],[104.18,50.169],[104.26,50.214],[104.354,50.275],[104.466,50.306],[104.596,50.317],[104.685,50.342],[104.977,50.383],[105.095,50.39],[105.186,50.43],[105.267,50.46],[105.384,50.474],[105.542,50.441],[105.693,50.414],[105.875,50.405],[105.996,50.368],[106.083,50.333],[106.218,50.305],[106.368,50.318],[106.574,50.329],[106.711,50.313],[106.854,50.248],[106.941,50.197],[107.04,50.086],[107.143,50.033],[107.233,49.989],[107.347,49.987],[107.631,49.983],[107.787,49.96],[107.917,49.948],[107.948,49.925],[107.935,49.849],[107.939,49.741],[107.937,49.691],[107.965,49.654],[108.01,49.647],[108.034,49.594],[108.098,49.563],[108.213,49.525],[108.407,49.396],[108.522,49.342],[108.614,49.323],[108.733,49.336],[108.92,49.335],[109.237,49.335],[109.454,49.296],[109.529,49.27],[109.75,49.239],[109.995,49.206],[110.2,49.17],[110.321,49.216],[110.428,49.22],[110.53,49.187],[110.631,49.138],[110.71,49.143],[110.828,49.166],[111.204,49.304],[111.337,49.356],[111.429,49.343],[111.512,49.361],[111.575,49.376],[111.736,49.398],[111.833,49.404],[111.934,49.416],[112.08,49.424],[112.375,49.515],[112.495,49.532],[112.697,49.507],[112.806,49.524],[112.915,49.569],[113.056,49.616],[113.092,49.693],[113.164,49.797],[113.319,49.874],[113.446,49.942],[113.574,50.007],[113.732,50.062],[113.881,50.101],[114.071,50.205],[114.222,50.257],[114.297,50.274],[114.386,50.255],[114.554,50.241],[114.675,50.246],[114.743,50.234],[114.88,50.183],[115.003,50.139],[115.098,50.059],[115.275,49.949],[115.365,49.912],[115.429,49.896],[115.588,49.886],[115.718,49.881],[115.795,49.906],[115.926,49.952],[116.135,50.011],[116.217,50.009],[116.351,49.978],[116.551,49.92],[116.632,49.877],[116.683,49.824],[116.59,49.685],[116.402,49.406],[116.243,49.17],[116.16,49.037],[116.098,48.936],[116.034,48.84],[116.025,48.782],[115.954,48.689],[115.821,48.577],[115.792,48.456],[115.797,48.346],[115.786,48.248],[115.639,48.186],[115.525,48.131],[115.558,47.945],[115.616,47.875],[115.712,47.799],[115.812,47.738],[115.898,47.687],[115.994,47.711],[116.075,47.79],[116.231,47.858],[116.317,47.86],[116.378,47.844],[116.513,47.84],[116.652,47.865],[116.761,47.87],[116.901,47.853],[116.952,47.837],[117.07,47.806],[117.197,47.74],[117.286,47.666],[117.351,47.652],[117.384,47.676],[117.455,47.741],[117.555,47.805],[117.677,47.908],[117.768,47.988],[117.84,48.0],[117.979,48.0],[118.042,48.019],[118.147,48.029],[118.24,48.0],[118.498,47.984],[118.568,47.943],[118.691,47.822],[118.76,47.758],[118.88,47.725],[118.953,47.703],[119.018,47.685],[119.082,47.654],[119.097,47.616],[119.123,47.558],[119.162,47.525],[119.235,47.493],[119.291,47.473],[119.309,47.431],[119.326,47.41],[119.377,47.381],[119.527,47.256],[119.6,47.222],[119.711,47.15],[119.757,47.09],[119.76,47.027],[119.788,46.979],[119.863,46.907],[119.898,46.858],[119.884,46.791],[119.896,46.733],[119.867,46.672],[119.747,46.627],[119.707,46.606],[119.62,46.604],[119.474,46.627],[119.332,46.614],[119.162,46.639],[119.029,46.692],[118.957,46.735],[118.844,46.76],[118.79,46.747],[118.723,46.692],[118.649,46.702],[118.58,46.692],[118.404,46.703],[118.309,46.717],[118.157,46.679],[118.071,46.667],[117.91,46.619],[117.813,46.538],[117.741,46.518],[117.671,46.522],[117.621,46.552],[117.547,46.588],[117.438,46.586],[117.406,46.571],[117.392,46.538],[117.356,46.437],[117.357,46.391],[117.333,46.362],[117.269,46.352],[117.156,46.355],[116.979,46.362],[116.859,46.388],[116.787,46.377],[116.689,46.322],[116.619,46.313],[116.563,46.29],[116.517,46.209],[116.445,46.159],[116.358,46.097],[116.265,45.963],[116.213,45.887],[116.229,45.846],[116.241,45.796],[116.198,45.739],[116.11,45.687],[116.04,45.677],[115.934,45.626],[115.789,45.535],[115.681,45.458],[115.539,45.44],[115.439,45.42],[115.217,45.396],[115.163,45.39],[114.919,45.378],[114.739,45.42],[114.644,45.413],[114.56,45.39],[114.517,45.365],[114.502,45.316],[114.487,45.272],[114.419,45.203],[114.281,45.111],[114.167,45.05],[114.08,44.971],[114.03,44.943],[113.931,44.912],[113.877,44.896],[113.752,44.826],[113.653,44.763],[113.587,44.746],[113.508,44.762],[113.456,44.767],[113.301,44.792],[113.196,44.795],[113.049,44.81],[112.707,44.883],[112.597,44.918],[112.499,45.011],[112.411,45.058],[112.292,45.063],[112.113,45.063],[112.033,45.082],[111.898,45.064],[111.751,44.97],[111.681,44.899],[111.621,44.827],[111.547,44.673],[111.515,44.57],[111.489,44.512],[111.411,44.419],[111.402,44.367],[111.43,44.322],[111.486,44.272],[111.52,44.192],[111.603,44.107],[111.684,44.041],[111.837,43.935],[111.88,43.879],[111.932,43.815],[111.943,43.752],[111.933,43.711],[111.878,43.68],[111.771,43.665],[111.72,43.621],[111.641,43.563],[111.547,43.496],[111.504,43.493],[111.451,43.475],[111.187,43.392],[111.087,43.369],[111.007,43.341],[110.913,43.257],[110.84,43.194],[110.749,43.111],[110.709,43.074],[110.628,42.991],[110.521,42.895],[110.462,42.844],[110.43,42.814],[110.4,42.774],[110.289,42.743],[110.197,42.71],[110.058,42.661],[109.859,42.606],[109.698,42.554],[109.596,42.511],[109.443,42.456],[109.34,42.438],[109.132,42.441],[108.875,42.426],[108.687,42.416],[108.546,42.429],[108.334,42.437],[108.171,42.447],[108.062,42.427],[107.806,42.406],[107.749,42.401],[107.292,42.349],[107.091,42.322],[106.906,42.309],[106.77,42.289],[106.693,42.264],[106.579,42.227],[106.519,42.212],[106.317,42.141],[105.868,41.994],[105.566,41.875],[105.517,41.855],[105.314,41.771],[105.197,41.738],[105.115,41.663],[105.051,41.616],[104.982,41.596],[104.86,41.644],[104.774,41.641],[104.498,41.659],[104.498,41.877],[104.305,41.846],[103.997,41.797],[103.711,41.751],[103.45,41.856],[103.248,41.937],[103.073,42.006],[102.807,42.052],[102.575,42.092],[102.157,42.158],[101.973,42.216],[101.88,42.292],[101.714,42.466],[101.66,42.5],[101.579,42.524],[101.495,42.539],[101.314,42.538],[101.092,42.551],[100.773,42.588],[100.519,42.617],[100.086,42.671],[99.984,42.677],[99.757,42.629],[99.468,42.568],[98.947,42.616],[98.716,42.639],[98.248,42.685],[97.719,42.736],[97.206,42.79],[96.833,42.76],[96.625,42.744],[96.385,42.72],[96.352,42.747],[96.342,42.849],[96.3,42.929],[96.168,43.015],[96.08,43.096],[95.912,43.206],[95.86,43.276],[95.842,43.384],[95.687,43.664],[95.591,43.854],[95.567,43.892],[95.526,43.954],[95.471,43.986],[95.356,44.006],[95.326,44.039],[95.326,44.105],[95.344,44.195],[95.367,44.262],[95.35,44.278],[95.05,44.259],[94.866,44.303],[94.712,44.351],[94.494,44.473],[94.365,44.519],[94.199,44.645],[93.958,44.675],[93.868,44.724],[93.755,44.832],[93.656,44.901],[93.516,44.944],[93.294,44.983],[92.916,45.02],[92.788,45.036],[92.579,45.011],[92.424,45.009],[92.173,45.035],[92.03,45.069],[91.853,45.069],[91.738,45.069],[91.584,45.077],[91.51,45.098],[91.441,45.125],[91.312,45.118],[91.222,45.145],[91.138,45.194],[91.05,45.217],[90.954,45.216],[90.914,45.194],[90.877,45.196],[90.853,45.263],[90.763,45.371],[90.75,45.419],[90.694,45.475],[90.662,45.525],[90.671,45.595],[90.71,45.731],[90.796,45.854],[90.852,45.885],[90.887,45.922],[90.96,45.985],[91.002,46.036],[90.997,46.105],[90.948,46.177],[90.912,46.271],[90.918,46.324],[90.971,46.388],[91.034,46.529],[91.029,46.566],[91.004,46.596],[90.998,46.661],[90.986,46.749],[90.911,46.883],[90.87,46.954],[90.799,46.985],[90.716,47.004],[90.643,47.1],[90.553,47.214],[90.496,47.285],[90.476,47.329],[90.467,47.408],[90.425,47.504],[90.381,47.557],[90.347,47.597],[90.331,47.655],[90.313,47.676],[90.191,47.702],[90.103,47.745],[90.067,47.804],[90.054,47.85],[90.028,47.878],[89.959,47.886],[89.91,47.844],[89.831,47.823],[89.778,47.827],[89.726,47.852],[89.693,47.879],[89.638,47.909],[89.561,48.004],[89.479,48.029],[89.33,48.025],[89.196,47.981],[89.116,47.988],[89.048,48.003],[88.971,48.05],[88.918,48.089],[88.838,48.102],[88.682,48.171],[88.576,48.22],[88.567,48.317],[88.517,48.384],[88.414,48.403],[88.31,48.472],[88.158,48.509],[88.063,48.538],[87.98,48.555],[87.967,48.581],[87.972,48.603],[88.011,48.64],[88.05,48.675],[88.06,48.707],[88.028,48.736],[87.942,48.765],[87.832,48.792],[87.809,48.836],[87.743,48.882],[87.755,48.919],[87.807,48.946],[87.86,48.966],[87.872,49.0],[87.835,49.032],[87.816,49.08],[87.825,49.116],[87.814,49.162]]]}},{"type":"Feature","properties":{"code":"MRT","name":"Mauritania","continent":"Africa"},"geometry":{"type":"MultiPolygon","coordinates":[[[[-16.373,19.706],[-16.438,19.609],[-16.466,19.646],[-16.477,19.71],[-16.42,19.802],[-16.393,19.849],[-16.344,19.866],[-16.373,19.706]]],[[[-12.281,14.809],[-12.303,14.817],[-12.409,14.889],[-12.46,14.975],[-12.544,15.039],[-12.66,15.082],[-12.735,15.131],[-12.77,15.187],[-12.813,15.224],[-12.858,15.243],[-12.863,15.262],[-12.852,15.29],[-12.863,15.34],[-12.931,15.453],[-12.994,15.505],[-13.049,15.497],[-13.079,15.51],[-13.098,15.535],[-13.105,15.572],[-13.142,15.603],[-13.206,15.617],[-13.258,15.7],[-13.297,15.854],[-13.348,15.973],[-13.41,16.059],[-13.454,16.091],[-13.487,16.097],[-13.498,16.11],[-13.507,16.135],[-13.556,16.144],[-13.624,16.118],[-13.685,16.127],[-13.715,16.169],[-13.757,16.173],[-13.81,16.138],[-13.868,16.148],[-13.933,16.203],[-13.968,16.257],[-13.975,16.311],[-14.086,16.419],[-14.3,16.58],[-14.534,16.656],[-14.787,16.646],[-14.929,16.654],[-14.96,16.679],[-14.991,16.677],[-15.022,16.647],[-15.055,16.641],[-15.091,16.657],[-15.113,16.645],[-15.121,16.604],[-15.211,16.583],[-15.38,16.582],[-15.517,16.557],[-15.621,16.507],[-15.768,16.485],[-15.959,16.492],[-16.074,16.51],[-16.113,16.54],[-16.168,16.547],[-16.239,16.531],[-16.302,16.451],[-16.358,16.307],[-16.404,16.225],[-16.441,16.205],[-16.48,16.097],[-16.502,15.917],[-16.535,15.838],[-16.536,16.287],[-16.481,16.454],[-16.464,16.602],[-16.347,16.926],[-16.207,17.193],[-16.079,17.546],[-16.03,17.888],[-16.047,18.223],[-16.085,18.521],[-16.15,18.718],[-16.213,19.003],[-16.306,19.154],[-16.476,19.285],[-16.514,19.362],[-16.475,19.391],[-16.371,19.41],[-16.305,19.513],[-16.445,19.473],[-16.283,19.787],[-16.233,20.001],[-16.241,20.141],[-16.21,20.228],[-16.334,20.416],[-16.43,20.652],[-16.479,20.69],[-16.53,20.71],[-16.535,20.654],[-16.563,20.604],[-16.623,20.634],[-16.728,20.806],[-16.876,21.086],[-16.928,21.115],[-16.971,21.076],[-16.998,21.04],[-17.048,20.806],[-17.064,20.899],[-17.042,21.008],[-17.006,21.142],[-16.965,21.329],[-16.836,21.329],[-16.607,21.33],[-16.378,21.33],[-16.148,21.33],[-15.919,21.33],[-15.69,21.331],[-15.461,21.331],[-15.231,21.331],[-15.002,21.332],[-14.773,21.332],[-14.543,21.332],[-14.314,21.332],[-14.085,21.333],[-13.855,21.333],[-13.626,21.333],[-13.397,21.334],[-13.167,21.334],[-13.016,21.334],[-13.025,21.467],[-13.032,21.572],[-13.042,21.714],[-13.051,21.855],[-13.061,21.996],[-13.07,22.128],[-13.078,22.26],[-13.087,22.383],[-13.094,22.496],[-13.107,22.561],[-13.156,22.689],[-13.167,22.753],[-13.153,22.821],[-13.121,22.884],[-13.031,23.0],[-12.896,23.09],[-12.74,23.193],[-12.62,23.271],[-12.559,23.291],[-12.373,23.318],[-12.226,23.377],[-12.083,23.435],[-12.023,23.468],[-12.016,23.576],[-12.016,23.698],[-12.016,23.834],[-12.016,23.97],[-12.016,24.106],[-12.016,24.242],[-12.016,24.379],[-12.016,24.515],[-12.016,24.651],[-12.016,24.787],[-12.016,24.923],[-12.016,25.059],[-12.016,25.196],[-12.016,25.332],[-12.016,25.468],[-12.016,25.604],[-12.016,25.74],[-12.016,25.876],[-12.016,25.995],[-11.867,25.995],[-11.68,25.995],[-11.494,25.995],[-11.308,25.995],[-11.121,25.995],[-10.935,25.995],[-10.749,25.995],[-10.562,25.995],[-10.376,25.995],[-10.19,25.995],[-10.004,25.995],[-9.817,25.995],[-9.631,25.996],[-9.445,25.996],[-9.258,25.996],[-9.072,25.996],[-8.886,25.996],[-8.682,25.996],[-8.682,26.109],[-8.682,26.273],[-8.682,26.498],[-8.683,26.723],[-8.683,26.921],[-8.683,27.119],[-8.683,27.286],[-8.495,27.175],[-8.307,27.065],[-8.119,26.954],[-7.931,26.844],[-7.743,26.733],[-7.555,26.622],[-7.367,26.512],[-7.179,26.401],[-6.991,26.291],[-6.803,26.18],[-6.615,26.069],[-6.427,25.959],[-6.239,25.848],[-6.051,25.738],[-5.863,25.627],[-5.675,25.516],[-5.517,25.424],[-5.275,25.275],[-5.05,25.135],[-4.823,24.996],[-5.173,24.995],[-5.641,24.995],[-5.96,24.995],[-6.287,24.995],[-6.594,24.995],[-6.567,24.767],[-6.539,24.518],[-6.51,24.269],[-6.482,24.021],[-6.454,23.772],[-6.425,23.523],[-6.397,23.275],[-6.368,23.026],[-6.34,22.777],[-6.311,22.529],[-6.283,22.28],[-6.254,22.032],[-6.226,21.783],[-6.197,21.534],[-6.169,21.286],[-6.14,21.037],[-6.112,20.788],[-6.083,20.54],[-6.055,20.291],[-6.026,20.042],[-5.998,19.794],[-5.969,19.545],[-5.941,19.296],[-5.912,19.048],[-5.884,18.799],[-5.856,18.55],[-5.827,18.302],[-5.799,18.053],[-5.77,17.804],[-5.742,17.556],[-5.713,17.307],[-5.685,17.058],[-5.656,16.81],[-5.629,16.569],[-5.51,16.442],[-5.36,16.283],[-5.404,16.058],[-5.456,15.789],[-5.513,15.496],[-5.724,15.496],[-5.928,15.496],[-6.132,15.496],[-6.336,15.496],[-6.54,15.496],[-6.744,15.496],[-6.948,15.496],[-7.152,15.496],[-7.355,15.496],[-7.559,15.496],[-7.763,15.496],[-7.967,15.496],[-8.171,15.496],[-8.375,15.496],[-8.579,15.496],[-8.783,15.496],[-8.987,15.496],[-9.177,15.496],[-9.294,15.503],[-9.335,15.526],[-9.351,15.677],[-9.385,15.668],[-9.427,15.623],[-9.448,15.575],[-9.44,15.512],[-9.447,15.458],[-9.578,15.437],[-9.755,15.401],[-9.941,15.374],[-10.13,15.384],[-10.194,15.396],[-10.262,15.416],[-10.412,15.438],[-10.493,15.44],[-10.587,15.435],[-10.697,15.423],[-10.732,15.395],[-10.815,15.282],[-10.896,15.15],[-10.948,15.151],[-11.007,15.223],[-11.169,15.359],[-11.366,15.537],[-11.455,15.625],[-11.503,15.637],[-11.597,15.573],[-11.676,15.512],[-11.76,15.426],[-11.798,15.343],[-11.829,15.245],[-11.842,15.129],[-11.873,14.995],[-11.941,14.887],[-12.022,14.805],[-12.082,14.766],[-12.105,14.745],[-12.281,14.809]]]]}},{"type":"Feature","properties":{"code":"MLI","name":"Mali","continent":"Africa"},"geometry":{"type":"Polygon","coordinates":[[[-11.389,12.404],[-11.382,12.479],[-11.449,12.532],[-11.451,12.558],[-11.444,12.628],[-11.414,12.775],[-11.417,12.832],[-11.39,12.942],[-11.434,12.992],[-11.444,13.028],[-11.493,13.087],[-11.549,13.17],[-11.562,13.237],[-11.581,13.29],[-11.635,13.37],[-11.674,13.382],[-11.758,13.395],[-11.772,13.367],[-11.803,13.327],[-11.832,13.316],[-11.878,13.365],[-11.895,13.406],[-11.895,13.444],[-11.957,13.511],[-12.054,13.633],[-12.044,13.734],[-11.984,13.788],[-11.966,13.829],[-11.961,13.875],[-11.988,13.931],[-12.02,13.975],[-12.011,14.072],[-12.019,14.206],[-12.068,14.274],[-12.113,14.323],[-12.175,14.377],[-12.228,14.459],[-12.207,14.571],[-12.187,14.648],[-12.281,14.809],[-12.105,14.745],[-12.082,14.766],[-12.022,14.805],[-11.941,14.887],[-11.873,14.995],[-11.842,15.129],[-11.829,15.245],[-11.798,15.343],[-11.76,15.426],[-11.676,15.512],[-11.597,15.573],[-11.503,15.637],[-11.455,15.625],[-11.366,15.537],[-11.169,15.359],[-11.007,15.223],[-10.948,15.151],[-10.896,15.15],[-10.815,15.282],[-10.732,15.395],[-10.697,15.423],[-10.587,15.435],[-10.493,15.44],[-10.412,15.438],[-10.262,15.416],[-10.194,15.396],[-10.13,15.384],[-9.941,15.374],[-9.755,15.401],[-9.578,15.437],[-9.447,15.458],[-9.44,15.512],[-9.448,15.575],[-9.427,15.623],[-9.385,15.668],[-9.351,15.677],[-9.335,15.526],[-9.294,15.503],[-9.177,15.496],[-8.987,15.496],[-8.783,15.496],[-8.579,15.496],[-8.375,15.496],[-8.171,15.496],[-7.967,15.496],[-7.763,15.496],[-7.559,15.496],[-7.355,15.496],[-7.152,15.496],[-6.948,15.496],[-6.744,15.496],[-6.54,15.496],[-6.336,15.496],[-6.132,15.496],[-5.928,15.496],[-5.724,15.496],[-5.513,15.496],[-5.456,15.789],[-5.404,16.058],[-5.36,16.283],[-5.51,16.442],[-5.629,16.569],[-5.656,16.81],[-5.685,17.058],[-5.713,17.307],[-5.742,17.556],[-5.77,17.804],[-5.799,18.053],[-5.827,18.302],[-5.856,18.55],[-5.884,18.799],[-5.912,19.048],[-5.941,19.296],[-5.969,19.545],[-5.998,19.794],[-6.026,20.042],[-6.055,20.291],[-6.083,20.54],[-6.112,20.788],[-6.14,21.037],[-6.169,21.286],[-6.197,21.534],[-6.226,21.783],[-6.254,22.032],[-6.283,22.28],[-6.311,22.529],[-6.34,22.777],[-6.368,23.026],[-6.397,23.275],[-6.425,23.523],[-6.454,23.772],[-6.482,24.021],[-6.51,24.269],[-6.539,24.518],[-6.567,24.767],[-6.594,24.995],[-6.287,24.995],[-5.96,24.995],[-5.641,24.995],[-5.173,24.995],[-4.823,24.996],[-4.517,24.804],[-4.24,24.624],[-3.913,24.409],[-3.585,24.195],[-3.258,23.981],[-2.93,23.767],[-2.603,23.553],[-2.275,23.339],[-1.948,23.125],[-1.62,22.911],[-1.293,22.697],[-0.965,22.482],[-0.638,22.268],[-0.311,22.054],[0.017,21.84],[0.344,21.626],[0.672,21.412],[0.999,21.198],[1.146,21.102],[1.159,21.062],[1.173,20.982],[1.164,20.891],[1.166,20.817],[1.209,20.767],[1.29,20.714],[1.611,20.556],[1.636,20.524],[1.647,20.459],[1.685,20.378],[1.753,20.332],[1.832,20.297],[1.929,20.273],[2.219,20.248],[2.281,20.21],[2.406,20.064],[2.474,20.035],[2.668,19.993],[2.808,19.969],[2.866,19.956],[2.992,19.917],[3.13,19.85],[3.204,19.79],[3.203,19.771],[3.203,19.718],[3.202,19.56],[3.227,19.474],[3.256,19.411],[3.254,19.373],[3.22,19.345],[3.192,19.312],[3.177,19.268],[3.138,19.212],[3.106,19.15],[3.12,19.103],[3.174,19.073],[3.256,19.013],[3.323,18.988],[3.356,18.987],[3.401,18.988],[3.439,18.996],[3.683,19.042],[3.91,19.084],[4.228,19.143],[4.228,18.968],[4.229,18.704],[4.23,18.411],[4.231,18.139],[4.232,17.831],[4.233,17.582],[4.234,17.288],[4.235,16.996],[4.203,16.963],[4.191,16.798],[4.182,16.582],[4.121,16.358],[4.015,16.193],[3.976,16.036],[3.947,15.946],[3.907,15.897],[3.898,15.838],[3.877,15.755],[3.843,15.702],[3.817,15.674],[3.71,15.642],[3.521,15.483],[3.504,15.356],[3.289,15.391],[3.06,15.427],[3.029,15.425],[3.011,15.408],[3.001,15.341],[2.69,15.33],[2.421,15.32],[2.088,15.309],[1.859,15.302],[1.569,15.286],[1.3,15.272],[1.121,15.126],[0.96,14.987],[0.947,14.982],[0.719,14.955],[0.433,14.979],[0.286,14.98],[0.229,14.964],[0.217,14.911],[0.007,14.985],[-0.236,15.059],[-0.405,15.012],[-0.432,15.029],[-0.454,15.06],[-0.537,15.078],[-0.666,15.07],[-0.76,15.048],[-0.908,14.937],[-1.019,14.841],[-1.05,14.82],[-1.205,14.762],[-1.494,14.626],[-1.657,14.527],[-1.695,14.508],[-1.768,14.486],[-1.88,14.481],[-1.973,14.457],[-2.057,14.195],[-2.113,14.168],[-2.457,14.274],[-2.527,14.258],[-2.587,14.228],[-2.779,14.074],[-2.874,13.951],[-2.926,13.787],[-2.919,13.736],[-2.917,13.679],[-2.951,13.648],[-2.997,13.637],[-3.039,13.639],[-3.198,13.673],[-3.249,13.658],[-3.27,13.577],[-3.267,13.401],[-3.302,13.281],[-3.397,13.244],[-3.47,13.196],[-3.528,13.183],[-3.576,13.194],[-3.853,13.374],[-3.947,13.402],[-4.051,13.382],[-4.151,13.306],[-4.196,13.256],[-4.259,13.197],[-4.329,13.119],[-4.31,13.052],[-4.261,12.975],[-4.225,12.879],[-4.227,12.794],[-4.481,12.672],[-4.46,12.63],[-4.422,12.582],[-4.422,12.493],[-4.429,12.338],[-4.48,12.282],[-4.546,12.226],[-4.587,12.155],[-4.627,12.12],[-4.699,12.076],[-4.798,12.032],[-4.969,11.993],[-5.106,11.968],[-5.158,11.942],[-5.23,11.89],[-5.288,11.828],[-5.302,11.76],[-5.291,11.683],[-5.27,11.62],[-5.245,11.577],[-5.229,11.522],[-5.25,11.376],[-5.3,11.206],[-5.347,11.13],[-5.424,11.089],[-5.49,11.042],[-5.469,10.931],[-5.457,10.771],[-5.476,10.644],[-5.479,10.565],[-5.507,10.483],[-5.524,10.426],[-5.557,10.44],[-5.694,10.433],[-5.844,10.39],[-5.896,10.355],[-5.908,10.307],[-5.941,10.275],[-5.989,10.239],[-6.035,10.195],[-6.117,10.202],[-6.197,10.232],[-6.238,10.262],[-6.241,10.279],[-6.215,10.322],[-6.193,10.369],[-6.191,10.4],[-6.218,10.476],[-6.24,10.558],[-6.231,10.598],[-6.25,10.718],[-6.261,10.724],[-6.366,10.693],[-6.404,10.685],[-6.426,10.672],[-6.433,10.649],[-6.408,10.572],[-6.424,10.559],[-6.483,10.561],[-6.565,10.586],[-6.654,10.656],[-6.676,10.634],[-6.686,10.578],[-6.692,10.512],[-6.669,10.392],[-6.693,10.349],[-6.753,10.357],[-6.834,10.357],[-6.904,10.345],[-6.95,10.342],[-6.979,10.3],[-6.992,10.252],[-6.964,10.199],[-6.968,10.176],[-6.989,10.156],[-7.017,10.143],[-7.04,10.145],[-7.105,10.204],[-7.182,10.226],[-7.363,10.259],[-7.385,10.34],[-7.415,10.341],[-7.457,10.384],[-7.498,10.44],[-7.533,10.437],[-7.562,10.421],[-7.661,10.427],[-7.749,10.342],[-7.814,10.237],[-7.884,10.186],[-7.961,10.163],[-7.991,10.162],[-7.974,10.23],[-7.986,10.278],[-8.007,10.322],[-8.231,10.438],[-8.267,10.486],[-8.302,10.618],[-8.324,10.75],[-8.322,10.827],[-8.306,10.896],[-8.313,10.95],[-8.337,10.991],[-8.404,11.03],[-8.475,11.048],[-8.564,10.997],[-8.606,10.987],[-8.646,10.99],[-8.667,11.009],[-8.664,11.036],[-8.567,11.177],[-8.52,11.236],[-8.464,11.281],[-8.425,11.305],[-8.401,11.339],[-8.399,11.367],[-8.407,11.386],[-8.471,11.412],[-8.569,11.478],[-8.621,11.485],[-8.665,11.515],[-8.711,11.618],[-8.733,11.637],[-8.78,11.648],[-8.822,11.673],[-8.82,11.807],[-8.818,11.923],[-8.914,12.109],[-8.951,12.226],[-8.999,12.346],[-9.043,12.402],[-9.12,12.45],[-9.216,12.483],[-9.3,12.49],[-9.365,12.479],[-9.395,12.465],[-9.394,12.442],[-9.341,12.366],[-9.332,12.324],[-9.34,12.283],[-9.358,12.255],[-9.405,12.252],[-9.487,12.229],[-9.588,12.182],[-9.658,12.143],[-9.715,12.042],[-9.754,12.03],[-9.821,12.042],[-10.011,12.116],[-10.167,12.177],[-10.275,12.213],[-10.34,12.19],[-10.373,12.18],[-10.466,12.139],[-10.59,11.99],[-10.619,11.941],[-10.644,11.926],[-10.677,11.899],[-10.709,11.899],[-10.735,11.916],[-10.743,11.927],[-10.806,12.034],[-10.876,12.152],[-10.933,12.205],[-11.005,12.208],[-11.066,12.171],[-11.129,12.095],[-11.21,12.025],[-11.261,12.004],[-11.305,12.015],[-11.415,12.104],[-11.492,12.167],[-11.502,12.199],[-11.475,12.247],[-11.448,12.319],[-11.418,12.378],[-11.389,12.404]]]}},{"type":"Feature","properties":{"code":"MYS","name":"Malaysia","continent":"Asia"},"geometry":{"type":"MultiPolygon","coordinates":[[[[100.119,6.442],[100.138,6.489],[100.161,6.642],[100.177,6.672],[100.217,6.687],[100.261,6.683],[100.345,6.55],[100.564,6.468],[100.629,6.448],[100.716,6.481],[100.754,6.46],[100.794,6.426],[100.817,6.332],[100.874,6.245],[100.989,6.258],[101.029,6.245],[101.054,6.243],[101.076,6.166],[101.087,6.034],[101.076,5.956],[100.993,5.846],[100.982,5.771],[101.025,5.725],[101.082,5.675],[101.114,5.637],[101.148,5.643],[101.191,5.669],[101.23,5.734],[101.257,5.789],[101.404,5.852],[101.556,5.908],[101.577,5.902],[101.601,5.877],[101.65,5.796],[101.678,5.779],[101.72,5.771],[101.791,5.779],[101.874,5.825],[101.917,5.911],[101.936,5.979],[102.055,6.097],[102.068,6.185],[102.101,6.242],[102.274,6.203],[102.34,6.172],[102.534,5.863],[102.79,5.645],[102.899,5.564],[102.982,5.525],[103.097,5.408],[103.197,5.262],[103.416,4.85],[103.454,4.669],[103.469,4.393],[103.421,3.977],[103.362,3.769],[103.373,3.671],[103.454,3.521],[103.429,3.379],[103.445,3.261],[103.439,2.933],[103.485,2.837],[103.537,2.775],[103.812,2.58],[103.832,2.508],[103.968,2.261],[104.219,1.723],[104.288,1.481],[104.28,1.416],[104.25,1.389],[104.176,1.365],[104.115,1.412],[104.094,1.446],[104.101,1.488],[104.076,1.53],[104.016,1.579],[103.981,1.624],[103.991,1.55],[103.992,1.455],[103.915,1.447],[103.817,1.477],[103.695,1.45],[103.55,1.333],[103.48,1.329],[103.427,1.43],[103.4,1.498],[103.357,1.546],[102.897,1.792],[102.727,1.856],[102.548,2.042],[102.146,2.248],[101.89,2.449],[101.781,2.574],[101.52,2.684],[101.407,2.813],[101.351,2.839],[101.296,2.885],[101.354,3.011],[101.33,3.142],[101.3,3.253],[101.115,3.472],[101.025,3.625],[100.851,3.777],[100.782,3.864],[100.715,3.966],[100.757,4.002],[100.796,4.023],[100.76,4.097],[100.661,4.226],[100.615,4.373],[100.615,4.652],[100.473,5.044],[100.353,5.588],[100.374,5.778],[100.343,5.984],[100.263,6.183],[100.158,6.324],[100.119,6.442]]],[[[117.574,4.171],[117.537,4.171],[117.451,4.193],[117.278,4.299],[117.101,4.337],[116.844,4.34],[116.698,4.355],[116.639,4.339],[116.589,4.338],[116.553,4.36],[116.515,4.371],[116.415,4.308],[116.368,4.327],[116.32,4.354],[116.236,4.363],[116.134,4.355],[116.022,4.291],[115.896,4.349],[115.861,4.348],[115.837,4.333],[115.782,4.254],[115.679,4.193],[115.628,4.082],[115.596,3.976],[115.568,3.939],[115.561,3.733],[115.545,3.634],[115.571,3.502],[115.566,3.446],[115.52,3.362],[115.514,3.342],[115.49,3.209],[115.499,3.173],[115.493,3.128],[115.454,3.034],[115.384,3.009],[115.31,2.994],[115.247,3.026],[115.19,2.974],[115.118,2.895],[115.086,2.841],[115.087,2.791],[115.094,2.758],[115.079,2.723],[115.077,2.687],[115.081,2.634],[115.13,2.612],[115.181,2.567],[115.179,2.523],[115.151,2.493],[115.087,2.446],[114.969,2.351],[114.836,2.269],[114.786,2.25],[114.768,2.213],[114.759,2.162],[114.788,2.052],[114.816,2.019],[114.831,1.98],[114.813,1.934],[114.8,1.894],[114.751,1.869],[114.704,1.851],[114.686,1.819],[114.661,1.686],[114.632,1.617],[114.567,1.514],[114.546,1.467],[114.513,1.452],[114.387,1.5],[114.275,1.471],[114.126,1.452],[114,1.455],[113.902,1.434],[113.835,1.38],[113.76,1.311],[113.682,1.261],[113.622,1.236],[113.513,1.308],[113.458,1.302],[113.359,1.327],[113.126,1.408],[113.069,1.432],[113.007,1.434],[112.988,1.457],[112.998,1.496],[112.988,1.548],[112.943,1.567],[112.476,1.559],[112.342,1.515],[112.251,1.48],[112.186,1.439],[112.167,1.338],[112.129,1.244],[112.079,1.143],[111.923,1.113],[111.809,1.012],[111.77,0.999],[111.691,1.014],[111.607,1.023],[111.547,0.994],[111.483,0.996],[111.287,1.043],[111.101,1.051],[110.996,1.026],[110.938,1.017],[110.615,0.878],[110.506,0.862],[110.461,0.882],[110.399,0.939],[110.315,0.996],[110.115,1.19],[110.041,1.236],[109.992,1.283],[109.945,1.338],[109.879,1.398],[109.818,1.439],[109.736,1.523],[109.654,1.615],[109.636,1.777],[109.571,1.806],[109.549,1.848],[109.539,1.896],[109.629,2.028],[109.694,1.889],[109.72,1.858],[109.865,1.764],[109.985,1.718],[110.114,1.699],[110.246,1.695],[110.298,1.701],[110.349,1.72],[110.4,1.7],[110.675,1.548],[110.782,1.521],[110.895,1.532],[110.94,1.517],[111.098,1.401],[111.145,1.387],[111.223,1.396],[111.123,1.449],[111.058,1.487],[111.029,1.558],[111.047,1.634],[111.11,1.684],[111.154,1.739],[111.17,1.902],[111.198,1.985],[111.251,2.064],[111.268,2.14],[111.209,2.198],[111.196,2.297],[111.209,2.38],[111.242,2.436],[111.296,2.399],[111.351,2.364],[111.406,2.368],[111.444,2.382],[111.451,2.424],[111.44,2.498],[111.443,2.634],[111.513,2.743],[111.623,2.818],[111.728,2.854],[112.119,2.915],[112.737,3.07],[112.921,3.131],[112.988,3.162],[113.045,3.205],[113.14,3.344],[113.32,3.561],[113.446,3.741],[113.712,4.001],[113.924,4.243],[113.953,4.289],[113.988,4.421],[113.99,4.483],[113.984,4.546],[114.013,4.575],[114.054,4.593],[114.064,4.593],[114.095,4.565],[114.169,4.527],[114.224,4.478],[114.261,4.414],[114.288,4.355],[114.29,4.304],[114.323,4.263],[114.417,4.256],[114.447,4.204],[114.512,4.114],[114.572,4.049],[114.608,4.024],[114.654,4.038],[114.725,4.097],[114.776,4.169],[114.81,4.267],[114.783,4.281],[114.831,4.354],[114.84,4.393],[114.818,4.429],[114.79,4.464],[114.779,4.553],[114.76,4.667],[114.747,4.718],[114.784,4.755],[114.865,4.802],[114.945,4.856],[115.027,4.9],[115.029,4.821],[115.027,4.691],[115.052,4.583],[115.107,4.39],[115.171,4.364],[115.247,4.347],[115.291,4.353],[115.319,4.365],[115.327,4.381],[115.279,4.456],[115.267,4.634],[115.228,4.751],[115.168,4.867],[115.14,4.9],[115.375,4.933],[115.428,4.969],[115.52,5.049],[115.554,5.094],[115.582,5.194],[115.467,5.254],[115.422,5.331],[115.419,5.413],[115.556,5.567],[115.604,5.603],[115.625,5.549],[115.685,5.535],[115.741,5.533],[115.797,5.536],[115.877,5.614],[115.918,5.725],[116.06,5.882],[116.11,6.003],[116.138,6.13],[116.495,6.522],[116.538,6.583],[116.75,6.977],[116.776,6.99],[116.833,6.952],[116.85,6.827],[116.842,6.772],[116.808,6.691],[116.788,6.606],[116.812,6.608],[116.913,6.66],[117.019,6.797],[117.078,6.917],[117.129,6.969],[117.23,6.94],[117.252,6.919],[117.245,6.833],[117.255,6.783],[117.294,6.677],[117.38,6.612],[117.499,6.571],[117.61,6.513],[117.646,6.474],[117.67,6.427],[117.694,6.35],[117.696,6.272],[117.616,6.197],[117.65,6.074],[117.645,6.002],[117.617,5.941],[117.501,5.885],[117.818,5.94],[117.896,5.972],[118.004,6.053],[118.062,5.983],[118.116,5.862],[118.072,5.832],[117.935,5.787],[117.928,5.769],[117.974,5.706],[118.031,5.712],[118.145,5.754],[118.249,5.821],[118.3,5.82],[118.353,5.806],[118.456,5.763],[118.514,5.729],[118.563,5.685],[118.595,5.592],[118.714,5.559],[118.957,5.429],[119.003,5.418],[119.05,5.415],[119.178,5.431],[119.223,5.413],[119.256,5.366],[119.266,5.308],[119.263,5.246],[119.25,5.199],[119.22,5.16],[119.132,5.1],[118.912,5.023],[118.672,4.964],[118.551,4.968],[118.382,5.019],[118.32,5.012],[118.261,4.989],[118.185,4.829],[118.324,4.669],[118.562,4.502],[118.595,4.461],[118.586,4.41],[118.548,4.379],[118.498,4.362],[118.364,4.336],[118.229,4.316],[118.117,4.288],[118.008,4.25],[117.896,4.263],[117.741,4.338],[117.696,4.343],[117.65,4.304],[117.604,4.2],[117.574,4.171]]],[[[104.222,2.732],[104.173,2.721],[104.147,2.728],[104.129,2.767],[104.17,2.857],[104.185,2.872],[104.223,2.774],[104.222,2.732]]],[[[100.289,5.295],[100.264,5.267],[100.191,5.283],[100.204,5.447],[100.246,5.468],[100.31,5.438],[100.339,5.41],[100.289,5.295]]],[[[99.848,6.466],[99.919,6.359],[99.883,6.311],[99.866,6.297],[99.823,6.313],[99.783,6.272],[99.744,6.263],[99.705,6.338],[99.657,6.367],[99.646,6.418],[99.711,6.427],[99.749,6.41],[99.822,6.445],[99.848,6.466]]],[[[117.142,7.168],[117.081,7.115],[117.06,7.179],[117.064,7.261],[117.147,7.337],[117.264,7.352],[117.281,7.291],[117.267,7.221],[117.239,7.185],[117.142,7.168]]],[[[101.319,2.988],[101.268,2.97],[101.265,2.996],[101.274,3.033],[101.311,3.067],[101.328,3.048],[101.319,2.988]]],[[[111.389,2.415],[111.359,2.402],[111.312,2.438],[111.3,2.741],[111.333,2.768],[111.355,2.764],[111.378,2.709],[111.376,2.576],[111.38,2.459],[111.389,2.415]]],[[[117.885,4.186],[117.745,4.167],[117.649,4.169],[117.667,4.204],[117.662,4.25],[117.708,4.262],[117.761,4.252],[117.885,4.186]]]]}},{"type":"Feature","properties":{"code":"MWI","name":"Malawi","continent":"Africa"},"geometry":{"type":"MultiPolygon","coordinates":[[[[34.719,-12.111],[34.684,-12.119],[34.662,-12.101],[34.667,-12.048],[34.68,-12.009],[34.715,-12.003],[34.739,-12.013],[34.756,-12.031],[34.756,-12.059],[34.746,-12.088],[34.719,-12.111]]],[[[34.642,-12.014],[34.622,-12.067],[34.58,-12.066],[34.542,-12.019],[34.554,-11.982],[34.591,-11.971],[34.624,-11.985],[34.642,-12.014]]],[[[33.202,-14.013],[33.148,-13.941],[33.104,-13.959],[33.042,-14.01],[33.009,-14.024],[32.992,-14.022],[32.981,-14.009],[32.968,-13.977],[32.92,-13.884],[32.867,-13.817],[32.811,-13.792],[32.765,-13.761],[32.785,-13.731],[32.807,-13.71],[32.797,-13.688],[32.772,-13.657],[32.672,-13.61],[32.67,-13.59],[32.758,-13.55],[32.814,-13.503],[32.852,-13.457],[32.9,-13.357],[32.939,-13.257],[32.968,-13.225],[32.978,-13.159],[32.971,-13.084],[32.99,-12.989],[33,-12.9],[32.971,-12.865],[32.946,-12.804],[32.975,-12.701],[33.022,-12.63],[33.243,-12.557],[33.398,-12.49],[33.431,-12.46],[33.483,-12.403],[33.512,-12.348],[33.491,-12.331],[33.37,-12.33],[33.34,-12.308],[33.252,-12.113],[33.301,-11.888],[33.305,-11.8],[33.304,-11.691],[33.288,-11.611],[33.25,-11.578],[33.226,-11.535],[33.233,-11.418],[33.268,-11.404],[33.346,-11.249],[33.38,-11.158],[33.339,-11.085],[33.293,-10.981],[33.273,-10.915],[33.261,-10.893],[33.293,-10.852],[33.345,-10.813],[33.403,-10.802],[33.465,-10.783],[33.659,-10.591],[33.662,-10.553],[33.626,-10.489],[33.554,-10.391],[33.538,-10.352],[33.529,-10.235],[33.5,-10.2],[33.394,-10.121],[33.312,-10.038],[33.337,-9.954],[33.351,-9.862],[33.31,-9.812],[33.25,-9.76],[33.213,-9.683],[33.196,-9.626],[33.148,-9.604],[33.104,-9.603],[33.072,-9.638],[33.038,-9.635],[32.996,-9.623],[32.982,-9.574],[32.98,-9.52],[32.951,-9.484],[32.923,-9.434],[32.92,-9.407],[32.937,-9.4],[32.974,-9.395],[33.13,-9.496],[33.225,-9.5],[33.331,-9.519],[33.421,-9.608],[33.468,-9.62],[33.528,-9.608],[33.698,-9.598],[33.766,-9.611],[33.854,-9.663],[33.889,-9.67],[33.944,-9.672],[33.954,-9.658],[33.959,-9.627],[33.95,-9.565],[33.962,-9.532],[33.996,-9.495],[34.089,-9.538],[34.321,-9.732],[34.328,-9.757],[34.476,-9.949],[34.524,-10.03],[34.524,-10.073],[34.57,-10.241],[34.58,-10.32],[34.57,-10.38],[34.572,-10.428],[34.59,-10.496],[34.584,-10.525],[34.637,-10.626],[34.662,-10.71],[34.667,-10.792],[34.652,-10.873],[34.606,-10.99],[34.598,-11.037],[34.608,-11.08],[34.638,-11.127],[34.688,-11.177],[34.726,-11.238],[34.752,-11.309],[34.774,-11.342],[34.801,-11.341],[34.851,-11.352],[34.891,-11.394],[34.937,-11.463],[34.953,-11.544],[34.959,-11.578],[34.827,-11.576],[34.66,-11.589],[34.619,-11.62],[34.606,-11.69],[34.554,-11.834],[34.525,-11.887],[34.463,-11.984],[34.376,-12.12],[34.358,-12.165],[34.361,-12.211],[34.412,-12.396],[34.466,-12.591],[34.483,-12.667],[34.521,-12.926],[34.543,-13.109],[34.546,-13.216],[34.564,-13.36],[34.612,-13.438],[34.662,-13.487],[34.85,-13.516],[34.907,-13.552],[35.014,-13.643],[35.247,-13.897],[35.376,-14.059],[35.488,-14.201],[35.69,-14.466],[35.847,-14.671],[35.867,-14.864],[35.893,-14.892],[35.84,-15.035],[35.805,-15.266],[35.83,-15.419],[35.82,-15.68],[35.791,-15.959],[35.755,-16.058],[35.709,-16.096],[35.599,-16.126],[35.358,-16.161],[35.322,-16.193],[35.292,-16.247],[35.243,-16.375],[35.185,-16.505],[35.167,-16.56],[35.178,-16.573],[35.23,-16.639],[35.281,-16.808],[35.29,-17.097],[35.273,-17.118],[35.201,-17.131],[35.125,-17.127],[35.093,-17.111],[35.065,-17.079],[35.044,-17.017],[35.094,-16.974],[35.112,-16.899],[35.08,-16.834],[35.015,-16.82],[34.933,-16.76],[34.759,-16.567],[34.613,-16.432],[34.528,-16.319],[34.441,-16.274],[34.416,-16.247],[34.396,-16.199],[34.395,-16.131],[34.403,-16.08],[34.376,-16.024],[34.288,-15.936],[34.248,-15.887],[34.246,-15.829],[34.283,-15.773],[34.358,-15.705],[34.415,-15.567],[34.435,-15.477],[34.541,-15.297],[34.555,-15.141],[34.558,-15.016],[34.551,-14.922],[34.524,-14.731],[34.505,-14.598],[34.375,-14.425],[34.333,-14.409],[34.209,-14.424],[34.102,-14.449],[34.049,-14.485],[33.97,-14.487],[33.761,-14.517],[33.696,-14.53],[33.658,-14.562],[33.636,-14.568],[33.505,-14.434],[33.39,-14.289],[33.244,-14.043],[33.202,-14.013]]]]}},{"type":"Feature","properties":{"code":"MDG","name":"Madagascar","continent":"Africa"},"geometry":{"type":"MultiPolygon","coordinates":[[[[49.538,-12.432],[49.584,-12.537],[49.638,-12.637],[49.805,-12.88],[49.876,-12.973],[49.938,-13.072],[49.967,-13.27],[50.073,-13.578],[50.174,-14.04],[50.205,-14.514],[50.235,-14.732],[50.313,-14.937],[50.441,-15.149],[50.483,-15.386],[50.405,-15.629],[50.292,-15.858],[50.262,-15.902],[50.209,-15.96],[50.185,-15.958],[50.094,-15.899],[50.02,-15.802],[49.927,-15.574],[49.893,-15.458],[49.853,-15.439],[49.744,-15.45],[49.664,-15.522],[49.65,-15.567],[49.667,-15.696],[49.697,-15.811],[49.71,-15.929],[49.713,-16.077],[49.742,-16.121],[49.786,-16.159],[49.831,-16.256],[49.839,-16.487],[49.811,-16.603],[49.734,-16.703],[49.739,-16.758],[49.767,-16.815],[49.74,-16.849],[49.637,-16.893],[49.595,-16.931],[49.54,-17.033],[49.449,-17.241],[49.437,-17.347],[49.494,-17.67],[49.478,-17.899],[49.363,-18.336],[49.297,-18.544],[49.203,-18.792],[49.06,-19.12],[48.918,-19.53],[48.797,-19.953],[48.708,-20.207],[48.607,-20.458],[48.469,-20.9],[48.351,-21.349],[48.176,-21.843],[47.934,-22.394],[47.908,-22.466],[47.858,-22.747],[47.804,-22.992],[47.739,-23.233],[47.604,-23.633],[47.589,-23.756],[47.558,-23.875],[47.428,-24.125],[47.373,-24.218],[47.334,-24.318],[47.312,-24.443],[47.273,-24.564],[47.177,-24.787],[47.035,-24.979],[46.938,-25.049],[46.729,-25.15],[46.622,-25.17],[46.387,-25.173],[46.159,-25.23],[45.921,-25.341],[45.692,-25.468],[45.605,-25.529],[45.508,-25.563],[45.206,-25.571],[45.115,-25.543],[44.813,-25.334],[44.696,-25.3],[44.474,-25.271],[44.407,-25.253],[44.346,-25.226],[44.256,-25.117],[44.078,-25.025],[44.035,-24.996],[44.008,-24.932],[43.99,-24.863],[43.944,-24.787],[43.91,-24.641],[43.852,-24.538],[43.688,-24.358],[43.67,-24.3],[43.657,-24.109],[43.662,-23.979],[43.646,-23.742],[43.665,-23.63],[43.722,-23.53],[43.699,-23.421],[43.638,-23.307],[43.615,-23.188],[43.57,-23.08],[43.398,-22.886],[43.358,-22.791],[43.33,-22.692],[43.265,-22.384],[43.257,-22.276],[43.267,-22.049],[43.291,-21.933],[43.332,-21.851],[43.343,-21.79],[43.37,-21.738],[43.411,-21.696],[43.438,-21.647],[43.502,-21.356],[43.583,-21.292],[43.704,-21.255],[43.8,-21.179],[43.856,-21.077],[43.911,-20.866],[44.063,-20.656],[44.117,-20.546],[44.24,-20.38],[44.348,-20.146],[44.381,-20.035],[44.405,-19.922],[44.432,-19.674],[44.453,-19.551],[44.449,-19.429],[44.387,-19.303],[44.239,-19.075],[44.234,-19.033],[44.246,-18.863],[44.233,-18.741],[44.179,-18.619],[44.109,-18.504],[44.04,-18.288],[44.007,-17.933],[44.014,-17.804],[43.994,-17.69],[43.944,-17.581],[43.979,-17.392],[44.421,-16.703],[44.436,-16.621],[44.418,-16.411],[44.427,-16.289],[44.442,-16.244],[44.476,-16.217],[44.552,-16.204],[44.909,-16.175],[44.955,-16.153],[45.044,-16.095],[45.167,-15.983],[45.223,-15.95],[45.271,-15.962],[45.302,-16.01],[45.342,-16.037],[45.486,-15.986],[45.542,-15.984],[45.598,-15.993],[45.625,-15.946],[45.641,-15.883],[45.662,-15.839],[45.7,-15.814],[45.886,-15.8],[46.004,-15.782],[46.158,-15.738],[46.191,-15.747],[46.314,-15.905],[46.352,-15.918],[46.4,-15.925],[46.442,-15.896],[46.341,-15.813],[46.326,-15.767],[46.331,-15.714],[46.385,-15.6],[46.475,-15.513],[46.675,-15.382],[46.882,-15.23],[46.942,-15.219],[46.993,-15.243],[47.032,-15.423],[47.027,-15.452],[47.061,-15.456],[47.099,-15.434],[47.133,-15.362],[47.135,-15.302],[47.107,-15.244],[47.094,-15.195],[47.093,-15.15],[47.198,-15.044],[47.28,-14.943],[47.319,-14.822],[47.352,-14.766],[47.439,-14.703],[47.465,-14.713],[47.485,-14.764],[47.496,-14.818],[47.474,-14.872],[47.442,-14.925],[47.429,-14.996],[47.478,-15.009],[47.525,-14.992],[47.593,-14.864],[47.67,-14.743],[47.716,-14.68],[47.774,-14.637],[47.87,-14.646],[47.964,-14.673],[47.812,-14.545],[47.773,-14.37],[47.955,-14.067],[47.957,-14.004],[47.983,-13.985],[47.996,-13.96],[47.901,-13.858],[47.884,-13.808],[47.896,-13.731],[47.941,-13.662],[47.982,-13.615],[48.04,-13.596],[48.086,-13.623],[48.187,-13.707],[48.255,-13.719],[48.338,-13.639],[48.405,-13.538],[48.506,-13.469],[48.621,-13.426],[48.796,-13.267],[48.91,-12.936],[48.919,-12.839],[48.894,-12.722],[48.854,-12.61],[48.786,-12.471],[48.804,-12.44],[48.9,-12.458],[48.932,-12.439],[49.036,-12.316],[49.207,-12.08],[49.263,-12.08],[49.312,-12.124],[49.33,-12.189],[49.364,-12.236],[49.48,-12.348],[49.538,-12.432]]],[[[48.342,-13.364],[48.344,-13.4],[48.212,-13.385],[48.191,-13.26],[48.256,-13.256],[48.27,-13.205],[48.309,-13.198],[48.351,-13.31],[48.342,-13.364]]],[[[49.936,-16.903],[49.824,-17.087],[49.856,-16.933],[49.986,-16.712],[50.023,-16.695],[49.936,-16.903]]]]}},{"type":"Feature","properties":{"code":"LBY","name":"Libya","continent":"Africa"},"geometry":{"type":"Polygon","coordinates":[[[9.519,30.229],[9.638,30.282],[9.807,30.342],[9.895,30.387],[9.933,30.425],[10.06,30.58],[10.126,30.666],[10.216,30.783],[10.256,30.865],[10.257,30.941],[10.243,31.032],[10.173,31.251],[10.115,31.464],[10.16,31.546],[10.196,31.585],[10.275,31.685],[10.306,31.705],[10.476,31.736],[10.544,31.803],[10.596,31.886],[10.609,31.93],[10.683,31.975],[10.772,32.021],[10.826,32.081],[11.005,32.173],[11.168,32.257],[11.358,32.345],[11.505,32.414],[11.536,32.473],[11.534,32.525],[11.454,32.643],[11.454,32.782],[11.459,32.897],[11.467,32.966],[11.502,33.156],[11.505,33.182],[11.657,33.119],[11.813,33.094],[12.28,32.859],[12.427,32.829],[12.754,32.801],[13.138,32.897],[13.283,32.915],[13.536,32.824],[13.648,32.799],[13.835,32.792],[14.156,32.71],[14.237,32.681],[14.424,32.55],[14.513,32.511],[15.177,32.391],[15.267,32.312],[15.359,32.16],[15.363,31.971],[15.414,31.834],[15.496,31.657],[15.596,31.531],[15.706,31.426],[15.832,31.361],[16.123,31.264],[16.451,31.227],[16.782,31.215],[17.349,31.081],[17.83,30.928],[17.949,30.852],[18.19,30.777],[18.67,30.416],[18.936,30.29],[19.124,30.266],[19.292,30.288],[19.59,30.414],[19.713,30.488],[20.013,30.801],[20.112,30.964],[20.151,31.079],[20.141,31.196],[20.104,31.301],[20.02,31.411],[19.961,31.556],[19.926,31.818],[19.973,31.999],[20.031,32.108],[20.121,32.219],[20.371,32.431],[20.621,32.58],[21.062,32.776],[21.319,32.778],[21.425,32.799],[21.636,32.937],[21.721,32.942],[21.839,32.909],[22.187,32.918],[22.341,32.88],[22.523,32.794],[22.754,32.741],[22.917,32.687],[23.091,32.619],[23.13,32.448],[23.11,32.397],[23.106,32.331],[23.286,32.214],[23.798,32.159],[23.898,32.127],[24.039,32.037],[24.13,32.009],[24.48,31.997],[24.684,32.016],[24.879,31.984],[24.951,31.954],[25.025,31.883],[25.115,31.712],[25.15,31.655],[25.112,31.627],[25.057,31.567],[25.023,31.514],[24.93,31.427],[24.853,31.335],[24.86,31.199],[24.878,31.061],[24.929,30.926],[24.974,30.777],[24.961,30.679],[24.923,30.558],[24.878,30.458],[24.726,30.251],[24.703,30.201],[24.712,30.132],[24.804,29.886],[24.811,29.809],[24.866,29.57],[24.916,29.376],[24.972,29.224],[24.98,29.182],[24.98,28.957],[24.98,28.733],[24.98,28.508],[24.98,28.284],[24.98,28.059],[24.98,27.835],[24.98,27.61],[24.98,27.385],[24.98,27.161],[24.98,26.936],[24.98,26.712],[24.98,26.487],[24.98,26.263],[24.98,26.038],[24.98,25.813],[24.98,25.589],[24.98,25.364],[24.98,25.14],[24.98,24.915],[24.98,24.691],[24.98,24.466],[24.98,24.242],[24.98,24.017],[24.98,23.792],[24.98,23.568],[24.98,23.343],[24.98,23.119],[24.98,22.894],[24.98,22.67],[24.98,22.445],[24.98,22.22],[24.98,21.996],[24.98,21.498],[24.98,20.999],[24.98,20.501],[24.979,20.003],[24.976,20.001],[24.973,19.999],[24.97,19.997],[24.967,19.995],[24.72,19.996],[24.474,19.996],[24.227,19.996],[23.98,19.996],[23.98,19.871],[23.98,19.746],[23.98,19.621],[23.98,19.497],[23.501,19.733],[23.022,19.97],[22.543,20.206],[22.064,20.443],[21.585,20.679],[21.106,20.916],[20.627,21.153],[20.148,21.389],[19.669,21.626],[19.189,21.862],[18.71,22.099],[18.231,22.336],[17.752,22.572],[17.273,22.809],[16.794,23.045],[16.315,23.282],[15.984,23.445],[15.627,23.286],[15.347,23.161],[14.979,22.996],[14.979,22.996],[14.556,22.783],[14.231,22.618],[14.216,22.62],[14.201,22.624],[13.863,22.902],[13.599,23.12],[13.481,23.18],[12.984,23.291],[12.489,23.402],[11.968,23.518],[11.873,23.695],[11.767,23.893],[11.624,24.14],[11.537,24.291],[11.508,24.314],[11.108,24.434],[10.686,24.551],[10.439,24.48],[10.396,24.486],[10.326,24.53],[10.256,24.591],[10.219,24.676],[10.12,24.79],[10.028,25.051],[10.019,25.259],[10.001,25.332],[9.781,25.624],[9.581,25.89],[9.448,26.067],[9.422,26.147],[9.438,26.246],[9.491,26.334],[9.685,26.438],[9.859,26.552],[9.883,26.631],[9.894,26.848],[9.837,26.916],[9.795,27.045],[9.753,27.219],[9.748,27.331],[9.825,27.553],[9.916,27.786],[9.858,28.043],[9.816,28.56],[9.843,28.967],[9.821,29.115],[9.805,29.177],[9.746,29.369],[9.673,29.567],[9.64,29.636],[9.546,29.796],[9.391,29.994],[9.31,30.115],[9.421,30.179],[9.519,30.229]]]}},{"type":"Feature","properties":{"code":"LBR","name":"Liberia","continent":"Africa"},"geometry":{"type":"Polygon","coordinates":[[[-11.508,6.907],[-11.455,6.951],[-11.377,7.095],[-11.268,7.233],[-11.166,7.314],[-11.085,7.399],[-11.0,7.463],[-10.878,7.538],[-10.691,7.736],[-10.647,7.759],[-10.618,7.896],[-10.571,8.071],[-10.517,8.125],[-10.39,8.158],[-10.36,8.188],[-10.315,8.311],[-10.286,8.454],[-10.283,8.485],[-10.233,8.489],[-10.147,8.52],[-10.098,8.506],[-10.076,8.465],[-10.064,8.43],[-9.805,8.519],[-9.782,8.538],[-9.768,8.535],[-9.736,8.454],[-9.717,8.459],[-9.701,8.482],[-9.684,8.484],[-9.664,8.474],[-9.643,8.436],[-9.61,8.402],[-9.554,8.379],[-9.518,8.346],[-9.522,8.26],[-9.508,8.176],[-9.484,8.157],[-9.471,8.107],[-9.465,8.052],[-9.451,8.023],[-9.442,7.968],[-9.446,7.908],[-9.436,7.867],[-9.395,7.795],[-9.369,7.704],[-9.369,7.64],[-9.384,7.572],[-9.411,7.51],[-9.46,7.443],[-9.464,7.416],[-9.435,7.398],[-9.392,7.395],[-9.355,7.409],[-9.263,7.378],[-9.215,7.333],[-9.173,7.278],[-9.135,7.251],[-9.118,7.216],[-9.052,7.225],[-8.977,7.259],[-8.961,7.275],[-8.938,7.266],[-8.89,7.263],[-8.856,7.323],[-8.828,7.392],[-8.769,7.467],[-8.74,7.496],[-8.733,7.544],[-8.729,7.605],[-8.708,7.659],[-8.66,7.688],[-8.607,7.688],[-8.579,7.677],[-8.564,7.625],[-8.522,7.586],[-8.486,7.558],[-8.467,7.547],[-8.437,7.516],[-8.409,7.412],[-8.297,7.074],[-8.302,6.981],[-8.325,6.92],[-8.325,6.86],[-8.333,6.802],[-8.401,6.705],[-8.604,6.508],[-8.588,6.491],[-8.54,6.468],[-8.49,6.456],[-8.45,6.463],[-8.399,6.413],[-8.345,6.351],[-8.287,6.319],[-8.204,6.291],[-8.131,6.288],[-8.069,6.298],[-7.982,6.286],[-7.889,6.235],[-7.856,6.15],[-7.833,6.076],[-7.801,6.039],[-7.797,5.975],[-7.73,5.919],[-7.636,5.908],[-7.514,5.842],[-7.483,5.846],[-7.469,5.854],[-7.454,5.841],[-7.424,5.651],[-7.4,5.551],[-7.412,5.51],[-7.429,5.478],[-7.43,5.325],[-7.485,5.236],[-7.494,5.14],[-7.51,5.108],[-7.569,5.081],[-7.569,5.006],[-7.585,4.917],[-7.591,4.822],[-7.575,4.572],[-7.572,4.386],[-7.545,4.351],[-7.66,4.367],[-7.998,4.509],[-8.259,4.59],[-9.132,5.055],[-9.375,5.241],[-9.654,5.519],[-10.276,6.078],[-10.418,6.167],[-10.597,6.211],[-10.708,6.258],[-10.786,6.31],[-10.849,6.465],[-11.005,6.557],[-11.292,6.688],[-11.508,6.907]]]}},{"type":"Feature","properties":{"code":"LSO","name":"Lesotho","continent":"Africa"},"geometry":{"type":"Polygon","coordinates":[[[28.737,-30.102],[28.647,-30.127],[28.634,-30.129],[28.577,-30.123],[28.5,-30.129],[28.439,-30.142],[28.392,-30.148],[28.315,-30.218],[28.176,-30.41],[28.139,-30.45],[28.129,-30.525],[28.096,-30.585],[28.057,-30.631],[28.018,-30.642],[27.902,-30.624],[27.753,-30.6],[27.667,-30.542],[27.59,-30.466],[27.549,-30.411],[27.507,-30.381],[27.492,-30.364],[27.431,-30.338],[27.409,-30.325],[27.388,-30.316],[27.364,-30.279],[27.35,-30.247],[27.355,-30.159],[27.313,-30.106],[27.24,-30.015],[27.194,-29.941],[27.13,-29.84],[27.092,-29.754],[27.052,-29.664],[27.057,-29.626],[27.095,-29.599],[27.207,-29.554],[27.295,-29.519],[27.357,-29.455],[27.425,-29.36],[27.458,-29.303],[27.491,-29.277],[27.527,-29.236],[27.59,-29.146],[27.66,-29.047],[27.736,-28.94],[27.83,-28.909],[27.96,-28.873],[28.084,-28.78],[28.233,-28.701],[28.472,-28.616],[28.583,-28.594],[28.626,-28.582],[28.653,-28.598],[28.681,-28.647],[28.722,-28.688],[28.816,-28.759],[28.856,-28.776],[28.954,-28.881],[29.058,-28.954],[29.178,-29.037],[29.26,-29.078],[29.301,-29.09],[29.336,-29.164],[29.371,-29.218],[29.391,-29.27],[29.387,-29.32],[29.349,-29.442],[29.294,-29.567],[29.249,-29.619],[29.195,-29.652],[29.142,-29.701],[29.122,-29.801],[29.098,-29.919],[29.029,-29.968],[28.975,-29.999],[28.901,-30.038],[28.737,-30.102]]]}},{"type":"Feature","properties":{"code":"LBN","name":"Lebanon","continent":"Asia"},"geometry":{"type":"Polygon","coordinates":[[[35.976,34.629],[36.151,34.629],[36.264,34.633],[36.296,34.679],[36.384,34.658],[36.433,34.613],[36.389,34.567],[36.326,34.513],[36.33,34.5],[36.376,34.495],[36.456,34.466],[36.504,34.432],[36.585,34.221],[36.535,34.134],[36.458,34.057],[36.423,34.05],[36.355,34.011],[36.298,33.959],[36.278,33.925],[36.282,33.894],[36.363,33.855],[36.365,33.839],[36.349,33.827],[36.283,33.836],[36.199,33.84],[36.15,33.84],[36.092,33.832],[36.019,33.784],[35.986,33.753],[35.968,33.732],[35.942,33.668],[35.972,33.623],[36.027,33.598],[36.034,33.585],[36.022,33.562],[35.968,33.535],[35.927,33.5],[35.915,33.465],[35.869,33.432],[35.841,33.416],[35.788,33.37],[35.734,33.333],[35.627,33.275],[35.603,33.241],[35.579,33.271],[35.533,33.25],[35.493,33.119],[35.411,33.076],[35.309,33.08],[35.223,33.092],[35.109,33.084],[35.155,33.16],[35.204,33.259],[35.251,33.393],[35.336,33.503],[35.511,33.88],[35.612,34.032],[35.648,34.248],[35.804,34.437],[35.921,34.493],[35.978,34.547],[35.976,34.629]]]}},{"type":"Feature","properties":{"code":"LAO","name":"Laos","continent":"Asia"},"geometry":{"type":"Polygon","coordinates":[[[102.127,22.379],[102.183,22.284],[102.301,22.178],[102.443,22.027],[102.487,21.958],[102.583,21.904],[102.61,21.852],[102.631,21.771],[102.641,21.711],[102.662,21.676],[102.695,21.662],[102.739,21.678],[102.771,21.71],[102.798,21.798],[102.816,21.807],[102.845,21.735],[102.876,21.722],[102.918,21.713],[102.95,21.681],[102.959,21.626],[102.949,21.57],[102.91,21.506],[102.888,21.44],[102.872,21.337],[102.851,21.266],[102.884,21.203],[103.104,20.892],[103.211,20.841],[103.464,20.78],[103.555,20.738],[103.635,20.697],[103.714,20.717],[103.791,20.81],[103.882,20.861],[104.052,20.941],[104.101,20.946],[104.195,20.914],[104.35,20.821],[104.461,20.734],[104.53,20.688],[104.583,20.647],[104.575,20.6],[104.533,20.555],[104.479,20.53],[104.408,20.486],[104.368,20.441],[104.392,20.425],[104.496,20.414],[104.619,20.375],[104.656,20.329],[104.662,20.289],[104.677,20.225],[104.699,20.205],[104.813,20.217],[104.848,20.202],[104.889,20.169],[104.929,20.083],[104.928,20.018],[104.846,19.947],[104.815,19.904],[104.802,19.836],[104.743,19.755],[104.588,19.619],[104.546,19.611],[104.26,19.685],[104.127,19.681],[104.063,19.678],[104.032,19.675],[104.013,19.646],[104.052,19.564],[104.063,19.483],[104.028,19.42],[103.932,19.366],[103.896,19.34],[103.892,19.305],[103.918,19.269],[104.006,19.231],[104.109,19.196],[104.446,18.984],[104.518,18.934],[104.613,18.861],[104.717,18.803],[104.993,18.728],[105.115,18.679],[105.146,18.651],[105.145,18.617],[105.113,18.573],[105.087,18.496],[105.086,18.45],[105.115,18.405],[105.163,18.339],[105.273,18.235],[105.333,18.19],[105.4,18.179],[105.458,18.154],[105.519,18.077],[105.588,17.984],[105.598,17.918],[105.627,17.834],[105.691,17.738],[105.779,17.644],[105.903,17.529],[105.974,17.447],[106.006,17.415],[106.27,17.217],[106.333,17.144],[106.426,17.003],[106.465,16.982],[106.502,16.954],[106.526,16.877],[106.534,16.821],[106.546,16.651],[106.594,16.6],[106.638,16.538],[106.656,16.493],[106.696,16.459],[106.74,16.453],[106.792,16.49],[106.832,16.526],[106.851,16.516],[106.893,16.397],[106.931,16.353],[107.002,16.312],[107.07,16.28],[107.217,16.136],[107.296,16.084],[107.35,16.067],[107.396,16.043],[107.41,15.998],[107.392,15.952],[107.361,15.922],[107.189,15.839],[107.166,15.802],[107.19,15.747],[107.233,15.678],[107.279,15.619],[107.339,15.56],[107.46,15.466],[107.564,15.392],[107.622,15.31],[107.653,15.255],[107.634,15.19],[107.59,15.118],[107.555,15.057],[107.496,15.021],[107.48,14.98],[107.505,14.916],[107.525,14.872],[107.514,14.817],[107.519,14.705],[107.465,14.665],[107.415,14.563],[107.38,14.555],[107.293,14.592],[107.262,14.572],[107.207,14.498],[107.109,14.417],[107.062,14.416],[107.03,14.426],[106.992,14.391],[106.938,14.327],[106.913,14.329],[106.82,14.315],[106.783,14.335],[106.738,14.388],[106.665,14.441],[106.599,14.479],[106.564,14.505],[106.531,14.549],[106.501,14.578],[106.447,14.515],[106.355,14.455],[106.268,14.466],[106.225,14.476],[106.191,14.388],[106.165,14.372],[106.008,14.357],[105.979,14.343],[106.004,14.263],[106.097,14.127],[106.125,14.049],[106.067,13.921],[105.904,13.925],[105.831,13.977],[105.764,14.049],[105.74,14.085],[105.532,14.156],[105.393,14.107],[105.35,14.11],[105.285,14.161],[105.246,14.201],[105.207,14.259],[105.186,14.319],[105.183,14.346],[105.244,14.368],[105.342,14.417],[105.423,14.472],[105.476,14.53],[105.497,14.591],[105.5,14.661],[105.523,14.843],[105.547,14.932],[105.533,15.042],[105.49,15.128],[105.49,15.257],[105.506,15.32],[105.513,15.361],[105.574,15.413],[105.616,15.488],[105.639,15.586],[105.641,15.657],[105.622,15.7],[105.562,15.741],[105.462,15.78],[105.399,15.83],[105.373,15.89],[105.376,15.942],[105.406,15.987],[105.331,16.038],[105.149,16.094],[105.047,16.16],[105.026,16.238],[104.95,16.34],[104.819,16.466],[104.751,16.648],[104.744,16.884],[104.759,17.077],[104.816,17.3],[104.74,17.462],[104.656,17.547],[104.539,17.609],[104.428,17.699],[104.323,17.816],[104.196,17.988],[104.049,18.217],[103.95,18.319],[103.899,18.295],[103.792,18.317],[103.63,18.383],[103.488,18.418],[103.367,18.423],[103.288,18.408],[103.252,18.373],[103.249,18.339],[103.28,18.305],[103.263,18.278],[103.2,18.259],[103.149,18.222],[103.091,18.138],[103.051,18.029],[102.991,17.986],[102.899,17.977],[102.807,17.946],[102.718,17.892],[102.675,17.852],[102.68,17.824],[102.661,17.818],[102.617,17.833],[102.596,17.87],[102.598,17.927],[102.553,17.965],[102.459,17.985],[102.352,18.046],[102.232,18.149],[102.148,18.204],[102.101,18.211],[102.035,18.17],[101.947,18.081],[101.875,18.046],[101.819,18.065],[101.775,18.033],[101.744,17.953],[101.688,17.889],[101.564,17.821],[101.555,17.812],[101.414,17.719],[101.3,17.625],[101.167,17.499],[101.105,17.48],[101.046,17.51],[100.956,17.541],[100.908,17.584],[100.999,17.797],[101.113,18.034],[101.144,18.143],[101.149,18.222],[101.138,18.287],[101.093,18.355],[101.051,18.407],[101.047,18.442],[101.06,18.479],[101.106,18.534],[101.166,18.618],[101.221,18.793],[101.286,18.977],[101.28,19.089],[101.227,19.212],[101.198,19.328],[101.221,19.487],[101.212,19.548],[101.155,19.579],[100.967,19.611],[100.906,19.605],[100.858,19.585],[100.807,19.542],[100.744,19.515],[100.625,19.5],[100.514,19.553],[100.42,19.644],[100.398,19.756],[100.466,19.889],[100.515,19.996],[100.543,20.089],[100.54,20.132],[100.52,20.178],[100.492,20.184],[100.432,20.241],[100.373,20.34],[100.318,20.386],[100.266,20.377],[100.218,20.34],[100.174,20.273],[100.14,20.245],[100.115,20.258],[100.122,20.317],[100.13,20.372],[100.184,20.589],[100.249,20.73],[100.326,20.796],[100.407,20.823],[100.493,20.813],[100.565,20.825],[100.623,20.86],[100.618,20.879],[100.549,20.884],[100.522,20.922],[100.536,20.992],[100.567,21.038],[100.614,21.059],[100.659,21.13],[100.703,21.251],[100.757,21.313],[100.82,21.314],[100.928,21.366],[101.08,21.469],[101.139,21.567],[101.197,21.522],[101.175,21.408],[101.206,21.383],[101.22,21.342],[101.212,21.278],[101.224,21.224],[101.248,21.197],[101.281,21.184],[101.444,21.231],[101.542,21.234],[101.584,21.204],[101.622,21.184],[101.669,21.17],[101.705,21.15],[101.728,21.156],[101.783,21.204],[101.801,21.213],[101.802,21.236],[101.763,21.279],[101.723,21.315],[101.724,21.395],[101.743,21.534],[101.747,21.606],[101.744,21.778],[101.737,21.827],[101.7,21.882],[101.603,21.99],[101.576,22.055],[101.56,22.121],[101.562,22.162],[101.537,22.21],[101.525,22.254],[101.568,22.276],[101.62,22.327],[101.646,22.405],[101.671,22.462],[101.708,22.487],[101.739,22.495],[101.76,22.49],[101.842,22.388],[101.945,22.439],[102.024,22.439],[102.092,22.412],[102.127,22.379]]]}},{"type":"Feature","properties":{"code":"KGZ","name":"Kyrgyzstan","continent":"Asia"},"geometry":{"type":"Polygon","coordinates":[[[70.958,40.239],[70.991,40.255],[71.095,40.271],[71.305,40.287],[71.376,40.275],[71.457,40.242],[71.52,40.209],[71.58,40.21],[71.63,40.217],[71.651,40.208],[71.667,40.179],[71.692,40.152],[71.773,40.188],[71.845,40.234],[71.903,40.241],[71.956,40.259],[71.971,40.29],[72.013,40.341],[72.131,40.439],[72.193,40.454],[72.233,40.454],[72.235,40.439],[72.254,40.424],[72.358,40.402],[72.389,40.427],[72.406,40.463],[72.37,40.52],[72.369,40.543],[72.383,40.565],[72.402,40.578],[72.567,40.524],[72.604,40.525],[72.68,40.556],[72.749,40.609],[72.774,40.65],[73.113,40.786],[73.137,40.811],[73.132,40.829],[72.99,40.86],[72.926,40.842],[72.867,40.842],[72.831,40.862],[72.658,40.87],[72.62,40.884],[72.506,40.982],[72.427,41.019],[72.364,41.043],[72.295,41.04],[72.213,41.014],[72.187,41.026],[72.181,41.067],[72.181,41.118],[72.164,41.174],[72.115,41.187],[72.052,41.165],[71.958,41.187],[71.879,41.195],[71.858,41.311],[71.826,41.361],[71.792,41.413],[71.758,41.428],[71.701,41.454],[71.697,41.516],[71.685,41.533],[71.665,41.541],[71.638,41.534],[71.602,41.503],[71.62,41.435],[71.606,41.367],[71.586,41.333],[71.546,41.308],[71.5,41.307],[71.421,41.342],[71.408,41.136],[71.393,41.123],[71.299,41.152],[71.223,41.14],[71.111,41.153],[71.026,41.187],[70.963,41.196],[70.86,41.225],[70.782,41.263],[70.734,41.401],[70.689,41.45],[70.646,41.46],[70.471,41.413],[70.408,41.45],[70.29,41.497],[70.201,41.514],[70.177,41.54],[70.181,41.571],[70.455,41.725],[70.563,41.831],[70.631,41.875],[70.728,41.905],[70.803,41.923],[70.842,42.02],[70.857,42.031],[70.91,42.038],[71.032,42.078],[71.229,42.163],[71.232,42.186],[71.213,42.206],[71.13,42.25],[71.036,42.285],[70.979,42.267],[70.947,42.249],[70.893,42.294],[70.893,42.34],[70.952,42.419],[71.002,42.459],[71.023,42.535],[71.094,42.587],[71.167,42.667],[71.257,42.734],[71.422,42.783],[71.514,42.767],[71.601,42.779],[71.735,42.819],[71.761,42.821],[71.817,42.822],[72.162,42.761],[72.276,42.758],[72.543,42.678],[72.666,42.66],[72.753,42.638],[72.792,42.603],[72.855,42.561],[73.191,42.527],[73.283,42.504],[73.316,42.467],[73.412,42.42],[73.493,42.409],[73.422,42.594],[73.45,42.703],[73.556,43.003],[73.612,43.048],[73.719,43.088],[73.886,43.133],[73.949,43.195],[74.086,43.189],[74.146,43.194],[74.187,43.205],[74.209,43.24],[74.364,43.179],[74.622,43.056],[74.818,42.978],[75.048,42.904],[75.366,42.837],[75.636,42.815],[75.682,42.83],[75.79,42.933],[75.84,42.938],[75.932,42.929],[76.218,42.924],[76.509,42.919],[76.646,42.929],[76.944,42.971],[76.988,42.974],[77.057,42.971],[77.236,42.913],[77.369,42.904],[77.459,42.905],[77.512,42.9],[77.622,42.902],[77.802,42.895],[78.023,42.858],[78.29,42.864],[78.376,42.871],[78.524,42.865],[78.642,42.829],[78.792,42.791],[78.885,42.775],[78.948,42.767],[79.06,42.764],[79.127,42.776],[79.165,42.759],[79.203,42.666],[79.296,42.605],[79.368,42.547],[79.428,42.483],[79.49,42.458],[79.598,42.457],[79.803,42.438],[79.921,42.413],[80.071,42.303],[80.209,42.19],[80.229,42.13],[80.246,42.06],[80.235,42.043],[80.216,42.032],[79.91,42.015],[79.84,41.996],[79.766,41.899],[79.504,41.821],[79.354,41.781],[79.294,41.783],[79.148,41.719],[78.743,41.56],[78.543,41.46],[78.443,41.418],[78.362,41.372],[78.349,41.325],[78.346,41.281],[78.123,41.076],[77.956,41.051],[77.815,41.056],[77.719,41.024],[77.582,40.993],[77.284,41.014],[77.182,41.011],[76.987,41.039],[76.908,41.024],[76.824,40.982],[76.708,40.818],[76.661,40.78],[76.64,40.742],[76.622,40.662],[76.578,40.578],[76.521,40.511],[76.48,40.45],[76.396,40.39],[76.319,40.352],[76.258,40.431],[76.206,40.408],[76.157,40.376],[76.062,40.388],[76.004,40.371],[75.872,40.303],[75.677,40.306],[75.656,40.329],[75.617,40.517],[75.583,40.605],[75.556,40.625],[75.521,40.628],[75.241,40.48],[75.111,40.454],[75.004,40.45],[74.866,40.494],[74.835,40.483],[74.811,40.459],[74.801,40.429],[74.842,40.345],[74.83,40.329],[74.768,40.33],[74.68,40.311],[74.613,40.272],[74.412,40.137],[74.243,40.092],[74.085,40.074],[74.021,40.059],[73.992,40.043],[73.939,39.979],[73.885,39.878],[73.856,39.829],[73.835,39.8],[73.84,39.763],[73.883,39.715],[73.915,39.606],[73.907,39.579],[73.873,39.533],[73.823,39.489],[73.716,39.462],[73.632,39.449],[73.576,39.458],[73.47,39.461],[73.387,39.443],[73.336,39.412],[73.235,39.375],[73.109,39.362],[72.949,39.357],[72.872,39.36],[72.64,39.386],[72.563,39.377],[72.49,39.357],[72.358,39.337],[72.287,39.274],[72.25,39.216],[72.23,39.208],[72.147,39.261],[72.084,39.311],[72.043,39.352],[71.991,39.351],[71.806,39.276],[71.779,39.278],[71.726,39.307],[71.735,39.378],[71.732,39.423],[71.673,39.447],[71.546,39.453],[71.503,39.479],[71.506,39.517],[71.517,39.554],[71.503,39.582],[71.47,39.604],[71.404,39.598],[71.329,39.569],[71.273,39.535],[71.203,39.52],[71.118,39.514],[71.065,39.493],[71.005,39.412],[70.799,39.395],[70.733,39.413],[70.679,39.471],[70.608,39.564],[70.568,39.576],[70.501,39.587],[70.392,39.582],[70.245,39.543],[70.209,39.575],[70.171,39.584],[70.137,39.558],[70.102,39.561],[69.956,39.553],[69.772,39.557],[69.667,39.575],[69.599,39.574],[69.463,39.532],[69.392,39.532],[69.298,39.525],[69.28,39.666],[69.229,39.761],[69.245,39.827],[69.279,39.918],[69.307,39.969],[69.365,39.947],[69.432,39.91],[69.476,39.92],[69.488,39.95],[69.471,39.991],[69.469,40.021],[69.494,40.06],[69.53,40.097],[69.765,40.158],[69.967,40.202],[70.071,40.173],[70.274,40.105],[70.379,40.07],[70.451,40.049],[70.515,39.95],[70.557,39.954],[70.599,39.975],[70.624,39.999],[70.644,40.083],[70.739,40.131],[70.946,40.188],[70.961,40.221],[70.958,40.239]],[[71.206,39.893],[71.216,39.907],[71.179,39.98],[71.229,40.048],[71.13,40.06],[71.08,40.08],[71.024,40.149],[71.005,40.152],[70.976,40.133],[70.961,40.088],[70.974,40.039],[71.014,40.006],[71.041,39.995],[71.045,39.993],[71.044,39.976],[71.012,39.895],[71.064,39.885],[71.156,39.883],[71.206,39.893]],[[71.78,39.95],[71.79,39.995],[71.765,39.993],[71.737,39.981],[71.681,39.969],[71.669,39.946],[71.706,39.917],[71.753,39.907],[71.78,39.95]],[[70.702,39.825],[70.698,39.846],[70.664,39.855],[70.567,39.867],[70.498,39.882],[70.483,39.883],[70.489,39.863],[70.519,39.828],[70.56,39.791],[70.612,39.787],[70.702,39.825]]]}},{"type":"Feature","properties":{"code":"KWT","name":"Kuwait","continent":"Asia"},"geometry":{"type":"MultiPolygon","coordinates":[[[[48.275,29.624],[48.218,29.602],[48.18,29.611],[48.143,29.665],[48.081,29.799],[48.115,29.849],[48.113,29.87],[48.12,29.886],[48.139,29.897],[48.159,29.96],[48.185,29.979],[48.228,29.936],[48.348,29.783],[48.347,29.72],[48.34,29.695],[48.275,29.624]]],[[[48.442,28.543],[48.269,28.541],[48.05,28.538],[47.872,28.535],[47.671,28.533],[47.583,28.628],[47.553,28.732],[47.521,28.838],[47.433,28.99],[47.139,29.026],[46.982,29.046],[46.725,29.075],[46.531,29.096],[46.694,29.26],[46.769,29.347],[46.906,29.538],[46.976,29.673],[47.044,29.823],[47.102,29.94],[47.114,29.961],[47.148,30.001],[47.223,30.042],[47.331,30.08],[47.515,30.096],[47.644,30.097],[47.673,30.096],[47.754,30.077],[47.979,29.983],[47.974,29.946],[48.006,29.836],[48.077,29.716],[48.136,29.618],[48.143,29.572],[48.089,29.579],[48.048,29.598],[47.97,29.617],[47.817,29.487],[47.725,29.417],[47.723,29.393],[47.845,29.366],[47.935,29.367],[47.998,29.386],[48.051,29.355],[48.086,29.275],[48.1,29.211],[48.184,28.979],[48.253,28.901],[48.339,28.763],[48.371,28.692],[48.39,28.632],[48.442,28.543]]]]}},{"type":"Feature","properties":{"code":"KEN","name":"Kenya","continent":"Africa"},"geometry":{"type":"MultiPolygon","coordinates":[[[[40.994,-2.158],[40.957,-2.167],[40.976,-2.11],[41.086,-2.037],[41.131,-2.053],[41.139,-2.07],[41.137,-2.085],[41.118,-2.1],[40.994,-2.158]]],[[[33.903,-1.002],[33.9,-0.832],[33.924,-0.398],[33.921,-0.017],[33.943,0.174],[34.037,0.295],[34.081,0.382],[34.112,0.505],[34.161,0.605],[34.273,0.686],[34.293,0.731],[34.411,0.867],[34.482,1.042],[34.535,1.102],[34.602,1.156],[34.649,1.185],[34.727,1.214],[34.788,1.231],[34.799,1.245],[34.804,1.273],[34.784,1.381],[34.81,1.417],[34.851,1.489],[34.898,1.556],[34.941,1.599],[34.965,1.643],[34.976,1.72],[34.978,1.774],[34.978,1.862],[34.964,2.062],[34.914,2.23],[34.883,2.418],[34.906,2.48],[34.866,2.59],[34.847,2.596],[34.814,2.62],[34.773,2.723],[34.742,2.818],[34.723,2.842],[34.589,2.925],[34.523,3.12],[34.448,3.163],[34.407,3.358],[34.399,3.413],[34.442,3.606],[34.438,3.651],[34.393,3.692],[34.267,3.733],[34.165,3.813],[34.178,3.841],[34.186,3.87],[34.132,3.889],[33.976,4.22],[34.177,4.419],[34.38,4.621],[34.64,4.875],[34.878,5.11],[35.084,5.312],[35.268,5.492],[35.264,5.458],[35.265,5.412],[35.288,5.384],[35.325,5.365],[35.378,5.385],[35.424,5.413],[35.469,5.419],[35.745,5.344],[35.791,5.279],[35.788,5.208],[35.8,5.157],[35.779,5.106],[35.756,4.95],[35.763,4.808],[35.846,4.703],[35.92,4.62],[35.979,4.504],[36.022,4.468],[36.082,4.45],[36.272,4.445],[36.553,4.437],[36.824,4.43],[36.848,4.427],[36.906,4.411],[37.155,4.255],[37.383,4.111],[37.575,3.986],[37.763,3.865],[37.945,3.747],[38.086,3.649],[38.225,3.619],[38.452,3.605],[38.608,3.6],[38.753,3.559],[38.968,3.521],[39.128,3.501],[39.225,3.479],[39.494,3.456],[39.539,3.469],[39.658,3.578],[39.79,3.754],[39.842,3.851],[40.014,3.948],[40.316,4.083],[40.529,4.178],[40.765,4.273],[40.873,4.19],[41.021,4.057],[41.087,3.992],[41.14,3.963],[41.221,3.944],[41.319,3.943],[41.372,3.946],[41.482,3.963],[41.738,3.979],[41.884,3.978],[41.761,3.802],[41.613,3.59],[41.342,3.202],[41.135,2.997],[40.979,2.842],[40.964,2.815],[40.965,2.642],[40.967,2.221],[40.97,1.378],[40.973,0.535],[40.977,-0.307],[40.978,-0.729],[40.979,-0.87],[41.116,-1.047],[41.25,-1.221],[41.427,-1.45],[41.522,-1.572],[41.538,-1.613],[41.533,-1.695],[41.387,-1.867],[41.267,-1.945],[41.107,-1.982],[41.059,-1.975],[40.996,-1.951],[40.971,-1.992],[40.952,-2.056],[40.917,-2.042],[40.89,-2.024],[40.906,-2.138],[40.922,-2.194],[40.898,-2.27],[40.82,-2.336],[40.813,-2.392],[40.644,-2.539],[40.404,-2.556],[40.279,-2.629],[40.222,-2.688],[40.18,-2.819],[40.195,-3.019],[40.128,-3.173],[40.115,-3.251],[39.992,-3.351],[39.937,-3.442],[39.896,-3.536],[39.861,-3.577],[39.819,-3.786],[39.761,-3.913],[39.746,-3.955],[39.732,-3.993],[39.687,-4.068],[39.658,-4.119],[39.637,-4.153],[39.491,-4.478],[39.377,-4.625],[39.288,-4.609],[39.228,-4.666],[39.222,-4.692],[39.19,-4.677],[39.115,-4.624],[38.962,-4.513],[38.808,-4.402],[38.655,-4.292],[38.501,-4.181],[38.348,-4.071],[38.194,-3.96],[38.041,-3.85],[37.887,-3.739],[37.797,-3.674],[37.757,-3.636],[37.726,-3.56],[37.711,-3.541],[37.67,-3.517],[37.622,-3.512],[37.608,-3.497],[37.609,-3.46],[37.625,-3.407],[37.682,-3.306],[37.688,-3.246],[37.677,-3.178],[37.659,-3.07],[37.644,-3.045],[37.542,-2.989],[37.329,-2.87],[37.116,-2.751],[36.903,-2.632],[36.689,-2.513],[36.476,-2.394],[36.263,-2.275],[36.05,-2.156],[35.837,-2.037],[35.624,-1.918],[35.411,-1.799],[35.197,-1.68],[34.984,-1.561],[34.771,-1.442],[34.558,-1.323],[34.345,-1.204],[34.132,-1.085],[34.052,-1.04],[33.979,-1.002],[33.903,-1.002]]]]}},{"type":"Feature","properties":{"code":"KAZ","name":"Kazakhstan","continent":"Asia"},"geometry":{"type":"MultiPolygon","coordinates":[[[[50.184,44.855],[50.149,44.826],[50.095,44.831],[49.995,44.937],[50.023,45.045],[50.059,45.067],[50.11,45.082],[50.117,45.058],[50.045,45.01],[50.039,44.949],[50.098,44.882],[50.184,44.855]]],[[[50.312,44.972],[50.277,44.959],[50.256,45.022],[50.295,45.076],[50.35,45.083],[50.331,44.998],[50.312,44.972]]],[[[52.682,45.412],[52.665,45.401],[52.598,45.428],[52.554,45.474],[52.609,45.528],[52.66,45.518],[52.693,45.461],[52.682,45.412]]],[[[70.947,42.249],[70.86,42.207],[70.765,42.194],[70.715,42.169],[70.662,42.107],[70.613,42.055],[70.584,42.036],[70.54,42.039],[70.489,42.08],[70.416,42.079],[70.329,42.028],[70.226,41.946],[70.096,41.821],[69.96,41.754],[69.788,41.697],[69.664,41.672],[69.565,41.629],[69.401,41.542],[69.368,41.491],[69.249,41.46],[69.154,41.425],[69.065,41.367],[69.043,41.264],[68.987,41.205],[68.851,41.124],[68.737,41.042],[68.663,40.962],[68.584,40.876],[68.559,40.829],[68.557,40.765],[68.594,40.711],[68.601,40.66],[68.573,40.623],[68.496,40.609],[68.415,40.619],[68.292,40.656],[68.16,40.722],[68.112,40.754],[68.048,40.809],[68.057,40.861],[68.09,40.96],[68.113,41.029],[68.059,41.061],[68.02,41.096],[67.991,41.13],[67.936,41.197],[67.866,41.18],[67.805,41.164],[67.735,41.187],[67.528,41.177],[67.372,41.17],[67.225,41.162],[67.039,41.153],[66.814,41.142],[66.75,41.157],[66.71,41.179],[66.669,41.271],[66.645,41.349],[66.602,41.494],[66.573,41.607],[66.538,41.741],[66.515,41.889],[66.499,41.995],[66.329,41.998],[66.193,42.001],[66.01,42.005],[66.011,42.089],[66.013,42.194],[66.016,42.315],[66.05,42.473],[66.063,42.605],[66.079,42.767],[66.089,42.873],[66.1,42.991],[66.006,42.955],[65.901,42.915],[65.803,42.877],[65.736,42.972],[65.67,43.065],[65.571,43.205],[65.496,43.311],[65.367,43.372],[65.271,43.418],[65.171,43.494],[65.085,43.574],[65.003,43.649],[64.905,43.715],[64.812,43.694],[64.706,43.653],[64.604,43.613],[64.496,43.572],[64.443,43.551],[64.318,43.559],[64.209,43.566],[64.013,43.578],[63.848,43.588],[63.68,43.599],[63.445,43.613],[63.207,43.628],[63.048,43.608],[62.846,43.584],[62.634,43.558],[62.459,43.537],[62.238,43.51],[62.072,43.489],[61.99,43.492],[61.888,43.577],[61.723,43.714],[61.624,43.796],[61.526,43.877],[61.385,43.994],[61.271,44.082],[61.161,44.169],[61.097,44.248],[61.065,44.348],[61.008,44.394],[60.879,44.455],[60.741,44.521],[60.603,44.587],[60.465,44.652],[60.327,44.718],[60.188,44.784],[60.05,44.85],[59.912,44.916],[59.774,44.981],[59.636,45.047],[59.498,45.113],[59.36,45.179],[59.221,45.244],[59.083,45.31],[58.945,45.376],[58.807,45.442],[58.669,45.508],[58.555,45.555],[58.449,45.543],[58.291,45.509],[58.125,45.474],[57.961,45.44],[57.667,45.377],[57.477,45.337],[57.329,45.304],[57.172,45.268],[56.965,45.221],[56.792,45.181],[56.589,45.135],[56.409,45.094],[56.258,45.059],[56.1,45.023],[55.976,44.995],[55.976,44.765],[55.976,44.536],[55.976,44.306],[55.976,44.077],[55.976,43.847],[55.976,43.618],[55.976,43.388],[55.977,43.159],[55.977,42.929],[55.977,42.7],[55.977,42.47],[55.977,42.24],[55.977,42.011],[55.977,41.781],[55.977,41.552],[55.977,41.322],[55.935,41.324],[55.839,41.311],[55.679,41.279],[55.545,41.263],[55.487,41.272],[55.434,41.296],[55.388,41.347],[55.32,41.408],[55.25,41.458],[55.162,41.56],[55.102,41.639],[54.952,41.81],[54.932,41.864],[54.904,41.919],[54.854,41.965],[54.678,42.078],[54.473,42.18],[54.272,42.28],[54.215,42.304],[54.121,42.335],[54.005,42.336],[53.926,42.33],[53.685,42.297],[53.501,42.258],[53.25,42.206],[53.056,42.148],[53.013,42.131],[52.871,42.061],[52.697,41.944],[52.494,41.78],[52.468,41.886],[52.459,42.048],[52.462,42.101],[52.517,42.237],[52.573,42.331],[52.618,42.428],[52.638,42.556],[52.597,42.76],[52.55,42.805],[52.494,42.82],[52.434,42.824],[52.324,42.816],[52.273,42.8],[52.184,42.869],[52.076,42.88],[52.019,42.861],[51.961,42.851],[51.898,42.87],[51.844,42.91],[51.811,42.954],[51.785,43.004],[51.7,43.104],[51.616,43.158],[51.514,43.171],[51.348,43.167],[51.295,43.174],[51.292,43.231],[51.313,43.356],[51.314,43.421],[51.302,43.482],[51.274,43.533],[51.239,43.577],[51.14,43.649],[51.065,43.75],[50.94,43.959],[50.831,44.193],[50.783,44.228],[50.685,44.265],[50.472,44.295],[50.331,44.325],[50.276,44.355],[50.253,44.406],[50.253,44.462],[50.265,44.527],[50.297,44.582],[50.409,44.624],[50.652,44.633],[50.86,44.629],[51.049,44.53],[51.111,44.508],[51.177,44.501],[51.311,44.532],[51.377,44.541],[51.544,44.531],[51.494,44.578],[51.431,44.602],[51.366,44.6],[51.31,44.619],[51.218,44.709],[51.058,44.812],[51.021,44.854],[51.009,44.922],[51.04,44.98],[51.154,45.04],[51.25,45.122],[51.294,45.23],[51.333,45.28],[51.416,45.358],[51.54,45.343],[51.733,45.399],[52.049,45.388],[52.427,45.405],[52.531,45.399],[52.772,45.344],[52.911,45.32],[53.079,45.308],[53.2,45.332],[53.086,45.407],[52.837,45.497],[52.774,45.573],[52.888,45.78],[53.042,45.968],[53.135,46.192],[53.109,46.414],[53.064,46.475],[53.079,46.547],[53.132,46.608],[53.17,46.669],[53.138,46.742],[53.069,46.856],[53.035,46.893],[52.916,46.954],[52.678,46.957],[52.483,46.991],[52.42,46.964],[52.385,46.922],[52.34,46.895],[52.189,46.84],[52.138,46.829],[52.086,46.84],[52.011,46.902],[51.945,46.895],[51.745,46.934],[51.65,47.018],[51.615,47.03],[51.291,47.097],[51.178,47.11],[50.92,47.041],[50.733,46.952],[50.68,46.939],[50.583,46.882],[50.528,46.873],[50.472,46.883],[50.419,46.879],[50.306,46.795],[50.102,46.696],[50.0,46.634],[49.886,46.596],[49.761,46.571],[49.632,46.568],[49.584,46.545],[49.437,46.537],[49.347,46.519],[49.344,46.486],[49.362,46.41],[49.286,46.437],[49.206,46.386],[49.232,46.337],[49.184,46.349],[48.959,46.442],[48.774,46.508],[48.61,46.566],[48.586,46.577],[48.541,46.606],[48.509,46.65],[48.502,46.699],[48.519,46.734],[48.558,46.757],[48.605,46.766],[48.647,46.759],[48.694,46.737],[48.776,46.71],[48.884,46.705],[48.95,46.726],[48.959,46.775],[48.832,46.955],[48.714,47.1],[48.601,47.262],[48.553,47.321],[48.413,47.456],[48.276,47.59],[48.167,47.709],[48.11,47.745],[47.935,47.761],[47.6,47.79],[47.482,47.804],[47.387,47.769],[47.292,47.741],[47.202,47.792],[47.131,47.877],[47.093,47.948],[47.112,48.02],[47.119,48.127],[47.065,48.232],[47.004,48.284],[46.853,48.324],[46.661,48.412],[46.609,48.574],[46.703,48.806],[46.853,48.97],[46.962,49.038],[47.014,49.098],[47.031,49.15],[47.018,49.2],[46.953,49.253],[46.853,49.304],[46.802,49.367],[46.823,49.502],[46.89,49.697],[46.992,49.853],[47.13,49.939],[47.248,50.001],[47.295,50.058],[47.298,50.14],[47.295,50.217],[47.326,50.274],[47.376,50.318],[47.429,50.358],[47.504,50.403],[47.6,50.414],[47.706,50.378],[47.85,50.282],[48.061,50.094],[48.181,49.97],[48.225,49.932],[48.335,49.858],[48.434,49.829],[48.6,49.875],[48.759,49.928],[48.81,49.962],[48.843,50.013],[48.818,50.1],[48.785,50.156],[48.749,50.228],[48.7,50.354],[48.666,50.55],[48.625,50.613],[48.655,50.62],[48.735,50.607],[48.808,50.601],[48.914,50.645],[49.059,50.726],[49.323,50.852],[49.379,50.935],[49.425,51.027],[49.498,51.084],[49.666,51.102],[49.822,51.132],[49.932,51.197],[50.105,51.255],[50.247,51.29],[50.309,51.322],[50.354,51.37],[50.516,51.506],[50.644,51.589],[50.756,51.675],[50.794,51.729],[50.882,51.719],[51.018,51.682],[51.163,51.647],[51.27,51.594],[51.291,51.54],[51.301,51.497],[51.345,51.475],[51.396,51.471],[51.473,51.482],[51.609,51.484],[51.775,51.554],[52.007,51.673],[52.219,51.709],[52.331,51.681],[52.423,51.594],[52.496,51.512],[52.571,51.482],[52.618,51.481],[52.635,51.48],[52.728,51.498],[52.735,51.498],[52.821,51.495],[52.903,51.467],[53.038,51.464],[53.227,51.485],[53.247,51.494],[53.338,51.482],[53.449,51.445],[53.535,51.4],[53.688,51.252],[53.776,51.214],[53.957,51.161],[54.042,51.115],[54.14,51.041],[54.191,50.996],[54.298,50.914],[54.421,50.78],[54.443,50.674],[54.471,50.584],[54.517,50.541],[54.555,50.536],[54.596,50.551],[54.636,50.592],[54.65,50.66],[54.638,50.781],[54.606,50.88],[54.566,50.911],[54.546,50.946],[54.573,50.99],[54.642,51.012],[54.727,50.998],[54.868,50.941],[55.015,50.87],[55.195,50.745],[55.361,50.665],[55.542,50.602],[55.686,50.583],[55.798,50.602],[55.929,50.654],[56.05,50.714],[56.104,50.776],[56.144,50.845],[56.326,50.936],[56.491,51.02],[56.567,51.004],[56.62,50.981],[56.79,51.032],[56.85,51.046],[57.012,51.065],[57.179,51.036],[57.312,50.947],[57.442,50.889],[57.558,50.896],[57.654,50.925],[57.717,50.981],[57.765,51.047],[57.829,51.089],[57.839,51.092],[58.045,51.069],[58.175,51.072],[58.188,51.082],[58.359,51.064],[58.547,50.971],[58.665,50.868],[58.814,50.737],[58.884,50.694],[58.985,50.676],[59.064,50.668],[59.171,50.648],[59.452,50.62],[59.495,50.604],[59.524,50.583],[59.498,50.511],[59.523,50.493],[59.751,50.544],[59.812,50.582],[59.888,50.69],[59.955,50.799],[60.005,50.84],[60.059,50.85],[60.112,50.834],[60.187,50.77],[60.288,50.704],[60.425,50.679],[60.508,50.669],[60.638,50.664],[60.942,50.696],[61.227,50.775],[61.389,50.861],[61.465,50.99],[61.512,51.137],[61.585,51.23],[61.555,51.325],[61.411,51.415],[61.363,51.442],[61.015,51.492],[60.993,51.529],[60.974,51.537],[60.63,51.617],[60.465,51.651],[60.418,51.704],[60.388,51.773],[60.28,51.835],[60.067,51.891],[60.03,51.933],[60.066,51.976],[60.234,52.025],[60.425,52.126],[60.499,52.146],[60.67,52.151],[60.828,52.233],[60.938,52.281],[60.995,52.337],[60.979,52.395],[60.821,52.57],[60.774,52.676],[60.802,52.745],[60.893,52.819],[60.945,52.86],[61.007,52.933],[61.047,52.972],[61.207,52.989],[61.401,52.996],[61.534,52.979],[61.719,52.969],[61.889,52.956],[61.974,52.944],[62.037,52.966],[62.083,53.005],[62.081,53.057],[62.015,53.108],[61.766,53.174],[61.66,53.228],[61.576,53.222],[61.437,53.239],[61.311,53.275],[61.199,53.287],[61.163,53.337],[61.186,53.406],[61.229,53.446],[61.312,53.466],[61.401,53.456],[61.499,53.485],[61.527,53.502],[61.535,53.523],[61.519,53.554],[61.474,53.58],[61.41,53.587],[61.336,53.565],[61.248,53.551],[61.099,53.583],[60.979,53.622],[60.986,53.657],[61.074,53.71],[61.113,53.753],[61.113,53.813],[61.113,53.882],[61.144,53.964],[61.231,54.019],[61.334,54.049],[61.598,53.995],[61.929,53.946],[61.986,53.954],[62.002,53.98],[62.04,54.003],[62.499,54.013],[62.588,54.044],[62.633,54.069],[63.074,54.105],[63.127,54.139],[63.191,54.171],[63.293,54.17],[63.414,54.183],[63.582,54.222],[63.701,54.243],[63.721,54.245],[63.847,54.236],[64.004,54.267],[64.037,54.28],[64.063,54.303],[64.199,54.347],[64.461,54.384],[64.525,54.362],[64.65,54.352],[64.809,54.369],[64.927,54.397],[64.995,54.369],[65.088,54.34],[65.158,54.364],[65.192,54.441],[65.237,54.516],[65.316,54.552],[65.378,54.564],[65.434,54.593],[65.477,54.623],[65.708,54.619],[65.914,54.693],[65.955,54.66],[66.223,54.667],[66.555,54.715],[66.754,54.738],[67.098,54.788],[67.257,54.829],[67.485,54.854],[67.693,54.872],[67.83,54.944],[67.94,54.954],[68.074,54.96],[68.156,54.977],[68.209,55.003],[68.244,55.052],[68.225,55.115],[68.206,55.161],[68.302,55.187],[68.438,55.194],[68.525,55.205],[68.713,55.308],[68.843,55.358],[68.977,55.39],[69.247,55.373],[69.493,55.357],[69.74,55.307],[69.87,55.246],[69.982,55.199],[70.087,55.177],[70.182,55.162],[70.293,55.184],[70.371,55.212],[70.417,55.253],[70.486,55.282],[70.738,55.305],[70.79,55.261],[70.91,55.128],[70.992,54.95],[71.126,54.715],[71.186,54.599],[71.159,54.539],[71.16,54.455],[71.152,54.364],[71.053,54.26],[71.093,54.212],[71.336,54.158],[71.677,54.178],[71.887,54.221],[72.004,54.206],[72.066,54.232],[72.105,54.308],[72.186,54.326],[72.269,54.272],[72.329,54.181],[72.387,54.123],[72.383,54.054],[72.404,53.964],[72.447,53.942],[72.53,53.976],[72.586,53.996],[72.599,54.023],[72.576,54.056],[72.564,54.09],[72.583,54.122],[72.622,54.134],[72.741,54.125],[72.914,54.107],[73.119,53.981],[73.23,53.958],[73.277,53.956],[73.381,53.963],[73.506,53.999],[73.59,54.045],[73.618,54.067],[73.666,54.063],[73.712,54.042],[73.716,53.996],[73.679,53.929],[73.554,53.868],[73.399,53.811],[73.306,53.707],[73.286,53.598],[73.327,53.543],[73.362,53.506],[73.372,53.454],[73.407,53.448],[73.47,53.469],[73.643,53.576],[73.731,53.603],[73.859,53.62],[74.069,53.611],[74.21,53.576],[74.277,53.528],[74.352,53.488],[74.403,53.504],[74.429,53.551],[74.43,53.604],[74.452,53.647],[74.681,53.754],[74.834,53.826],[74.887,53.834],[74.989,53.819],[75.052,53.827],[75.22,53.894],[75.377,53.97],[75.392,54.022],[75.398,54.069],[75.437,54.09],[75.657,54.106],[75.693,54.115],[75.881,54.168],[76.141,54.259],[76.267,54.312],[76.496,54.336],[76.539,54.351],[76.616,54.387],[76.759,54.437],[76.837,54.442],[76.789,54.322],[76.703,54.182],[76.655,54.145],[76.422,54.152],[76.422,54.114],[76.459,54.055],[76.485,54.023],[76.513,53.993],[76.576,53.943],[76.821,53.823],[77.132,53.67],[77.469,53.499],[77.704,53.379],[77.799,53.317],[77.86,53.269],[78.033,53.095],[78.198,52.93],[78.475,52.638],[78.721,52.357],[78.992,52.047],[79.149,51.868],[79.469,51.493],[79.554,51.378],[79.716,51.16],[79.86,50.955],[79.986,50.775],[80.066,50.758],[80.072,50.807],[80.086,50.84],[80.127,50.858],[80.22,50.912],[80.27,50.925],[80.345,50.919],[80.424,50.946],[80.452,50.998],[80.434,51.093],[80.421,51.136],[80.448,51.183],[80.491,51.202],[80.551,51.217],[80.605,51.224],[80.65,51.277],[80.735,51.293],[80.813,51.283],[80.877,51.281],[80.934,51.243],[80.966,51.19],[81.027,51.186],[81.127,51.191],[81.141,51.147],[81.112,51.072],[81.078,51.015],[81.071,50.969],[81.125,50.946],[81.319,50.966],[81.388,50.956],[81.41,50.91],[81.438,50.871],[81.452,50.824],[81.431,50.771],[81.466,50.74],[81.634,50.739],[81.752,50.764],[81.934,50.766],[82.098,50.711],[82.212,50.719],[82.326,50.742],[82.494,50.728],[82.612,50.771],[82.693,50.826],[82.719,50.869],[82.761,50.893],[82.919,50.893],[83.019,50.897],[83.093,50.961],[83.16,50.989],[83.274,50.995],[83.357,50.995],[83.581,50.936],[83.718,50.887],[83.86,50.818],[83.945,50.775],[84.002,50.677],[84.099,50.605],[84.176,50.521],[84.195,50.437],[84.258,50.288],[84.323,50.239],[84.401,50.239],[84.499,50.219],[84.607,50.202],[84.839,50.091],[84.924,50.088],[84.989,50.061],[85.0,50.01],[84.975,49.951],[85.001,49.894],[85.076,49.822],[85.137,49.751],[85.21,49.665],[85.233,49.616],[85.292,49.599],[85.372,49.624],[85.498,49.605],[85.88,49.557],[85.934,49.55],[85.974,49.499],[86.03,49.503],[86.093,49.505],[86.181,49.499],[86.242,49.546],[86.292,49.587],[86.418,49.638],[86.522,49.708],[86.61,49.769],[86.675,49.777],[86.729,49.749],[86.731,49.696],[86.665,49.657],[86.614,49.61],[86.626,49.563],[86.714,49.559],[86.812,49.488],[86.953,49.322],[87.001,49.287],[87.071,49.255],[87.148,49.24],[87.234,49.216],[87.297,49.148],[87.323,49.086],[87.23,49.106],[87.049,49.11],[86.938,49.098],[86.886,49.091],[86.808,49.05],[86.753,49.009],[86.729,48.939],[86.758,48.861],[86.718,48.697],[86.664,48.636],[86.549,48.529],[86.483,48.505],[86.373,48.486],[86.266,48.455],[86.056,48.424],[85.83,48.408],[85.749,48.385],[85.692,48.312],[85.652,48.251],[85.626,48.204],[85.562,48.052],[85.526,47.916],[85.562,47.746],[85.588,47.558],[85.587,47.494],[85.642,47.397],[85.67,47.338],[85.657,47.255],[85.577,47.188],[85.53,47.101],[85.485,47.064],[85.355,47.047],[85.233,47.036],[85.111,46.961],[85.012,46.909],[84.858,46.843],[84.786,46.831],[84.746,46.864],[84.72,46.939],[84.667,46.972],[84.592,46.975],[84.532,46.976],[84.339,46.996],[84.215,46.995],[84.122,46.979],[84.016,46.971],[83.833,46.998],[83.714,47.021],[83.634,47.043],[83.444,47.109],[83.193,47.187],[83.09,47.209],[83.029,47.186],[83.02,47.141],[83.004,47.033],[82.975,46.966],[82.8,46.624],[82.692,46.387],[82.555,46.159],[82.512,46.006],[82.43,45.812],[82.348,45.672],[82.315,45.595],[82.312,45.564],[82.327,45.52],[82.452,45.472],[82.583,45.443],[82.612,45.424],[82.626,45.374],[82.621,45.293],[82.597,45.216],[82.559,45.155],[82.521,45.125],[82.479,45.124],[82.397,45.162],[82.323,45.206],[82.267,45.219],[82.123,45.195],[81.989,45.162],[81.945,45.161],[81.867,45.182],[81.79,45.226],[81.759,45.311],[81.692,45.349],[81.602,45.311],[81.335,45.246],[81.04,45.169],[80.853,45.129],[80.78,45.136],[80.635,45.127],[80.509,45.105],[80.415,45.075],[80.228,45.034],[80.059,45.006],[79.95,44.944],[79.872,44.884],[79.875,44.861],[79.932,44.825],[79.997,44.797],[80.128,44.804],[80.255,44.808],[80.361,44.77],[80.455,44.746],[80.482,44.715],[80.455,44.684],[80.401,44.677],[80.381,44.655],[80.391,44.627],[80.355,44.552],[80.336,44.438],[80.355,44.327],[80.365,44.223],[80.359,44.171],[80.355,44.097],[80.396,44.047],[80.432,43.952],[80.496,43.892],[80.593,43.685],[80.651,43.564],[80.704,43.427],[80.665,43.353],[80.668,43.31],[80.73,43.274],[80.757,43.204],[80.786,43.162],[80.778,43.119],[80.751,43.102],[80.617,43.128],[80.507,43.086],[80.39,43.043],[80.375,43.02],[80.371,42.996],[80.383,42.974],[80.451,42.936],[80.544,42.912],[80.539,42.873],[80.424,42.856],[80.25,42.797],[80.202,42.734],[80.165,42.666],[80.162,42.626],[80.179,42.518],[80.206,42.399],[80.255,42.274],[80.259,42.235],[80.233,42.208],[80.209,42.19],[80.071,42.303],[79.921,42.413],[79.803,42.438],[79.598,42.457],[79.49,42.458],[79.428,42.483],[79.368,42.547],[79.296,42.605],[79.203,42.666],[79.165,42.759],[79.127,42.776],[79.06,42.764],[78.948,42.767],[78.885,42.775],[78.792,42.791],[78.642,42.829],[78.524,42.865],[78.376,42.871],[78.29,42.864],[78.023,42.858],[77.802,42.895],[77.622,42.902],[77.512,42.9],[77.459,42.905],[77.369,42.904],[77.236,42.913],[77.057,42.971],[76.988,42.974],[76.944,42.971],[76.646,42.929],[76.509,42.919],[76.218,42.924],[75.932,42.929],[75.84,42.938],[75.79,42.933],[75.682,42.83],[75.636,42.815],[75.366,42.837],[75.048,42.904],[74.818,42.978],[74.622,43.056],[74.364,43.179],[74.209,43.24],[74.187,43.205],[74.146,43.194],[74.086,43.189],[73.949,43.195],[73.886,43.133],[73.719,43.088],[73.612,43.048],[73.556,43.003],[73.45,42.703],[73.422,42.594],[73.493,42.409],[73.412,42.42],[73.316,42.467],[73.283,42.504],[73.191,42.527],[72.855,42.561],[72.792,42.603],[72.753,42.638],[72.666,42.66],[72.543,42.678],[72.276,42.758],[72.162,42.761],[71.817,42.822],[71.761,42.821],[71.735,42.819],[71.601,42.779],[71.514,42.767],[71.422,42.783],[71.257,42.734],[71.167,42.667],[71.094,42.587],[71.023,42.535],[71.002,42.459],[70.952,42.419],[70.893,42.34],[70.893,42.294],[70.947,42.249]]]]}},{"type":"Feature","properties":{"code":"JOR","name":"Jordan","continent":"Asia"},"geometry":{"type":"Polygon","coordinates":[[[35.787,32.735],[35.895,32.714],[35.956,32.667],[36.059,32.534],[36.22,32.495],[36.284,32.457],[36.372,32.387],[36.479,32.361],[36.818,32.317],[37.089,32.466],[37.318,32.591],[37.577,32.733],[37.754,32.83],[38.056,32.995],[38.254,33.099],[38.516,33.237],[38.774,33.372],[38.845,33.151],[38.915,32.935],[38.987,32.711],[39.058,32.493],[38.982,32.473],[39.041,32.306],[39.14,32.331],[39.247,32.351],[39.293,32.244],[39.145,32.125],[38.997,32.007],[38.962,31.995],[38.77,31.946],[38.375,31.847],[38.111,31.781],[37.774,31.696],[37.493,31.626],[37.216,31.556],[36.959,31.492],[37.105,31.355],[37.329,31.147],[37.479,31.008],[37.655,30.829],[37.813,30.669],[37.98,30.5],[37.863,30.443],[37.67,30.348],[37.65,30.331],[37.634,30.313],[37.554,30.145],[37.491,30.012],[37.469,29.995],[37.199,29.946],[36.927,29.897],[36.755,29.866],[36.704,29.832],[36.592,29.666],[36.476,29.495],[36.283,29.355],[36.068,29.201],[36.015,29.19],[35.86,29.214],[35.595,29.255],[35.339,29.294],[35.164,29.321],[34.951,29.354],[34.982,29.484],[34.973,29.555],[35.024,29.787],[35.053,29.897],[35.068,29.978],[35.142,30.142],[35.133,30.195],[35.148,30.384],[35.141,30.421],[35.174,30.524],[35.237,30.673],[35.298,30.802],[35.32,30.86],[35.383,30.982],[35.439,31.132],[35.41,31.214],[35.401,31.231],[35.424,31.325],[35.423,31.325],[35.451,31.479],[35.465,31.562],[35.499,31.672],[35.559,31.766],[35.531,31.985],[35.535,32.103],[35.572,32.238],[35.551,32.396],[35.569,32.62],[35.573,32.641],[35.595,32.668],[35.611,32.682],[35.734,32.729],[35.787,32.735]]]}},{"type":"Feature","properties":{"code":"JPN","name":"Japan","continent":"Asia"},"geometry":{"type":"MultiPolygon","coordinates":[[[[133.371,36.204],[133.325,36.167],[133.239,36.179],[133.19,36.233],[133.206,36.293],[133.296,36.34],[133.381,36.246],[133.371,36.204]]],[[[138.344,37.822],[138.249,37.82],[138.225,37.829],[138.283,37.854],[138.288,37.896],[138.322,37.97],[138.322,37.991],[138.246,37.995],[138.25,38.078],[138.306,38.161],[138.461,38.291],[138.504,38.316],[138.51,38.259],[138.463,38.124],[138.454,38.076],[138.575,38.066],[138.497,37.904],[138.344,37.822]]],[[[134.933,34.288],[134.824,34.203],[134.731,34.209],[134.683,34.247],[134.668,34.294],[134.757,34.368],[134.834,34.473],[134.904,34.519],[134.961,34.545],[135.005,34.544],[134.905,34.398],[134.933,34.288]]],[[[130.623,30.263],[130.508,30.241],[130.446,30.265],[130.388,30.388],[130.497,30.466],[130.644,30.389],[130.673,30.367],[130.623,30.263]]],[[[130.96,30.397],[130.872,30.386],[130.87,30.444],[130.94,30.575],[130.947,30.671],[131.012,30.792],[131.04,30.819],[131.06,30.828],[131.083,30.791],[131.057,30.642],[130.993,30.53],[130.96,30.397]]],[[[130.083,32.23],[130.004,32.194],[129.993,32.228],[129.96,32.244],[130.017,32.292],[130.015,32.314],[129.979,32.346],[130.021,32.469],[130.01,32.522],[130.168,32.541],[130.197,32.492],[130.2,32.341],[130.083,32.23]]],[[[129.279,34.123],[129.214,34.083],[129.186,34.145],[129.215,34.321],[129.337,34.285],[129.335,34.231],[129.279,34.123]]],[[[129.386,34.354],[129.365,34.306],[129.297,34.34],[129.267,34.37],[129.329,34.522],[129.322,34.579],[129.326,34.607],[129.451,34.687],[129.472,34.671],[129.48,34.649],[129.469,34.616],[129.475,34.54],[129.381,34.416],[129.386,34.354]]],[[[128.665,32.784],[128.704,32.757],[128.761,32.772],[128.806,32.776],[128.839,32.763],[128.879,32.693],[128.895,32.652],[128.821,32.646],[128.79,32.637],[128.75,32.586],[128.693,32.605],[128.657,32.628],[128.649,32.662],[128.665,32.784]]],[[[130.381,32.424],[130.293,32.419],[130.256,32.431],[130.242,32.463],[130.365,32.527],[130.461,32.516],[130.419,32.458],[130.381,32.424]]],[[[141.073,45.333],[141.034,45.269],[140.982,45.364],[140.972,45.465],[141.002,45.465],[141.057,45.45],[141.07,45.4],[141.073,45.333]]],[[[141.295,45.119],[141.226,45.112],[141.145,45.154],[141.135,45.206],[141.194,45.248],[141.252,45.232],[141.31,45.179],[141.329,45.15],[141.295,45.119]]],[[[139.481,42.081],[139.458,42.076],[139.435,42.084],[139.412,42.16],[139.431,42.2],[139.496,42.227],[139.558,42.235],[139.505,42.096],[139.481,42.081]]],[[[134.352,34.484],[134.333,34.464],[134.315,34.469],[134.252,34.423],[134.238,34.467],[134.188,34.496],[134.182,34.519],[134.326,34.534],[134.372,34.522],[134.352,34.484]]],[[[139.456,34.727],[139.446,34.68],[139.392,34.69],[139.367,34.721],[139.37,34.775],[139.426,34.776],[139.456,34.727]]],[[[129.077,32.84],[129.052,32.829],[129.02,32.92],[128.997,32.952],[129.035,32.969],[129.11,33.133],[129.124,33.068],[129.153,33.003],[129.182,32.993],[129.154,32.946],[129.112,32.929],[129.077,32.84]]],[[[129.492,33.223],[129.421,33.176],[129.37,33.176],[129.417,33.231],[129.423,33.257],[129.462,33.331],[129.538,33.358],[129.57,33.361],[129.508,33.284],[129.492,33.223]]],[[[129.796,33.749],[129.727,33.707],[129.675,33.74],[129.7,33.829],[129.717,33.858],[129.776,33.829],[129.796,33.749]]],[[[132.578,34.115],[132.549,34.075],[132.461,34.087],[132.496,34.122],[132.524,34.164],[132.543,34.173],[132.56,34.127],[132.578,34.115]]],[[[132.266,33.945],[132.315,33.909],[132.43,33.924],[132.445,33.913],[132.411,33.88],[132.36,33.847],[132.267,33.871],[132.209,33.873],[132.201,33.928],[132.208,33.948],[132.266,33.945]]],[[[129.718,31.657],[129.687,31.64],[129.707,31.718],[129.787,31.787],[129.794,31.742],[129.718,31.657]]],[[[142.188,26.617],[142.17,26.616],[142.107,26.722],[142.125,26.726],[142.162,26.71],[142.202,26.649],[142.188,26.617]]],[[[143.824,44.117],[143.95,44.112],[144.005,44.117],[144.101,44.102],[144.482,43.95],[144.597,43.93],[144.715,43.928],[144.799,43.94],[144.872,43.982],[145.102,44.166],[145.343,44.334],[145.37,44.327],[145.37,44.281],[145.352,44.23],[145.245,44.076],[145.126,43.869],[145.101,43.765],[145.14,43.663],[145.214,43.578],[145.273,43.463],[145.341,43.303],[145.436,43.282],[145.488,43.28],[145.583,43.328],[145.674,43.389],[145.751,43.396],[145.833,43.386],[145.726,43.343],[145.624,43.291],[145.537,43.193],[145.505,43.174],[145.405,43.18],[145.347,43.177],[145.23,43.135],[145.127,43.089],[145.029,43.032],[144.921,43.001],[144.807,42.994],[144.631,42.947],[144.516,42.944],[144.302,42.984],[144.197,42.974],[143.969,42.881],[143.762,42.748],[143.581,42.599],[143.429,42.419],[143.369,42.325],[143.332,42.22],[143.327,42.151],[143.314,42.084],[143.279,42.038],[143.237,42.0],[143.112,42.022],[142.906,42.118],[142.508,42.258],[142.088,42.472],[141.851,42.579],[141.407,42.547],[140.986,42.342],[140.948,42.36],[140.788,42.5],[140.71,42.556],[140.617,42.571],[140.548,42.57],[140.48,42.559],[140.385,42.487],[140.351,42.435],[140.324,42.376],[140.315,42.334],[140.327,42.293],[140.417,42.201],[140.528,42.132],[140.578,42.119],[140.684,42.123],[140.734,42.116],[140.912,41.978],[141.108,41.848],[141.151,41.805],[141.079,41.76],[141.0,41.737],[140.908,41.743],[140.816,41.76],[140.66,41.816],[140.593,41.769],[140.489,41.672],[140.432,41.567],[140.385,41.519],[140.27,41.456],[140.149,41.423],[140.085,41.434],[140.037,41.474],[140.009,41.521],[139.995,41.576],[140.021,41.696],[140.084,41.803],[140.108,41.913],[140.057,42.067],[140.024,42.1],[139.895,42.19],[139.835,42.278],[139.821,42.388],[139.829,42.448],[139.86,42.582],[139.891,42.649],[139.951,42.671],[140.015,42.685],[140.115,42.733],[140.224,42.796],[140.329,42.867],[140.432,42.954],[140.486,43.05],[140.397,43.167],[140.379,43.237],[140.392,43.303],[140.487,43.338],[140.585,43.312],[140.781,43.215],[140.819,43.205],[140.954,43.201],[141.138,43.18],[141.245,43.185],[141.296,43.2],[141.374,43.28],[141.412,43.381],[141.398,43.513],[141.398,43.643],[141.447,43.749],[141.601,43.919],[141.645,44.019],[141.661,44.264],[141.716,44.371],[141.761,44.483],[141.782,44.716],[141.719,44.941],[141.656,45.051],[141.583,45.156],[141.594,45.256],[141.653,45.349],[141.654,45.377],[141.668,45.401],[141.778,45.419],[141.829,45.439],[141.879,45.483],[141.938,45.51],[141.981,45.483],[142.016,45.438],[142.172,45.326],[142.416,45.125],[142.704,44.819],[142.885,44.67],[143.075,44.535],[143.289,44.397],[143.512,44.278],[143.655,44.221],[143.759,44.132],[143.824,44.117]]],[[[131.175,33.603],[131.309,33.573],[131.366,33.571],[131.419,33.584],[131.499,33.624],[131.583,33.652],[131.643,33.638],[131.696,33.603],[131.724,33.554],[131.711,33.502],[131.616,33.392],[131.537,33.274],[131.717,33.252],[131.897,33.255],[131.855,33.182],[131.848,33.118],[131.903,33.088],[131.949,33.047],[131.937,33.01],[131.91,32.974],[132.009,32.919],[132.002,32.882],[131.977,32.844],[131.732,32.593],[131.66,32.466],[131.61,32.325],[131.565,32.223],[131.531,32.117],[131.506,32.002],[131.46,31.883],[131.475,31.778],[131.46,31.671],[131.337,31.405],[131.25,31.41],[131.14,31.442],[131.071,31.437],[131.035,31.378],[131.098,31.256],[130.902,31.112],[130.686,31.015],[130.684,31.059],[130.704,31.094],[130.736,31.122],[130.758,31.156],[130.79,31.269],[130.774,31.383],[130.709,31.526],[130.704,31.577],[130.749,31.598],[130.78,31.604],[130.796,31.624],[130.797,31.671],[130.776,31.706],[130.715,31.718],[130.655,31.718],[130.613,31.665],[130.556,31.563],[130.528,31.46],[130.54,31.403],[130.566,31.352],[130.645,31.267],[130.621,31.218],[130.589,31.179],[130.311,31.267],[130.251,31.273],[130.201,31.292],[130.147,31.408],[130.261,31.437],[130.294,31.451],[130.307,31.488],[130.322,31.601],[130.269,31.696],[130.224,31.73],[130.188,31.769],[130.211,31.849],[130.196,31.95],[130.194,32.091],[130.214,32.115],[130.319,32.144],[130.395,32.219],[130.462,32.305],[130.56,32.456],[130.641,32.619],[130.563,32.626],[130.498,32.657],[130.569,32.734],[130.547,32.832],[130.44,32.951],[130.382,33.093],[130.287,33.155],[130.238,33.178],[130.177,33.145],[130.127,33.105],[130.173,33.013],[130.168,32.932],[130.175,32.851],[130.222,32.847],[130.28,32.867],[130.326,32.853],[130.354,32.81],[130.361,32.756],[130.34,32.702],[130.298,32.675],[130.246,32.677],[130.193,32.706],[130.152,32.748],[130.054,32.771],[129.951,32.722],[129.853,32.622],[129.769,32.571],[129.808,32.645],[129.827,32.725],[129.786,32.782],[129.69,32.875],[129.668,32.929],[129.662,32.995],[129.679,33.06],[129.778,32.986],[129.828,32.893],[129.901,32.852],[129.992,32.852],[129.922,32.988],[129.897,33.022],[129.799,33.084],[129.665,33.187],[129.58,33.236],[129.61,33.344],[129.66,33.365],[129.702,33.36],[129.844,33.322],[129.858,33.375],[129.837,33.404],[129.826,33.437],[129.919,33.483],[130.072,33.522],[130.103,33.54],[130.131,33.578],[130.168,33.598],[130.275,33.598],[130.365,33.634],[130.439,33.734],[130.457,33.789],[130.484,33.835],[130.67,33.915],[130.716,33.928],[130.84,33.918],[130.953,33.872],[131.009,33.776],[131.058,33.673],[131.175,33.603]]],[[[134.357,34.256],[134.496,34.215],[134.637,34.227],[134.635,34.044],[134.655,33.983],[134.695,33.928],[134.675,33.848],[134.739,33.821],[134.549,33.729],[134.377,33.608],[134.307,33.527],[134.243,33.439],[134.206,33.347],[134.182,33.247],[134.124,33.287],[133.959,33.448],[133.854,33.493],[133.686,33.516],[133.632,33.511],[133.286,33.36],[133.24,33.25],[133.146,33.083],[133.101,33.028],[133.051,33.012],[133.016,32.984],[132.977,32.842],[132.87,32.755],[132.804,32.752],[132.692,32.776],[132.642,32.762],[132.709,32.902],[132.602,32.92],[132.495,32.917],[132.493,33.008],[132.428,33.059],[132.476,33.126],[132.477,33.181],[132.505,33.211],[132.515,33.255],[132.511,33.293],[132.445,33.305],[132.405,33.331],[132.413,33.43],[132.375,33.434],[132.281,33.417],[132.086,33.34],[132.033,33.34],[132.114,33.395],[132.288,33.47],[132.366,33.512],[132.536,33.633],[132.643,33.69],[132.699,33.791],[132.716,33.852],[132.752,33.906],[132.784,33.992],[132.839,34.021],[132.935,34.095],[132.99,34.088],[133.051,33.997],[133.134,33.927],[133.193,33.933],[133.299,33.969],[133.35,33.977],[133.472,33.973],[133.582,34.017],[133.627,34.069],[133.643,34.135],[133.603,34.244],[133.656,34.233],[133.706,34.237],[133.826,34.307],[133.948,34.348],[134.076,34.358],[134.219,34.319],[134.357,34.256]]],[[[141.229,41.373],[141.269,41.354],[141.455,41.405],[141.42,41.251],[141.4,41.096],[141.414,40.839],[141.43,40.723],[141.463,40.611],[141.542,40.531],[141.646,40.474],[141.797,40.291],[141.878,40.067],[141.935,39.958],[141.978,39.844],[141.991,39.792],[141.992,39.74],[141.979,39.668],[141.993,39.611],[141.977,39.429],[141.909,39.219],[141.901,39.111],[141.842,39.09],[141.807,39.04],[141.776,39.017],[141.742,39.0],[141.694,38.995],[141.659,38.975],[141.645,38.918],[141.622,38.865],[141.58,38.817],[141.546,38.763],[141.519,38.632],[141.509,38.498],[141.467,38.404],[141.368,38.38],[141.254,38.381],[141.108,38.338],[141.077,38.313],[140.962,38.149],[140.929,38.053],[140.928,37.95],[140.96,37.823],[141.003,37.698],[141.036,37.467],[141.002,37.115],[140.968,37.002],[140.895,36.926],[140.84,36.89],[140.792,36.847],[140.73,36.732],[140.627,36.503],[140.619,36.445],[140.619,36.386],[140.592,36.308],[140.574,36.231],[140.59,36.142],[140.622,36.059],[140.76,35.846],[140.813,35.783],[140.874,35.725],[140.639,35.661],[140.597,35.632],[140.457,35.51],[140.413,35.395],[140.417,35.267],[140.393,35.221],[140.355,35.181],[140.315,35.155],[140.159,35.096],[140.059,35.038],[139.96,34.947],[139.92,34.9],[139.844,34.915],[139.799,34.957],[139.843,35.01],[139.83,35.072],[139.851,35.232],[139.826,35.297],[139.906,35.345],[139.944,35.423],[140.027,35.485],[140.086,35.54],[140.097,35.585],[140.044,35.633],[139.988,35.668],[139.91,35.668],[139.835,35.658],[139.786,35.612],[139.77,35.55],[139.774,35.52],[139.768,35.495],[139.65,35.409],[139.666,35.319],[139.7,35.274],[139.744,35.252],[139.731,35.222],[139.675,35.149],[139.636,35.142],[139.564,35.243],[139.474,35.299],[139.363,35.298],[139.249,35.278],[139.163,35.211],[139.134,35.155],[139.116,35.097],[139.122,34.956],[139.086,34.839],[139.016,34.736],[138.983,34.698],[138.897,34.628],[138.838,34.619],[138.795,34.651],[138.761,34.699],[138.804,34.876],[138.803,34.975],[138.904,35.025],[138.821,35.096],[138.72,35.124],[138.577,35.086],[138.537,35.044],[138.51,34.987],[138.433,34.915],[138.349,34.848],[138.253,34.733],[138.189,34.596],[137.979,34.641],[137.864,34.651],[137.749,34.647],[137.543,34.664],[137.318,34.636],[137.062,34.583],[137.077,34.621],[137.288,34.704],[137.295,34.728],[137.275,34.773],[137.223,34.775],[137.097,34.759],[137.032,34.766],[137.006,34.814],[136.963,34.835],[136.935,34.815],[136.944,34.722],[136.913,34.709],[136.871,34.733],[136.885,34.806],[136.856,34.913],[136.853,34.979],[136.897,35.036],[136.852,35.06],[136.804,35.05],[136.744,35.023],[136.69,34.984],[136.577,34.79],[136.533,34.678],[136.616,34.589],[136.842,34.464],[136.88,34.434],[136.881,34.38],[136.854,34.324],[136.792,34.299],[136.544,34.258],[136.33,34.177],[136.268,34.095],[136.073,33.778],[135.916,33.562],[135.695,33.487],[135.453,33.553],[135.394,33.629],[135.347,33.722],[135.257,33.806],[135.175,33.898],[135.128,34.007],[135.135,34.183],[135.1,34.288],[135.132,34.317],[135.266,34.381],[135.309,34.417],[135.385,34.5],[135.412,34.547],[135.416,34.617],[135.355,34.654],[135.198,34.653],[135.042,34.631],[134.93,34.662],[134.785,34.747],[134.74,34.765],[134.584,34.771],[134.472,34.755],[134.363,34.724],[134.247,34.714],[134.208,34.698],[134.075,34.593],[133.968,34.527],[133.876,34.495],[133.678,34.486],[133.579,34.465],[133.474,34.43],[133.445,34.433],[133.336,34.385],[133.21,34.344],[133.142,34.302],[133.019,34.33],[132.775,34.255],[132.657,34.246],[132.534,34.287],[132.421,34.353],[132.313,34.325],[132.238,34.227],[132.202,34.032],[132.159,33.944],[132.146,33.839],[132.09,33.855],[131.763,34.045],[131.741,34.052],[131.476,34.019],[131.408,34.004],[131.323,33.965],[131.233,33.948],[131.15,33.976],[131.072,34.021],[130.996,34.007],[130.919,33.976],[130.889,34.262],[130.904,34.3],[130.952,34.35],[131.004,34.393],[131.132,34.407],[131.262,34.393],[131.354,34.413],[131.433,34.47],[131.515,34.55],[131.608,34.615],[131.734,34.667],[131.856,34.726],[131.963,34.809],[132.065,34.9],[132.158,34.967],[132.26,35.022],[132.414,35.156],[132.619,35.307],[132.698,35.418],[132.747,35.449],[132.923,35.511],[133.157,35.559],[133.267,35.557],[133.376,35.459],[133.435,35.472],[133.495,35.497],[133.615,35.511],[133.739,35.495],[133.86,35.495],[133.981,35.507],[134.214,35.539],[134.337,35.578],[134.456,35.628],[134.882,35.663],[135.174,35.747],[135.221,35.741],[135.265,35.722],[135.269,35.66],[135.232,35.592],[135.268,35.551],[135.327,35.526],[135.602,35.518],[135.68,35.503],[135.795,35.55],[135.903,35.607],[136.016,35.683],[136.095,35.768],[136.022,35.874],[136.006,35.991],[136.067,36.117],[136.156,36.223],[136.262,36.288],[136.359,36.362],[136.556,36.572],[136.698,36.742],[136.749,36.951],[136.719,37.198],[136.843,37.382],[136.962,37.414],[137.199,37.497],[137.323,37.522],[137.341,37.485],[137.338,37.437],[137.152,37.283],[137.046,37.22],[136.982,37.2],[136.924,37.172],[136.9,37.118],[136.994,37.027],[137.019,36.96],[137.013,36.895],[137.017,36.837],[137.124,36.774],[137.246,36.753],[137.298,36.754],[137.343,36.77],[137.483,36.925],[137.514,36.952],[137.913,37.065],[138.11,37.151],[138.218,37.173],[138.32,37.218],[138.548,37.392],[138.633,37.472],[138.709,37.561],[138.771,37.663],[138.819,37.775],[138.885,37.844],[139.247,38.009],[139.364,38.099],[139.401,38.143],[139.446,38.269],[139.477,38.4],[139.521,38.503],[139.58,38.599],[139.66,38.697],[139.749,38.788],[139.802,38.882],[139.879,39.105],[139.912,39.229],[139.939,39.273],[139.977,39.311],[140.011,39.358],[140.037,39.411],[140.048,39.464],[140.065,39.624],[140.055,39.749],[139.995,39.855],[139.945,39.885],[139.891,39.887],[139.81,39.878],[139.742,39.921],[139.755,39.959],[139.826,39.966],[139.874,39.986],[139.908,40.022],[139.972,40.137],[140.011,40.26],[140.014,40.315],[139.964,40.414],[139.924,40.534],[139.923,40.598],[139.967,40.673],[140.029,40.733],[140.085,40.747],[140.146,40.752],[140.201,40.775],[140.252,40.809],[140.281,40.846],[140.326,40.948],[140.344,41.006],[140.315,41.161],[140.344,41.203],[140.386,41.23],[140.441,41.21],[140.498,41.206],[140.564,41.212],[140.628,41.195],[140.64,41.156],[140.679,40.893],[140.702,40.858],[140.749,40.83],[140.801,40.834],[140.846,40.875],[140.876,40.93],[140.936,40.941],[141.119,40.882],[141.183,40.924],[141.225,40.988],[141.262,41.103],[141.244,41.206],[141.2,41.244],[141.155,41.237],[141.115,41.208],[141.07,41.193],[140.801,41.139],[140.802,41.254],[140.86,41.425],[140.892,41.48],[140.937,41.506],[141.05,41.476],[141.106,41.456],[141.229,41.373]]],[[[124.293,24.516],[124.234,24.358],[124.186,24.335],[124.136,24.348],[124.085,24.436],[124.12,24.47],[124.17,24.452],[124.211,24.459],[124.302,24.587],[124.324,24.566],[124.293,24.516]]],[[[123.889,24.28],[123.826,24.266],[123.75,24.283],[123.681,24.288],[123.68,24.318],[123.752,24.348],[123.754,24.391],[123.771,24.414],[123.935,24.362],[123.928,24.324],[123.889,24.28]]],[[[125.444,24.743],[125.359,24.717],[125.269,24.733],[125.284,24.872],[125.315,24.852],[125.335,24.805],[125.402,24.777],[125.444,24.743]]],[[[128.259,26.653],[128.162,26.607],[128.127,26.552],[128.038,26.534],[127.951,26.456],[127.867,26.442],[127.869,26.381],[127.905,26.328],[127.849,26.319],[127.79,26.255],[127.786,26.209],[127.806,26.171],[127.804,26.153],[127.729,26.097],[127.653,26.095],[127.65,26.154],[127.655,26.199],[127.727,26.308],[127.729,26.434],[127.796,26.449],[127.82,26.466],[127.926,26.556],[127.946,26.594],[127.891,26.631],[127.895,26.675],[127.907,26.694],[127.994,26.679],[128.03,26.647],[128.047,26.643],[128.098,26.668],[128.122,26.711],[128.217,26.797],[128.255,26.882],[128.332,26.812],[128.311,26.721],[128.259,26.653]]],[[[128.998,27.721],[128.956,27.702],[128.9,27.728],[128.883,27.842],[128.908,27.898],[128.952,27.91],[128.99,27.811],[129.016,27.77],[128.998,27.721]]],[[[129.453,28.209],[129.366,28.128],[129.275,28.201],[129.165,28.25],[129.217,28.263],[129.248,28.283],[129.251,28.314],[129.322,28.36],[129.465,28.395],[129.51,28.398],[129.561,28.431],[129.577,28.461],[129.598,28.476],[129.69,28.517],[129.715,28.47],[129.71,28.432],[129.642,28.411],[129.575,28.361],[129.513,28.299],[129.457,28.272],[129.439,28.255],[129.453,28.209]]],[[[129.324,28.105],[129.331,28.082],[129.232,28.101],[129.192,28.192],[129.257,28.176],[129.277,28.145],[129.324,28.105]]],[[[139.841,33.056],[139.824,33.045],[139.776,33.078],[139.769,33.107],[139.777,33.125],[139.809,33.129],[139.874,33.094],[139.841,33.056]]]]}},{"type":"Feature","properties":{"code":"ISR","name":"Israel","continent":"Asia"},"geometry":{"type":"Polygon","coordinates":[[[35.841,33.416],[35.816,33.362],[35.793,33.334],[35.785,33.291],[35.8,33.256],[35.809,33.209],[35.827,33.195],[35.833,33.164],[35.817,33.133],[35.825,33.108],[35.845,33.085],[35.859,32.989],[35.888,32.944],[35.842,32.876],[35.833,32.82],[35.787,32.735],[35.734,32.729],[35.611,32.682],[35.595,32.668],[35.573,32.641],[35.569,32.62],[35.551,32.396],[35.484,32.402],[35.403,32.451],[35.387,32.493],[35.362,32.507],[35.304,32.513],[35.193,32.534],[35.065,32.46],[35.011,32.338],[35.0,32.281],[34.956,32.161],[34.971,32.087],[34.979,31.992],[34.99,31.913],[34.978,31.866],[34.954,31.841],[34.961,31.823],[34.983,31.817],[35.053,31.838],[35.127,31.817],[35.198,31.776],[35.204,31.75],[35.153,31.734],[35.035,31.673],[34.951,31.602],[34.929,31.537],[34.873,31.397],[34.88,31.368],[34.908,31.351],[35.101,31.366],[35.277,31.423],[35.409,31.483],[35.451,31.479],[35.423,31.325],[35.424,31.325],[35.401,31.231],[35.41,31.214],[35.439,31.132],[35.383,30.982],[35.32,30.86],[35.298,30.802],[35.237,30.673],[35.174,30.524],[35.141,30.421],[35.148,30.384],[35.133,30.195],[35.142,30.142],[35.068,29.978],[35.053,29.897],[35.024,29.787],[34.973,29.555],[34.904,29.477],[34.87,29.564],[34.791,29.812],[34.735,29.982],[34.659,30.191],[34.53,30.446],[34.518,30.507],[34.49,30.596],[34.401,30.828],[34.329,30.995],[34.245,31.208],[34.348,31.293],[34.35,31.363],[34.526,31.526],[34.524,31.542],[34.477,31.585],[34.484,31.592],[34.678,31.896],[34.804,32.196],[34.922,32.614],[35.006,32.827],[35.077,32.967],[35.109,33.084],[35.223,33.092],[35.309,33.08],[35.411,33.076],[35.493,33.119],[35.533,33.25],[35.579,33.271],[35.603,33.241],[35.627,33.275],[35.734,33.333],[35.788,33.37],[35.841,33.416]]]}},{"type":"Feature","properties":{"code":"PSX","name":"Palestine","continent":"Asia"},"geometry":{"type":"MultiPolygon","coordinates":[[[[34.477,31.585],[34.524,31.542],[34.526,31.526],[34.35,31.363],[34.348,31.293],[34.245,31.208],[34.212,31.292],[34.198,31.323],[34.387,31.484],[34.477,31.585]]],[[[35.551,32.396],[35.572,32.238],[35.535,32.103],[35.531,31.985],[35.559,31.766],[35.499,31.672],[35.465,31.562],[35.451,31.479],[35.409,31.483],[35.277,31.423],[35.101,31.366],[34.908,31.351],[34.88,31.368],[34.873,31.397],[34.929,31.537],[34.951,31.602],[35.035,31.673],[35.153,31.734],[35.204,31.75],[35.198,31.776],[35.127,31.817],[35.053,31.838],[34.983,31.817],[34.961,31.823],[34.954,31.841],[34.978,31.866],[34.99,31.913],[34.979,31.992],[34.971,32.087],[34.956,32.161],[35.0,32.281],[35.011,32.338],[35.065,32.46],[35.193,32.534],[35.304,32.513],[35.362,32.507],[35.387,32.493],[35.403,32.451],[35.484,32.402],[35.551,32.396]]]]}},{"type":"Feature","properties":{"code":"IRQ","name":"Iraq","continent":"Asia"},"geometry":{"type":"Polygon","coordinates":[[[42.359,37.109],[42.456,37.129],[42.635,37.249],[42.741,37.362],[42.775,37.372],[42.869,37.335],[42.937,37.325],[43.092,37.367],[43.185,37.345],[43.263,37.317],[43.307,37.315],[43.516,37.245],[43.568,37.236],[43.676,37.227],[43.836,37.224],[43.94,37.269],[44.013,37.314],[44.065,37.312],[44.114,37.302],[44.156,37.283],[44.192,37.25],[44.208,37.203],[44.202,37.052],[44.217,37.012],[44.246,36.983],[44.282,36.978],[44.326,37.011],[44.402,37.058],[44.496,37.111],[44.566,37.158],[44.606,37.176],[44.669,37.174],[44.731,37.165],[44.765,37.142],[44.765,37.135],[44.798,37.064],[44.881,36.799],[44.928,36.766],[44.981,36.738],[45.019,36.698],[45.034,36.659],[45.029,36.598],[45.031,36.526],[45.053,36.472],[45.084,36.43],[45.112,36.409],[45.155,36.407],[45.207,36.397],[45.241,36.356],[45.351,36.055],[45.362,36.015],[45.408,36.003],[45.484,36.009],[45.562,35.977],[45.645,35.928],[45.723,35.837],[45.776,35.822],[45.941,35.835],[46.167,35.821],[46.273,35.773],[46.263,35.744],[46.181,35.711],[46.037,35.673],[45.995,35.608],[45.971,35.524],[45.975,35.477],[46.011,35.425],[46.112,35.322],[46.118,35.284],[46.136,35.232],[46.155,35.197],[46.134,35.128],[46.042,35.08],[45.921,35.029],[45.678,34.798],[45.66,34.749],[45.662,34.613],[45.638,34.574],[45.561,34.575],[45.501,34.582],[45.498,34.534],[45.459,34.47],[45.438,34.415],[45.527,34.285],[45.543,34.216],[45.529,34.153],[45.446,34.044],[45.397,33.971],[45.409,33.954],[45.473,33.925],[45.674,33.687],[45.738,33.603],[45.823,33.625],[45.854,33.623],[45.879,33.61],[45.895,33.582],[45.895,33.546],[45.873,33.492],[45.981,33.47],[46.02,33.416],[46.146,33.23],[46.141,33.174],[46.081,33.087],[46.08,33.028],[46.093,32.976],[46.113,32.958],[46.298,32.95],[46.377,32.929],[46.57,32.834],[46.789,32.688],[46.969,32.568],[47.121,32.467],[47.285,32.474],[47.33,32.456],[47.371,32.424],[47.418,32.34],[47.512,32.151],[47.592,32.088],[47.715,31.936],[47.83,31.794],[47.754,31.601],[47.679,31.401],[47.679,31.142],[47.679,31.002],[47.836,30.996],[48.011,30.99],[48.012,30.824],[48.013,30.656],[48.015,30.466],[48.066,30.458],[48.148,30.417],[48.182,30.355],[48.226,30.321],[48.279,30.316],[48.331,30.285],[48.383,30.23],[48.401,30.188],[48.388,30.16],[48.399,30.11],[48.435,30.038],[48.479,30.004],[48.546,29.962],[48.454,29.938],[48.355,29.957],[48.142,30.041],[48.073,30.043],[47.983,30.011],[47.979,29.983],[47.754,30.077],[47.673,30.096],[47.644,30.097],[47.515,30.096],[47.331,30.08],[47.223,30.042],[47.148,30.001],[47.114,29.961],[47.102,29.94],[47.044,29.823],[46.976,29.673],[46.906,29.538],[46.769,29.347],[46.694,29.26],[46.531,29.096],[46.356,29.064],[45.95,29.096],[45.499,29.132],[45.05,29.167],[44.717,29.194],[44.691,29.202],[44.361,29.435],[44.1,29.619],[43.774,29.849],[43.441,30.084],[43.103,30.322],[42.858,30.495],[42.56,30.718],[42.289,30.92],[42.074,31.08],[41.8,31.22],[41.585,31.33],[41.272,31.489],[41.022,31.616],[40.808,31.725],[40.479,31.893],[40.369,31.939],[40.028,31.995],[39.704,32.043],[39.369,32.092],[39.145,32.125],[39.293,32.244],[39.247,32.351],[39.14,32.331],[39.041,32.306],[38.982,32.473],[39.058,32.493],[38.987,32.711],[38.915,32.935],[38.845,33.151],[38.774,33.372],[39.057,33.514],[39.268,33.62],[39.564,33.768],[39.85,33.911],[40.122,34.048],[40.421,34.198],[40.689,34.332],[40.935,34.387],[40.987,34.429],[41.099,34.612],[41.195,34.769],[41.199,34.805],[41.2,35.027],[41.216,35.288],[41.248,35.427],[41.303,35.551],[41.354,35.64],[41.359,35.725],[41.353,35.81],[41.3,35.939],[41.246,36.073],[41.252,36.203],[41.262,36.272],[41.296,36.383],[41.354,36.464],[41.417,36.515],[41.65,36.566],[41.789,36.597],[41.974,36.741],[42.084,36.826],[42.237,36.961],[42.35,37.061],[42.359,37.095],[42.359,37.109]]]}},{"type":"Feature","properties":{"code":"IRN","name":"Iran","continent":"Asia"},"geometry":{"type":"MultiPolygon","coordinates":[[[[56.188,26.921],[56.095,26.801],[55.954,26.701],[55.894,26.732],[55.848,26.731],[55.747,26.692],[55.675,26.686],[55.543,26.618],[55.424,26.583],[55.34,26.586],[55.312,26.593],[55.295,26.639],[55.296,26.658],[55.347,26.648],[55.532,26.71],[55.763,26.812],[55.785,26.857],[55.747,26.931],[55.758,26.948],[55.907,26.91],[56.074,26.983],[56.214,27.003],[56.279,26.952],[56.188,26.921]]],[[[53.914,37.344],[54.192,37.332],[54.3,37.354],[54.459,37.408],[54.579,37.44],[54.64,37.445],[54.699,37.47],[54.745,37.502],[54.849,37.723],[54.9,37.778],[55.076,37.902],[55.225,37.981],[55.381,38.051],[55.578,38.1],[55.841,38.095],[56.05,38.078],[56.171,38.078],[56.229,38.073],[56.272,38.08],[56.297,38.095],[56.324,38.191],[56.367,38.223],[56.441,38.249],[56.544,38.25],[56.67,38.257],[56.775,38.25],[56.907,38.213],[57.079,38.21],[57.194,38.216],[57.26,38.18],[57.308,38.13],[57.331,38.089],[57.337,38.033],[57.336,37.99],[57.354,37.973],[57.424,37.948],[57.521,37.928],[57.711,37.905],[57.888,37.861],[57.981,37.83],[58.109,37.783],[58.262,37.666],[58.318,37.647],[58.387,37.635],[58.436,37.639],[58.55,37.688],[58.65,37.652],[58.701,37.656],[58.815,37.683],[58.937,37.65],[59.241,37.521],[59.274,37.524],[59.302,37.511],[59.327,37.481],[59.345,37.445],[59.367,37.334],[59.455,37.253],[59.562,37.179],[59.687,37.138],[59.949,37.042],[60.063,36.963],[60.178,36.829],[60.321,36.654],[60.341,36.638],[60.708,36.643],[61.12,36.643],[61.17,36.572],[61.16,36.433],[61.175,36.29],[61.212,36.191],[61.212,36.099],[61.183,36.053],[61.159,36.0],[61.153,35.977],[61.206,35.944],[61.252,35.868],[61.259,35.762],[61.236,35.706],[61.239,35.659],[61.262,35.62],[61.282,35.553],[61.279,35.514],[61.246,35.474],[61.226,35.424],[61.199,35.362],[61.189,35.312],[61.14,35.289],[61.1,35.272],[61.107,35.209],[61.126,35.157],[61.15,35.094],[61.123,35.051],[61.107,35.001],[61.07,34.922],[61.08,34.856],[61.04,34.799],[60.991,34.75],[60.958,34.71],[60.951,34.654],[60.915,34.634],[60.845,34.588],[60.802,34.555],[60.739,34.545],[60.726,34.518],[60.736,34.492],[60.763,34.475],[60.804,34.418],[60.889,34.319],[60.643,34.307],[60.57,34.22],[60.486,34.095],[60.527,33.842],[60.486,33.712],[60.511,33.639],[60.574,33.588],[60.655,33.56],[60.806,33.559],[60.907,33.539],[60.917,33.505],[60.859,33.456],[60.767,33.364],[60.718,33.324],[60.561,33.138],[60.562,33.059],[60.577,32.995],[60.645,32.794],[60.71,32.6],[60.829,32.249],[60.827,32.168],[60.79,31.987],[60.788,31.877],[60.804,31.734],[60.792,31.661],[60.821,31.495],[60.854,31.483],[61.111,31.451],[61.346,31.422],[61.66,31.382],[61.755,31.285],[61.814,31.073],[61.811,30.913],[61.784,30.832],[61.559,30.599],[61.332,30.364],[61.104,30.128],[60.843,29.859],[61.034,29.663],[61.152,29.543],[61.318,29.373],[61.339,29.332],[61.338,29.265],[61.509,29.006],[61.569,28.871],[61.623,28.792],[61.758,28.668],[61.89,28.547],[62.033,28.491],[62.131,28.479],[62.353,28.415],[62.434,28.364],[62.565,28.235],[62.718,28.253],[62.749,28.253],[62.758,28.244],[62.763,28.202],[62.74,28.002],[62.782,27.801],[62.812,27.497],[62.801,27.445],[62.764,27.357],[62.763,27.3],[62.753,27.266],[62.763,27.25],[62.812,27.229],[62.915,27.218],[63.167,27.252],[63.196,27.244],[63.256,27.208],[63.302,27.151],[63.305,27.125],[63.242,27.078],[63.231,26.998],[63.25,26.879],[63.242,26.865],[63.186,26.838],[63.168,26.666],[63.158,26.65],[63.093,26.632],[62.787,26.644],[62.752,26.639],[62.636,26.594],[62.439,26.561],[62.385,26.543],[62.312,26.491],[62.26,26.427],[62.25,26.369],[62.239,26.357],[62.126,26.369],[62.089,26.318],[61.87,26.242],[61.842,26.226],[61.81,26.165],[61.781,25.996],[61.754,25.843],[61.738,25.821],[61.669,25.769],[61.662,25.751],[61.671,25.692],[61.64,25.585],[61.615,25.286],[61.588,25.202],[61.533,25.196],[61.49,25.154],[61.412,25.102],[61.243,25.142],[61.109,25.184],[60.664,25.282],[60.615,25.33],[60.587,25.414],[60.511,25.437],[60.4,25.312],[60.025,25.384],[59.897,25.362],[59.818,25.401],[59.616,25.403],[59.456,25.481],[59.227,25.428],[59.046,25.417],[58.798,25.555],[58.531,25.592],[58.314,25.581],[58.203,25.592],[58.022,25.641],[57.937,25.692],[57.796,25.653],[57.733,25.725],[57.335,25.792],[57.261,25.919],[57.206,26.037],[57.201,26.159],[57.104,26.371],[57.072,26.68],[57.036,26.801],[56.982,26.905],[56.91,26.995],[56.813,27.09],[56.728,27.128],[56.356,27.2],[56.284,27.191],[56.118,27.143],[55.941,27.038],[55.65,26.978],[55.592,26.932],[55.519,26.83],[55.424,26.771],[55.294,26.786],[55.155,26.725],[54.896,26.557],[54.759,26.505],[54.645,26.509],[54.522,26.589],[54.247,26.697],[54.069,26.732],[53.823,26.708],[53.706,26.726],[53.507,26.852],[53.455,26.943],[53.342,27.004],[52.983,27.142],[52.692,27.323],[52.638,27.392],[52.603,27.493],[52.476,27.617],[52.192,27.717],[52.031,27.824],[51.842,27.848],[51.666,27.845],[51.589,27.864],[51.519,27.91],[51.279,28.131],[51.276,28.219],[51.128,28.435],[51.094,28.512],[51.062,28.726],[51.021,28.782],[50.867,28.87],[50.843,28.928],[50.876,29.004],[50.876,29.063],[50.796,29.117],[50.675,29.147],[50.646,29.212],[50.668,29.34],[50.65,29.42],[50.544,29.548],[50.387,29.679],[50.23,29.873],[50.169,29.921],[50.129,30.048],[50.072,30.199],[49.983,30.209],[49.555,30.029],[49.43,30.13],[49.054,30.307],[49.028,30.333],[49.002,30.374],[49.049,30.397],[49.096,30.407],[49.19,30.375],[49.247,30.413],[49.225,30.472],[49.13,30.509],[49.002,30.507],[49.037,30.45],[48.917,30.397],[48.891,30.328],[48.909,30.241],[48.919,30.121],[48.87,30.062],[48.832,30.035],[48.671,30.028],[48.596,29.975],[48.546,29.962],[48.479,30.004],[48.435,30.038],[48.399,30.11],[48.388,30.16],[48.401,30.188],[48.383,30.23],[48.331,30.285],[48.279,30.316],[48.226,30.321],[48.182,30.355],[48.148,30.417],[48.066,30.458],[48.015,30.466],[48.013,30.656],[48.012,30.824],[48.011,30.99],[47.836,30.996],[47.679,31.002],[47.679,31.142],[47.679,31.401],[47.754,31.601],[47.83,31.794],[47.715,31.936],[47.592,32.088],[47.512,32.151],[47.418,32.34],[47.371,32.424],[47.33,32.456],[47.285,32.474],[47.121,32.467],[46.969,32.568],[46.789,32.688],[46.57,32.834],[46.377,32.929],[46.298,32.95],[46.113,32.958],[46.093,32.976],[46.08,33.028],[46.081,33.087],[46.141,33.174],[46.146,33.23],[46.02,33.416],[45.981,33.47],[45.873,33.492],[45.895,33.546],[45.895,33.582],[45.879,33.61],[45.854,33.623],[45.823,33.625],[45.738,33.603],[45.674,33.687],[45.473,33.925],[45.409,33.954],[45.397,33.971],[45.446,34.044],[45.529,34.153],[45.543,34.216],[45.527,34.285],[45.438,34.415],[45.459,34.47],[45.498,34.534],[45.501,34.582],[45.561,34.575],[45.638,34.574],[45.662,34.613],[45.66,34.749],[45.678,34.798],[45.921,35.029],[46.042,35.08],[46.134,35.128],[46.155,35.197],[46.136,35.232],[46.118,35.284],[46.112,35.322],[46.011,35.425],[45.975,35.477],[45.971,35.524],[45.995,35.608],[46.037,35.673],[46.181,35.711],[46.263,35.744],[46.273,35.773],[46.167,35.821],[45.941,35.835],[45.776,35.822],[45.723,35.837],[45.645,35.928],[45.562,35.977],[45.484,36.009],[45.408,36.003],[45.362,36.015],[45.351,36.055],[45.241,36.356],[45.207,36.397],[45.155,36.407],[45.112,36.409],[45.084,36.43],[45.053,36.472],[45.031,36.526],[45.029,36.598],[45.034,36.659],[45.019,36.698],[44.981,36.738],[44.928,36.766],[44.881,36.799],[44.798,37.064],[44.765,37.135],[44.765,37.142],[44.767,37.156],[44.758,37.217],[44.797,37.27],[44.794,37.29],[44.715,37.357],[44.604,37.424],[44.574,37.435],[44.573,37.506],[44.577,37.56],[44.567,37.609],[44.546,37.636],[44.545,37.658],[44.59,37.71],[44.561,37.745],[44.398,37.829],[44.336,37.872],[44.223,37.88],[44.211,37.908],[44.229,37.967],[44.268,38.039],[44.329,38.109],[44.349,38.146],[44.373,38.21],[44.381,38.255],[44.45,38.318],[44.45,38.334],[44.431,38.357],[44.376,38.37],[44.32,38.375],[44.299,38.386],[44.291,38.42],[44.298,38.558],[44.28,38.641],[44.257,38.701],[44.272,38.836],[44.232,38.863],[44.171,38.934],[44.145,38.994],[44.159,39.017],[44.172,39.056],[44.181,39.108],[44.178,39.145],[44.121,39.181],[44.079,39.218],[44.074,39.26],[44.058,39.311],[44.034,39.351],[44.023,39.377],[44.044,39.393],[44.124,39.405],[44.24,39.397],[44.335,39.396],[44.389,39.422],[44.456,39.667],[44.517,39.731],[44.587,39.769],[44.725,39.682],[44.782,39.651],[44.817,39.65],[44.838,39.629],[45.0,39.424],[45.072,39.363],[45.113,39.312],[45.141,39.254],[45.191,39.216],[45.256,39.195],[45.336,39.139],[45.389,39.096],[45.48,39.006],[45.575,38.973],[45.922,38.908],[46.114,38.878],[46.17,38.869],[46.318,38.913],[46.491,38.907],[46.555,38.904],[46.783,39.087],[46.853,39.148],[46.989,39.18],[47.065,39.253],[47.188,39.341],[47.338,39.424],[47.476,39.498],[47.582,39.543],[47.773,39.649],[47.892,39.685],[47.996,39.684],[48.151,39.561],[48.282,39.448],[48.322,39.399],[48.257,39.355],[48.136,39.312],[48.113,39.281],[48.104,39.241],[48.109,39.203],[48.125,39.172],[48.274,39.099],[48.291,39.059],[48.292,39.019],[48.275,38.994],[48.242,38.979],[48.139,38.959],[48.05,38.935],[48.019,38.912],[47.993,38.884],[47.996,38.854],[48.023,38.819],[48.205,38.724],[48.225,38.689],[48.261,38.642],[48.306,38.613],[48.381,38.606],[48.417,38.586],[48.593,38.411],[48.636,38.399],[48.84,38.437],[48.869,38.435],[48.871,38.393],[48.901,38.144],[48.925,38.015],[48.96,37.89],[49.015,37.776],[49.081,37.668],[49.171,37.601],[49.372,37.52],[49.47,37.497],[49.727,37.481],[49.981,37.445],[50.13,37.407],[50.176,37.381],[50.214,37.34],[50.338,37.149],[50.533,37.014],[50.927,36.81],[51.119,36.743],[51.762,36.615],[52.19,36.622],[53.374,36.869],[53.768,36.93],[53.915,36.93],[53.827,36.881],[53.679,36.853],[53.769,36.818],[53.906,36.813],[53.97,36.818],[54.016,36.85],[54.024,36.901],[54.017,36.952],[53.952,37.182],[53.914,37.344]]]]}},{"type":"Feature","properties":{"code":"IDN","name":"Indonesia","continent":"Asia"},"geometry":{"type":"MultiPolygon","coordinates":[[[[97.482,1.465],[97.698,1.184],[97.786,1.146],[97.903,1.018],[97.932,0.974],[97.902,0.884],[97.876,0.628],[97.82,0.564],[97.684,0.596],[97.683,0.641],[97.604,0.834],[97.461,0.941],[97.405,0.947],[97.369,1.057],[97.297,1.187],[97.079,1.425],[97.244,1.424],[97.324,1.482],[97.343,1.528],[97.356,1.54],[97.482,1.465]]],[[[99.164,-1.778],[99.072,-1.783],[98.874,-1.664],[98.828,-1.61],[98.816,-1.538],[98.627,-1.261],[98.602,-1.198],[98.676,-0.971],[98.869,-0.916],[98.933,-0.954],[98.955,-1.056],[99.065,-1.241],[99.101,-1.34],[99.129,-1.384],[99.14,-1.418],[99.131,-1.442],[99.21,-1.559],[99.267,-1.628],[99.271,-1.738],[99.164,-1.778]]],[[[116.641,-8.614],[116.514,-8.821],[116.559,-8.854],[116.587,-8.886],[116.377,-8.929],[116.29,-8.906],[116.239,-8.912],[116.027,-8.873],[115.875,-8.826],[115.857,-8.788],[115.869,-8.743],[115.914,-8.758],[116.032,-8.765],[116.076,-8.745],[116.078,-8.611],[116.061,-8.437],[116.22,-8.295],[116.304,-8.238],[116.402,-8.204],[116.647,-8.283],[116.688,-8.304],[116.719,-8.336],[116.734,-8.387],[116.641,-8.614]]],[[[115.448,-8.155],[115.549,-8.208],[115.691,-8.364],[115.704,-8.407],[115.661,-8.448],[115.56,-8.514],[115.334,-8.616],[115.295,-8.664],[115.247,-8.758],[115.236,-8.798],[115.22,-8.82],[115.194,-8.835],[115.145,-8.849],[115.092,-8.829],[115.14,-8.769],[115.142,-8.697],[115.106,-8.629],[115.055,-8.573],[114.952,-8.496],[114.842,-8.429],[114.731,-8.394],[114.613,-8.378],[114.571,-8.345],[114.502,-8.261],[114.479,-8.215],[114.468,-8.166],[114.475,-8.119],[114.504,-8.117],[114.62,-8.128],[114.833,-8.183],[114.938,-8.187],[114.998,-8.174],[115.154,-8.066],[115.191,-8.067],[115.34,-8.115],[115.448,-8.155]]],[[[106.046,-1.669],[106.08,-1.738],[106.127,-1.8],[106.162,-1.867],[106.209,-2.189],[106.366,-2.465],[106.818,-2.573],[106.744,-2.618],[106.707,-2.658],[106.679,-2.704],[106.612,-2.896],[106.619,-2.936],[106.658,-3.001],[106.667,-3.072],[106.611,-3.071],[106.547,-3.056],[106.496,-3.029],[106.449,-2.994],[106.397,-2.967],[106.342,-2.949],[106.25,-2.894],[106.126,-2.855],[105.999,-2.825],[105.937,-2.744],[105.908,-2.643],[105.939,-2.493],[105.908,-2.452],[105.862,-2.415],[105.807,-2.307],[105.786,-2.181],[105.705,-2.133],[105.599,-2.103],[105.553,-2.079],[105.343,-2.125],[105.293,-2.114],[105.248,-2.079],[105.133,-2.043],[105.138,-1.973],[105.191,-1.917],[105.316,-1.861],[105.375,-1.813],[105.387,-1.751],[105.364,-1.705],[105.373,-1.657],[105.413,-1.611],[105.46,-1.575],[105.585,-1.527],[105.64,-1.61],[105.668,-1.68],[105.701,-1.731],[105.754,-1.659],[105.72,-1.534],[105.816,-1.506],[105.91,-1.505],[105.981,-1.539],[106.027,-1.593],[106.046,-1.669]]],[[[123.18,-4.551],[123.203,-4.766],[123.196,-4.823],[123.139,-4.74],[123.119,-4.723],[123.104,-4.74],[123.084,-4.749],[123.055,-4.748],[123.018,-4.832],[123.015,-4.91],[122.987,-4.963],[122.972,-5.138],[122.981,-5.186],[123.025,-5.162],[123.051,-5.156],[123.15,-5.224],[123.202,-5.273],[123.187,-5.333],[123.121,-5.393],[123.043,-5.419],[122.986,-5.394],[122.969,-5.406],[122.935,-5.437],[122.909,-5.477],[122.916,-5.519],[122.85,-5.638],[122.812,-5.671],[122.733,-5.635],[122.684,-5.666],[122.645,-5.663],[122.585,-5.545],[122.586,-5.489],[122.642,-5.426],[122.643,-5.381],[122.67,-5.331],[122.731,-5.262],[122.767,-5.21],[122.768,-5.177],[122.794,-5.052],[122.804,-5.0],[122.821,-4.944],[122.849,-4.831],[122.853,-4.618],[122.947,-4.443],[123.038,-4.395],[123.075,-4.387],[123.069,-4.434],[123.18,-4.551]]],[[[122.645,-5.269],[122.619,-5.336],[122.564,-5.388],[122.52,-5.391],[122.474,-5.381],[122.392,-5.335],[122.371,-5.383],[122.307,-5.381],[122.283,-5.32],[122.329,-5.138],[122.396,-5.07],[122.39,-4.999],[122.334,-4.847],[122.369,-4.767],[122.524,-4.707],[122.66,-4.634],[122.702,-4.619],[122.74,-4.675],[122.76,-4.934],[122.614,-5.139],[122.645,-5.269]]],[[[108.316,3.69],[108.18,3.653],[108.1,3.705],[108.186,3.768],[108.216,3.772],[108.236,3.785],[108.243,3.81],[108.088,3.852],[108.045,3.889],[108.002,3.983],[108.004,4.043],[108.202,4.2],[108.248,4.217],[108.256,4.152],[108.393,3.986],[108.399,3.876],[108.394,3.836],[108.316,3.69]]],[[[108.207,-2.998],[108.192,-3.103],[108.167,-3.143],[108.084,-3.195],[108.055,-3.227],[107.977,-3.222],[107.967,-3.167],[107.941,-3.129],[107.858,-3.086],[107.837,-3.097],[107.822,-3.161],[107.66,-3.206],[107.614,-3.209],[107.637,-3.125],[107.595,-3.058],[107.592,-2.977],[107.584,-2.941],[107.563,-2.92],[107.605,-2.863],[107.598,-2.8],[107.642,-2.732],[107.666,-2.566],[107.838,-2.53],[107.875,-2.56],[108.074,-2.597],[108.215,-2.697],[108.291,-2.83],[108.207,-2.998]]],[[[135.383,-0.651],[135.596,-0.69],[135.673,-0.688],[135.749,-0.733],[135.841,-0.712],[135.894,-0.726],[136.069,-0.878],[136.155,-0.978],[136.283,-1.065],[136.375,-1.094],[136.305,-1.173],[136.165,-1.215],[136.11,-1.217],[136.003,-1.17],[135.915,-1.178],[135.839,-1.119],[135.826,-1.028],[135.747,-0.823],[135.646,-0.882],[135.524,-0.787],[135.491,-0.785],[135.483,-0.801],[135.432,-0.769],[135.388,-0.705],[135.383,-0.651]]],[[[135.474,-1.592],[135.869,-1.642],[135.976,-1.636],[136.202,-1.655],[136.39,-1.722],[136.719,-1.734],[136.817,-1.754],[136.893,-1.8],[136.709,-1.838],[136.622,-1.873],[136.461,-1.89],[136.326,-1.872],[136.228,-1.894],[136.193,-1.859],[136.049,-1.824],[135.866,-1.752],[135.488,-1.668],[135.47,-1.616],[135.474,-1.592]]],[[[130.813,-0.004],[130.987,-0.047],[131.026,-0.04],[131.277,-0.15],[131.317,-0.204],[131.303,-0.241],[131.34,-0.29],[131.258,-0.366],[131.218,-0.374],[131.178,-0.346],[131.098,-0.33],[131.005,-0.361],[130.946,-0.338],[130.897,-0.268],[130.808,-0.226],[130.683,-0.081],[130.622,-0.086],[130.638,-0.143],[130.691,-0.181],[130.761,-0.291],[130.802,-0.302],[130.843,-0.298],[130.899,-0.344],[130.896,-0.416],[130.75,-0.444],[130.7,-0.392],[130.689,-0.297],[130.607,-0.329],[130.575,-0.362],[130.551,-0.366],[130.496,-0.267],[130.341,-0.262],[130.237,-0.21],[130.288,-0.155],[130.295,-0.101],[130.363,-0.073],[130.431,-0.098],[130.5,-0.06],[130.548,-0.07],[130.584,-0.045],[130.722,-0.03],[130.813,-0.004]]],[[[128.454,2.052],[128.296,2.035],[128.26,2.083],[128.218,2.297],[128.33,2.469],[128.472,2.571],[128.569,2.596],[128.602,2.598],[128.688,2.474],[128.623,2.224],[128.548,2.097],[128.454,2.052]]],[[[128.153,-1.661],[128.092,-1.701],[128.061,-1.712],[127.914,-1.685],[127.741,-1.691],[127.562,-1.729],[127.458,-1.697],[127.392,-1.645],[127.395,-1.59],[127.457,-1.454],[127.592,-1.351],[127.647,-1.332],[127.743,-1.36],[127.905,-1.439],[128.033,-1.532],[128.149,-1.604],[128.153,-1.661]]],[[[126.055,-2.451],[126.038,-2.469],[125.978,-2.415],[125.938,-2.263],[125.903,-2.222],[125.863,-2.077],[125.873,-2.036],[125.923,-1.975],[125.963,-1.976],[125.993,-2.012],[125.976,-2.168],[126.066,-2.366],[126.055,-2.451]]],[[[126.024,-1.79],[126.332,-1.823],[126.288,-1.859],[125.956,-1.917],[125.839,-1.906],[125.479,-1.94],[125.433,-1.938],[125.426,-1.882],[125.387,-1.843],[125.445,-1.809],[125.521,-1.801],[125.72,-1.814],[126.024,-1.79]]],[[[124.97,-1.705],[125.063,-1.741],[125.096,-1.741],[125.127,-1.699],[125.146,-1.693],[125.188,-1.713],[125.198,-1.78],[125.258,-1.771],[125.305,-1.794],[125.32,-1.81],[125.314,-1.877],[125.135,-1.889],[125.007,-1.943],[124.834,-1.894],[124.639,-1.978],[124.521,-2.007],[124.418,-2.005],[124.33,-1.859],[124.381,-1.688],[124.418,-1.659],[124.483,-1.644],[124.664,-1.636],[124.97,-1.705]]],[[[131.326,-8.0],[131.309,-8.011],[131.185,-7.998],[131.114,-7.997],[131.123,-7.922],[131.087,-7.865],[131.137,-7.782],[131.138,-7.685],[131.19,-7.672],[131.197,-7.617],[131.26,-7.471],[131.297,-7.438],[131.349,-7.425],[131.411,-7.34],[131.446,-7.315],[131.483,-7.251],[131.535,-7.221],[131.531,-7.165],[131.561,-7.136],[131.643,-7.113],[131.701,-7.14],[131.736,-7.197],[131.644,-7.267],[131.691,-7.439],[131.624,-7.626],[131.58,-7.682],[131.498,-7.731],[131.474,-7.777],[131.377,-7.869],[131.348,-7.948],[131.343,-7.981],[131.326,-8.0]]],[[[126.801,-7.668],[126.814,-7.717],[126.813,-7.738],[126.693,-7.754],[126.577,-7.808],[126.518,-7.87],[126.472,-7.95],[126.313,-7.918],[126.171,-7.912],[126.108,-7.884],[126.04,-7.886],[125.952,-7.911],[125.826,-7.979],[125.798,-7.985],[125.808,-7.881],[125.843,-7.817],[125.975,-7.663],[126.085,-7.697],[126.214,-7.707],[126.359,-7.677],[126.463,-7.608],[126.61,-7.572],[126.726,-7.662],[126.801,-7.668]]],[[[124.576,-8.141],[124.6,-8.202],[124.677,-8.168],[124.752,-8.16],[124.924,-8.166],[125.05,-8.18],[125.125,-8.205],[125.132,-8.326],[125.097,-8.353],[124.444,-8.445],[124.381,-8.415],[124.356,-8.386],[124.426,-8.296],[124.394,-8.253],[124.431,-8.183],[124.509,-8.135],[124.576,-8.141]]],[[[131.002,-1.316],[130.967,-1.343],[130.845,-1.317],[130.782,-1.255],[130.739,-1.173],[130.712,-1.104],[130.704,-1.05],[130.668,-0.984],[130.673,-0.96],[130.897,-0.89],[130.939,-0.915],[131.033,-0.918],[131.074,-0.968],[131.046,-1.188],[131.002,-1.316]]],[[[96.493,5.229],[96.615,5.22],[96.843,5.274],[96.968,5.269],[97.086,5.23],[97.19,5.207],[97.451,5.236],[97.5,5.228],[97.547,5.206],[97.588,5.17],[97.707,5.04],[97.908,4.88],[97.967,4.777],[98.0,4.662],[98.021,4.635],[98.248,4.415],[98.273,4.322],[98.241,4.195],[98.307,4.093],[98.528,3.998],[98.659,3.928],[98.687,3.886],[98.706,3.835],[98.778,3.759],[98.869,3.71],[99.151,3.581],[99.521,3.311],[99.732,3.183],[99.907,2.988],[99.969,2.895],[100.021,2.794],[100.127,2.648],[100.307,2.467],[100.353,2.411],[100.401,2.332],[100.457,2.257],[100.524,2.189],[100.604,2.137],[100.685,2.12],[100.817,1.989],[100.888,1.948],[100.877,2.051],[100.817,2.14],[100.818,2.194],[100.828,2.243],[100.877,2.283],[100.936,2.295],[101.046,2.257],[101.225,2.102],[101.301,2.012],[101.358,1.887],[101.405,1.757],[101.477,1.693],[101.575,1.671],[101.684,1.661],[101.785,1.621],[102.02,1.442],[102.098,1.358],[102.157,1.259],[102.198,1.142],[102.223,1.019],[102.239,0.99],[102.39,0.842],[102.469,0.779],[102.566,0.749],[102.849,0.715],[102.949,0.664],[103.032,0.579],[103.067,0.492],[103.008,0.415],[102.786,0.298],[102.55,0.216],[102.78,0.244],[102.896,0.279],[103.003,0.332],[103.109,0.4],[103.277,0.495],[103.339,0.514],[103.412,0.507],[103.479,0.48],[103.579,0.387],[103.673,0.289],[103.743,0.174],[103.787,0.047],[103.706,-0.02],[103.589,-0.069],[103.429,-0.192],[103.412,-0.24],[103.444,-0.272],[103.405,-0.362],[103.495,-0.418],[103.509,-0.466],[103.431,-0.534],[103.439,-0.576],[103.533,-0.755],[103.578,-0.796],[103.721,-0.887],[103.94,-0.979],[104.061,-1.021],[104.199,-1.054],[104.258,-1.053],[104.361,-1.038],[104.381,-1.074],[104.426,-1.251],[104.447,-1.362],[104.478,-1.6],[104.519,-1.699],[104.516,-1.819],[104.569,-1.922],[104.676,-1.987],[104.791,-2.041],[104.845,-2.093],[104.845,-2.172],[104.826,-2.234],[104.787,-2.283],[104.668,-2.386],[104.647,-2.43],[104.631,-2.543],[104.651,-2.595],[104.698,-2.598],[104.736,-2.571],[104.878,-2.419],[104.917,-2.392],[104.971,-2.371],[105.026,-2.358],[105.287,-2.356],[105.397,-2.38],[105.495,-2.43],[105.582,-2.492],[105.899,-2.888],[106.044,-3.106],[106.056,-3.161],[106.058,-3.217],[106.034,-3.261],[105.901,-3.41],[105.885,-3.451],[105.844,-3.614],[105.852,-3.731],[105.896,-3.78],[105.93,-3.833],[105.928,-3.881],[105.841,-4.122],[105.831,-4.163],[105.887,-4.554],[105.891,-4.66],[105.879,-4.794],[105.887,-5.01],[105.816,-5.677],[105.803,-5.716],[105.748,-5.818],[105.677,-5.818],[105.619,-5.8],[105.578,-5.761],[105.556,-5.712],[105.523,-5.673],[105.349,-5.55],[105.304,-5.57],[105.128,-5.723],[105.081,-5.746],[105.023,-5.727],[104.93,-5.681],[104.64,-5.52],[104.622,-5.572],[104.618,-5.642],[104.676,-5.816],[104.684,-5.893],[104.631,-5.908],[104.602,-5.905],[104.481,-5.803],[104.37,-5.691],[104.243,-5.539],[104.15,-5.467],[104.067,-5.386],[103.831,-5.08],[103.77,-5.033],[103.406,-4.816],[103.332,-4.765],[103.239,-4.676],[103.139,-4.596],[102.919,-4.471],[102.538,-4.152],[102.372,-3.969],[102.188,-3.675],[102.128,-3.599],[101.818,-3.378],[101.649,-3.244],[101.579,-3.167],[101.414,-2.899],[101.366,-2.808],[101.306,-2.729],[101.206,-2.664],[101.119,-2.588],[100.944,-2.345],[100.89,-2.249],[100.848,-2.144],[100.855,-1.934],[100.487,-1.299],[100.394,-1.101],[100.308,-0.827],[100.289,-0.799],[100.088,-0.553],[100.017,-0.474],[99.931,-0.4],[99.86,-0.314],[99.721,-0.033],[99.67,0.045],[99.598,0.102],[99.335,0.209],[99.236,0.268],[99.159,0.352],[99.112,0.459],[99.06,0.686],[98.936,1.032],[98.796,1.495],[98.703,1.702],[98.595,1.865],[98.564,1.902],[98.087,2.195],[98.005,2.238],[97.919,2.264],[97.795,2.283],[97.701,2.359],[97.662,2.494],[97.641,2.676],[97.617,2.785],[97.591,2.847],[97.391,2.975],[97.313,3.077],[97.248,3.189],[97.188,3.276],[96.969,3.575],[96.894,3.654],[96.801,3.709],[96.525,3.767],[96.445,3.816],[96.311,3.986],[96.23,4.073],[95.988,4.263],[95.579,4.662],[95.495,4.761],[95.432,4.865],[95.381,4.976],[95.207,5.284],[95.221,5.346],[95.247,5.411],[95.243,5.464],[95.224,5.517],[95.228,5.565],[95.28,5.593],[95.396,5.629],[95.517,5.625],[95.629,5.609],[95.737,5.579],[95.841,5.515],[96.027,5.351],[96.133,5.294],[96.251,5.267],[96.493,5.229]]],[[[122.783,-8.612],[122.642,-8.647],[122.554,-8.681],[122.47,-8.725],[122.417,-8.735],[122.321,-8.738],[122.186,-8.73],[122.094,-8.745],[121.839,-8.86],[121.738,-8.87],[121.651,-8.899],[121.621,-8.854],[121.585,-8.821],[121.5,-8.812],[121.415,-8.815],[121.328,-8.917],[121.191,-8.896],[121.138,-8.904],[121.086,-8.926],[121.035,-8.935],[120.982,-8.928],[120.781,-8.849],[120.55,-8.802],[120.32,-8.82],[120.121,-8.777],[120.012,-8.81],[119.909,-8.858],[119.879,-8.808],[119.841,-8.764],[119.808,-8.698],[119.807,-8.623],[119.818,-8.571],[119.848,-8.523],[119.866,-8.473],[119.875,-8.42],[119.918,-8.445],[119.964,-8.436],[120.099,-8.378],[120.231,-8.29],[120.354,-8.258],[120.425,-8.249],[120.486,-8.266],[120.547,-8.26],[120.61,-8.24],[120.71,-8.308],[120.751,-8.321],[120.886,-8.327],[121.009,-8.366],[121.118,-8.424],[121.277,-8.478],[121.372,-8.551],[121.445,-8.578],[121.498,-8.585],[121.548,-8.575],[121.61,-8.526],[121.683,-8.506],[121.747,-8.507],[121.863,-8.494],[121.912,-8.482],[121.967,-8.455],[122.02,-8.472],[122.067,-8.497],[122.263,-8.625],[122.323,-8.628],[122.433,-8.601],[122.467,-8.566],[122.484,-8.514],[122.514,-8.47],[122.556,-8.432],[122.604,-8.402],[122.75,-8.353],[122.85,-8.304],[122.919,-8.222],[122.759,-8.186],[122.792,-8.127],[122.846,-8.093],[122.917,-8.106],[122.978,-8.152],[123.006,-8.329],[122.955,-8.354],[122.924,-8.381],[122.902,-8.416],[122.811,-8.481],[122.847,-8.562],[122.82,-8.596],[122.783,-8.612]]],[[[120.013,-9.375],[120.058,-9.42],[120.221,-9.506],[120.248,-9.543],[120.258,-9.603],[120.291,-9.648],[120.365,-9.655],[120.444,-9.646],[120.504,-9.674],[120.556,-9.719],[120.633,-9.806],[120.7,-9.903],[120.784,-9.957],[120.833,-10.037],[120.804,-10.108],[120.698,-10.207],[120.64,-10.228],[120.562,-10.236],[120.439,-10.294],[120.395,-10.263],[120.255,-10.242],[120.145,-10.2],[120.052,-10.123],[119.998,-10.04],[119.931,-9.967],[119.813,-9.917],[119.601,-9.774],[119.47,-9.761],[119.417,-9.771],[119.363,-9.772],[119.085,-9.707],[119.042,-9.669],[119.008,-9.621],[118.977,-9.573],[118.959,-9.519],[118.994,-9.472],[119.031,-9.44],[119.186,-9.384],[119.296,-9.367],[119.424,-9.37],[119.615,-9.352],[119.795,-9.38],[119.851,-9.36],[119.942,-9.301],[119.974,-9.322],[120.013,-9.375]]],[[[118.242,-8.318],[118.292,-8.357],[118.338,-8.354],[118.433,-8.293],[118.491,-8.271],[118.552,-8.27],[118.612,-8.281],[118.671,-8.323],[118.692,-8.393],[118.714,-8.415],[118.748,-8.331],[118.794,-8.306],[118.846,-8.293],[118.926,-8.298],[118.988,-8.338],[119.044,-8.457],[119.042,-8.561],[119.062,-8.6],[119.101,-8.628],[119.13,-8.668],[119.104,-8.71],[119.079,-8.73],[119.006,-8.75],[118.971,-8.741],[118.939,-8.713],[118.903,-8.703],[118.821,-8.712],[118.746,-8.735],[118.756,-8.774],[118.818,-8.791],[118.837,-8.809],[118.833,-8.833],[118.808,-8.838],[118.728,-8.805],[118.674,-8.812],[118.479,-8.856],[118.427,-8.855],[118.398,-8.813],[118.4,-8.704],[118.379,-8.675],[118.234,-8.808],[118.19,-8.841],[118.132,-8.856],[118.071,-8.851],[117.861,-8.931],[117.795,-8.92],[117.732,-8.92],[117.508,-9.008],[117.388,-9.032],[117.326,-9.034],[117.265,-9.026],[117.21,-9.034],[117.161,-9.069],[117.061,-9.099],[116.958,-9.076],[116.871,-9.046],[116.788,-9.006],[116.768,-8.955],[116.772,-8.894],[116.807,-8.811],[116.783,-8.665],[116.801,-8.598],[116.835,-8.532],[116.886,-8.508],[116.953,-8.503],[117.064,-8.444],[117.165,-8.367],[117.224,-8.375],[117.357,-8.429],[117.435,-8.435],[117.567,-8.426],[117.622,-8.46],[117.643,-8.536],[117.673,-8.563],[117.712,-8.583],[117.806,-8.711],[117.893,-8.704],[117.97,-8.728],[118.104,-8.65],[118.206,-8.652],[118.235,-8.592],[118.174,-8.528],[118.1,-8.475],[118.061,-8.464],[118.018,-8.467],[117.979,-8.459],[117.815,-8.342],[117.766,-8.279],[117.738,-8.205],[117.755,-8.15],[117.868,-8.101],[117.921,-8.089],[118.117,-8.122],[118.151,-8.15],[118.203,-8.267],[118.242,-8.318]]],[[[124.889,0.995],[124.698,0.826],[124.64,0.744],[124.589,0.655],[124.514,0.557],[124.428,0.471],[124.384,0.445],[124.278,0.398],[124.217,0.38],[124.101,0.375],[123.754,0.306],[123.64,0.297],[123.526,0.3],[123.31,0.318],[123.265,0.327],[123.179,0.416],[123.083,0.486],[122.997,0.494],[122.91,0.486],[122.281,0.481],[122.061,0.468],[121.842,0.437],[121.723,0.451],[121.605,0.486],[121.516,0.498],[121.426,0.495],[121.013,0.442],[120.909,0.447],[120.7,0.515],[120.579,0.528],[120.46,0.51],[120.349,0.449],[120.307,0.408],[120.192,0.269],[120.127,0.167],[120.078,0.04],[120.036,-0.09],[120.013,-0.196],[120.012,-0.307],[120.032,-0.432],[120.063,-0.556],[120.097,-0.65],[120.241,-0.868],[120.27,-0.899],[120.425,-0.961],[120.518,-1.039],[120.605,-1.258],[120.667,-1.37],[120.729,-1.371],[120.797,-1.364],[120.916,-1.378],[121.034,-1.407],[121.149,-1.339],[121.213,-1.212],[121.277,-1.118],[121.431,-0.939],[121.519,-0.856],[121.576,-0.829],[121.633,-0.84],[121.681,-0.888],[121.738,-0.926],[121.853,-0.946],[121.97,-0.933],[122.094,-0.875],[122.138,-0.839],[122.175,-0.794],[122.28,-0.757],[122.53,-0.757],[122.659,-0.77],[122.889,-0.755],[122.886,-0.722],[122.841,-0.687],[122.829,-0.659],[122.872,-0.641],[123.02,-0.6],[123.171,-0.571],[123.281,-0.592],[123.38,-0.649],[123.417,-0.707],[123.434,-0.778],[123.396,-0.962],[123.378,-1.004],[123.3,-1.026],[123.226,-1.002],[123.153,-0.907],[123.049,-0.872],[122.903,-0.901],[122.853,-0.928],[122.807,-0.966],[122.725,-1.064],[122.656,-1.175],[122.507,-1.348],[122.334,-1.498],[122.251,-1.555],[122.158,-1.594],[121.859,-1.693],[121.78,-1.767],[121.719,-1.863],[121.651,-1.895],[121.573,-1.906],[121.514,-1.888],[121.395,-1.834],[121.355,-1.878],[121.349,-1.946],[121.408,-1.97],[121.502,-2.045],[121.575,-2.151],[121.622,-2.174],[121.726,-2.208],[121.77,-2.241],[121.848,-2.332],[121.972,-2.542],[122.014,-2.656],[122.083,-2.75],[122.292,-2.908],[122.303,-2.952],[122.29,-3.004],[122.307,-3.052],[122.381,-3.142],[122.399,-3.201],[122.317,-3.275],[122.313,-3.383],[122.263,-3.527],[122.251,-3.576],[122.253,-3.62],[122.288,-3.662],[122.329,-3.694],[122.385,-3.711],[122.435,-3.74],[122.529,-3.853],[122.579,-3.882],[122.61,-3.923],[122.607,-3.985],[122.65,-4.021],[122.69,-4.084],[122.75,-4.1],[122.779,-4.082],[122.798,-4.054],[122.848,-4.065],[122.877,-4.109],[122.894,-4.166],[122.9,-4.229],[122.897,-4.349],[122.872,-4.392],[122.818,-4.39],[122.72,-4.341],[122.715,-4.376],[122.722,-4.411],[122.672,-4.422],[122.615,-4.417],[122.471,-4.422],[122.207,-4.496],[122.114,-4.54],[122.054,-4.62],[122.05,-4.675],[122.073,-4.792],[122.038,-4.832],[121.917,-4.848],[121.748,-4.817],[121.646,-4.786],[121.589,-4.76],[121.514,-4.681],[121.487,-4.581],[121.541,-4.283],[121.557,-4.245],[121.583,-4.211],[121.612,-4.156],[121.618,-4.093],[121.537,-4.015],[121.416,-3.984],[121.313,-3.919],[120.914,-3.556],[120.892,-3.521],[120.891,-3.46],[120.907,-3.404],[121.038,-3.205],[121.054,-3.167],[121.07,-3.01],[121.067,-2.881],[121.052,-2.752],[120.99,-2.67],[120.879,-2.646],[120.765,-2.642],[120.654,-2.668],[120.544,-2.733],[120.341,-2.87],[120.261,-2.949],[120.254,-3.053],[120.3,-3.154],[120.36,-3.247],[120.392,-3.348],[120.437,-3.707],[120.435,-3.748],[120.383,-3.852],[120.362,-4.086],[120.385,-4.415],[120.42,-4.617],[120.405,-4.727],[120.31,-4.963],[120.281,-5.093],[120.279,-5.146],[120.391,-5.393],[120.417,-5.49],[120.43,-5.591],[120.312,-5.542],[120.256,-5.544],[120.201,-5.559],[120.077,-5.575],[119.952,-5.578],[119.908,-5.596],[119.818,-5.662],[119.764,-5.688],[119.717,-5.693],[119.557,-5.611],[119.463,-5.522],[119.376,-5.425],[119.36,-5.314],[119.391,-5.201],[119.434,-5.079],[119.52,-4.877],[119.516,-4.742],[119.545,-4.631],[119.594,-4.523],[119.612,-4.424],[119.624,-4.034],[119.611,-4.0],[119.494,-3.769],[119.48,-3.73],[119.479,-3.667],[119.492,-3.608],[119.495,-3.554],[119.467,-3.513],[119.42,-3.475],[119.362,-3.459],[119.24,-3.475],[118.995,-3.538],[118.922,-3.483],[118.868,-3.398],[118.833,-3.28],[118.812,-3.157],[118.822,-3.041],[118.858,-2.929],[118.829,-2.85],[118.784,-2.765],[118.783,-2.721],[118.809,-2.682],[118.853,-2.65],[118.908,-2.631],[118.958,-2.597],[119.092,-2.483],[119.135,-2.382],[119.138,-2.258],[119.172,-2.14],[119.241,-2.031],[119.322,-1.93],[119.348,-1.825],[119.308,-1.66],[119.324,-1.584],[119.31,-1.496],[119.309,-1.408],[119.359,-1.243],[119.508,-0.907],[119.654,-0.728],[119.711,-0.681],[119.787,-0.764],[119.844,-0.862],[119.845,-0.773],[119.83,-0.686],[119.772,-0.484],[119.722,-0.088],[119.736,-0.051],[119.787,-0.057],[119.838,-0.022],[119.866,0.04],[119.812,0.187],[119.809,0.239],[119.913,0.445],[119.998,0.52],[120.035,0.567],[120.056,0.693],[120.101,0.74],[120.157,0.774],[120.23,0.861],[120.27,0.971],[120.294,0.979],[120.322,0.983],[120.367,0.888],[120.416,0.849],[120.517,0.818],[120.603,0.854],[120.626,0.902],[120.659,0.944],[120.711,0.987],[120.755,1.036],[120.804,1.149],[120.868,1.253],[120.912,1.289],[120.965,1.312],[121.025,1.326],[121.082,1.328],[121.208,1.262],[121.282,1.25],[121.357,1.255],[121.404,1.244],[121.44,1.214],[121.473,1.156],[121.513,1.105],[121.551,1.08],[121.592,1.068],[121.867,1.089],[122.108,1.031],[122.437,1.018],[122.549,0.984],[122.657,0.941],[122.79,0.863],[122.838,0.846],[122.892,0.85],[122.96,0.923],[123.013,0.939],[123.067,0.942],[123.278,0.928],[123.847,0.838],[123.931,0.85],[124.274,1.022],[124.411,1.185],[124.534,1.23],[124.575,1.304],[124.6,1.392],[124.644,1.416],[124.747,1.441],[124.788,1.468],[124.861,1.576],[124.947,1.672],[124.989,1.701],[125.111,1.686],[125.165,1.644],[125.234,1.502],[125.222,1.479],[125.141,1.408],[125.117,1.379],[125.028,1.18],[124.967,1.083],[124.889,0.995]]],[[[107.374,-6.008],[107.475,-6.122],[107.563,-6.183],[107.667,-6.216],[107.776,-6.219],[107.884,-6.233],[108.009,-6.277],[108.138,-6.297],[108.197,-6.289],[108.254,-6.267],[108.295,-6.265],[108.33,-6.286],[108.419,-6.383],[108.516,-6.471],[108.538,-6.516],[108.604,-6.729],[108.678,-6.791],[108.78,-6.808],[108.899,-6.808],[109.018,-6.817],[109.294,-6.867],[109.404,-6.86],[109.501,-6.81],[109.587,-6.843],[109.821,-6.902],[109.936,-6.916],[110.067,-6.899],[110.198,-6.895],[110.261,-6.912],[110.321,-6.938],[110.373,-6.948],[110.426,-6.947],[110.521,-6.897],[110.584,-6.806],[110.634,-6.69],[110.674,-6.57],[110.701,-6.518],[110.737,-6.472],[110.784,-6.443],[110.835,-6.424],[110.972,-6.436],[111.001,-6.465],[111.154,-6.669],[111.182,-6.687],[111.342,-6.7],[111.387,-6.693],[111.484,-6.652],[111.54,-6.648],[111.644,-6.699],[111.688,-6.742],[111.738,-6.773],[111.99,-6.806],[112.087,-6.893],[112.137,-6.905],[112.312,-6.894],[112.434,-6.903],[112.539,-6.926],[112.587,-7.051],[112.626,-7.178],[112.649,-7.221],[112.752,-7.265],[112.794,-7.304],[112.783,-7.432],[112.795,-7.552],[113.014,-7.658],[113.248,-7.718],[113.498,-7.724],[113.747,-7.703],[113.876,-7.677],[114.037,-7.632],[114.071,-7.633],[114.383,-7.771],[114.409,-7.792],[114.444,-7.896],[114.443,-8.005],[114.385,-8.263],[114.381,-8.334],[114.387,-8.405],[114.449,-8.559],[114.482,-8.604],[114.595,-8.685],[114.599,-8.727],[114.584,-8.77],[114.459,-8.741],[114.383,-8.705],[114.339,-8.647],[114.277,-8.615],[114.16,-8.626],[113.94,-8.568],[113.693,-8.478],[113.253,-8.287],[113.134,-8.288],[113.019,-8.313],[112.898,-8.361],[112.772,-8.396],[112.679,-8.409],[112.586,-8.4],[112.352,-8.354],[112.115,-8.324],[111.51,-8.305],[111.339,-8.262],[111.055,-8.24],[110.83,-8.202],[110.607,-8.149],[110.039,-7.891],[109.853,-7.828],[109.282,-7.705],[109.194,-7.695],[108.987,-7.704],[108.856,-7.668],[108.741,-7.667],[108.571,-7.707],[108.518,-7.736],[108.452,-7.797],[108.336,-7.794],[108.221,-7.782],[107.917,-7.724],[107.804,-7.688],[107.696,-7.636],[107.598,-7.567],[107.547,-7.542],[107.285,-7.472],[107.071,-7.447],[106.631,-7.416],[106.535,-7.394],[106.455,-7.369],[106.411,-7.312],[106.417,-7.239],[106.448,-7.177],[106.492,-7.114],[106.52,-7.054],[106.198,-6.928],[105.944,-6.859],[105.835,-6.846],[105.725,-6.846],[105.601,-6.86],[105.478,-6.854],[105.421,-6.833],[105.362,-6.826],[105.303,-6.841],[105.255,-6.835],[105.243,-6.778],[105.273,-6.729],[105.336,-6.674],[105.371,-6.664],[105.387,-6.751],[105.405,-6.768],[105.46,-6.787],[105.484,-6.782],[105.581,-6.671],[105.608,-6.617],[105.655,-6.47],[105.706,-6.498],[105.757,-6.48],[105.787,-6.457],[105.868,-6.116],[105.936,-6.017],[106.029,-5.934],[106.075,-5.914],[106.166,-5.965],[106.35,-5.984],[106.459,-6.018],[106.569,-6.022],[106.676,-6.038],[106.825,-6.098],[106.878,-6.092],[106.932,-6.073],[107.012,-6.008],[107.046,-5.904],[107.162,-5.957],[107.332,-5.978],[107.374,-6.008]]],[[[109.629,2.028],[109.539,1.896],[109.549,1.848],[109.571,1.806],[109.636,1.777],[109.654,1.615],[109.736,1.523],[109.818,1.439],[109.879,1.398],[109.945,1.338],[109.992,1.283],[110.041,1.236],[110.115,1.19],[110.315,0.996],[110.399,0.939],[110.461,0.882],[110.506,0.862],[110.615,0.878],[110.938,1.017],[110.996,1.026],[111.101,1.051],[111.287,1.043],[111.483,0.996],[111.547,0.994],[111.607,1.023],[111.691,1.014],[111.77,0.999],[111.809,1.012],[111.923,1.113],[112.079,1.143],[112.129,1.244],[112.167,1.338],[112.186,1.439],[112.251,1.48],[112.342,1.515],[112.476,1.559],[112.943,1.567],[112.988,1.548],[112.998,1.496],[112.988,1.457],[113.007,1.434],[113.069,1.432],[113.126,1.408],[113.359,1.327],[113.458,1.302],[113.513,1.308],[113.622,1.236],[113.682,1.261],[113.76,1.311],[113.835,1.38],[113.902,1.434],[114,1.455],[114.126,1.452],[114.275,1.471],[114.387,1.5],[114.513,1.452],[114.546,1.467],[114.567,1.514],[114.632,1.617],[114.661,1.686],[114.686,1.819],[114.704,1.851],[114.751,1.869],[114.8,1.894],[114.813,1.934],[114.831,1.98],[114.816,2.019],[114.788,2.052],[114.759,2.162],[114.768,2.213],[114.786,2.25],[114.836,2.269],[114.969,2.351],[115.087,2.446],[115.151,2.493],[115.179,2.523],[115.181,2.567],[115.13,2.612],[115.081,2.634],[115.077,2.687],[115.079,2.723],[115.094,2.758],[115.087,2.791],[115.086,2.841],[115.118,2.895],[115.19,2.974],[115.247,3.026],[115.31,2.994],[115.384,3.009],[115.454,3.034],[115.493,3.128],[115.499,3.173],[115.49,3.209],[115.514,3.342],[115.52,3.362],[115.566,3.446],[115.571,3.502],[115.545,3.634],[115.561,3.733],[115.568,3.939],[115.596,3.976],[115.628,4.082],[115.679,4.193],[115.782,4.254],[115.837,4.333],[115.861,4.348],[115.896,4.349],[116.022,4.291],[116.134,4.355],[116.236,4.363],[116.32,4.354],[116.368,4.327],[116.415,4.308],[116.515,4.371],[116.553,4.36],[116.589,4.338],[116.639,4.339],[116.698,4.355],[116.844,4.34],[117.101,4.337],[117.278,4.299],[117.451,4.193],[117.537,4.171],[117.574,4.171],[117.566,4.162],[117.497,4.133],[117.465,4.076],[117.559,3.988],[117.566,3.93],[117.639,3.878],[117.728,3.797],[117.732,3.77],[117.762,3.734],[117.777,3.689],[117.714,3.645],[117.63,3.636],[117.567,3.678],[117.51,3.73],[117.495,3.666],[117.45,3.629],[117.288,3.639],[117.172,3.639],[117.056,3.623],[117.114,3.613],[117.166,3.592],[117.346,3.427],[117.385,3.365],[117.322,3.244],[117.352,3.194],[117.422,3.165],[117.507,3.105],[117.567,3.098],[117.611,3.064],[117.612,3.005],[117.638,2.951],[117.569,2.929],[117.637,2.915],[117.698,2.887],[117.665,2.859],[117.639,2.825],[117.667,2.807],[117.75,2.776],[117.786,2.747],[117.805,2.669],[117.886,2.542],[118.034,2.378],[118.067,2.318],[118.066,2.263],[118.042,2.215],[117.957,2.16],[117.889,2.087],[117.881,2.061],[117.789,2.027],[117.831,2.002],[117.865,1.968],[117.928,1.867],[118.08,1.702],[118.157,1.64],[118.472,1.416],[118.639,1.319],[118.853,1.096],[118.963,1.044],[118.985,0.982],[118.892,0.887],[118.757,0.839],[118.535,0.814],[118.312,0.847],[118.196,0.874],[118.096,0.929],[118.016,1.039],[117.912,1.099],[117.952,1.032],[117.977,0.964],[117.964,0.89],[117.923,0.831],[117.853,0.789],[117.777,0.754],[117.745,0.73],[117.553,0.341],[117.522,0.236],[117.464,-0.2],[117.463,-0.324],[117.549,-0.554],[117.557,-0.675],[117.574,-0.728],[117.562,-0.771],[117.522,-0.797],[117.357,-0.867],[117.241,-0.926],[117.146,-1.009],[117.07,-1.113],[117.003,-1.188],[116.914,-1.224],[116.849,-1.218],[116.797,-1.184],[116.761,-1.117],[116.74,-1.044],[116.726,-1.098],[116.729,-1.151],[116.759,-1.207],[116.771,-1.267],[116.753,-1.327],[116.715,-1.376],[116.612,-1.429],[116.554,-1.474],[116.545,-1.553],[116.518,-1.598],[116.478,-1.633],[116.332,-1.712],[116.3,-1.744],[116.275,-1.785],[116.353,-1.779],[116.424,-1.785],[116.43,-1.864],[116.452,-1.923],[116.424,-2.053],[116.314,-2.14],[116.369,-2.158],[116.418,-2.187],[116.528,-2.208],[116.565,-2.3],[116.549,-2.411],[116.529,-2.511],[116.45,-2.538],[116.401,-2.52],[116.353,-2.522],[116.317,-2.552],[116.307,-2.603],[116.375,-2.578],[116.372,-2.707],[116.353,-2.833],[116.331,-2.902],[116.289,-2.959],[116.226,-2.977],[116.166,-2.935],[116.154,-2.984],[116.172,-3.025],[116.257,-3.126],[116.205,-3.149],[116.167,-3.183],[116.15,-3.233],[116.058,-3.348],[116.017,-3.433],[115.999,-3.523],[115.956,-3.595],[115.258,-3.907],[114.694,-4.17],[114.653,-4.152],[114.625,-4.112],[114.606,-3.703],[114.536,-3.494],[114.526,-3.377],[114.446,-3.482],[114.397,-3.471],[114.344,-3.444],[114.305,-3.41],[114.302,-3.365],[114.344,-3.235],[114.293,-3.306],[114.236,-3.361],[114.178,-3.354],[114.128,-3.327],[114.109,-3.285],[114.082,-3.279],[113.959,-3.394],[113.796,-3.456],[113.705,-3.455],[113.634,-3.42],[113.637,-3.332],[113.63,-3.246],[113.61,-3.196],[113.566,-3.178],[113.526,-3.184],[113.409,-3.229],[113.367,-3.224],[113.343,-3.246],[113.034,-2.933],[112.971,-3.187],[112.758,-3.322],[112.6,-3.4],[112.444,-3.371],[112.285,-3.321],[112.127,-3.381],[111.955,-3.53],[111.907,-3.553],[111.858,-3.552],[111.822,-3.533],[111.834,-3.42],[111.836,-3.308],[111.823,-3.057],[111.809,-3.008],[111.76,-2.939],[111.695,-2.889],[111.658,-2.926],[111.625,-2.975],[111.495,-2.973],[111.368,-2.934],[111.259,-2.956],[111.044,-3.056],[110.93,-3.071],[110.869,-3.049],[110.83,-2.995],[110.852,-2.946],[110.899,-2.909],[110.811,-2.938],[110.736,-2.989],[110.703,-3.021],[110.668,-3.005],[110.574,-2.891],[110.378,-2.934],[110.351,-2.947],[110.303,-2.985],[110.256,-2.966],[110.233,-2.925],[110.224,-2.689],[110.124,-2.234],[110.097,-2.001],[110.075,-1.946],[109.96,-1.863],[109.964,-1.743],[110.023,-1.643],[110.036,-1.526],[110.019,-1.399],[109.983,-1.275],[109.938,-1.181],[109.873,-1.101],[109.787,-1.011],[109.682,-0.944],[109.454,-0.869],[109.333,-0.875],[109.289,-0.846],[109.259,-0.807],[109.271,-0.732],[109.312,-0.68],[109.366,-0.667],[109.373,-0.638],[109.257,-0.577],[109.161,-0.495],[109.13,-0.445],[109.121,-0.391],[109.122,-0.265],[109.15,-0.186],[109.165,-0.142],[109.195,-0.009],[109.258,0.031],[109.247,0.056],[109.22,0.074],[109.181,0.117],[109.149,0.168],[109.075,0.253],[108.945,0.356],[108.923,0.533],[108.906,0.794],[108.917,0.913],[108.959,1.135],[109.031,1.204],[109.088,1.224],[109.132,1.254],[109.096,1.258],[109.065,1.247],[109.01,1.24],[109.055,1.438],[109.076,1.496],[109.167,1.607],[109.273,1.705],[109.318,1.821],[109.379,1.923],[109.629,2.028]]],[[[127.733,0.848],[127.805,0.826],[127.881,0.832],[127.919,0.877],[127.929,0.935],[127.967,1.043],[128.055,1.116],[128.117,1.127],[128.161,1.158],[128.153,1.238],[128.157,1.317],[128.222,1.401],[128.424,1.518],[128.539,1.559],[128.688,1.573],[128.705,1.528],[128.688,1.464],[128.717,1.367],[128.703,1.106],[128.669,1.069],[128.515,0.979],[128.346,0.907],[128.299,0.877],[128.257,0.805],[128.261,0.734],[128.398,0.639],[128.611,0.55],[128.655,0.508],[128.684,0.438],[128.692,0.36],[128.743,0.323],[128.815,0.305],[128.863,0.268],[128.9,0.216],[128.54,0.338],[128.446,0.392],[128.333,0.398],[128.221,0.414],[128.106,0.461],[127.983,0.472],[127.924,0.438],[127.901,0.372],[127.887,0.298],[127.915,0.206],[127.912,0.151],[127.889,0.05],[127.978,-0.248],[128.089,-0.485],[128.254,-0.732],[128.335,-0.816],[128.425,-0.893],[128.278,-0.87],[128.233,-0.788],[128.046,-0.706],[128.011,-0.657],[127.889,-0.424],[127.853,-0.38],[127.741,-0.3],[127.692,-0.242],[127.675,-0.163],[127.687,-0.08],[127.681,0.035],[127.685,0.149],[127.709,0.288],[127.669,0.337],[127.616,0.383],[127.555,0.49],[127.537,0.611],[127.542,0.681],[127.567,0.743],[127.601,0.796],[127.608,0.848],[127.52,0.924],[127.429,1.14],[127.42,1.252],[127.537,1.467],[127.535,1.572],[127.558,1.634],[127.571,1.7],[127.632,1.844],[127.731,1.966],[127.9,2.137],[127.964,2.175],[128.036,2.199],[128.043,2.157],[128.031,2.12],[127.907,1.946],[127.89,1.906],[127.887,1.833],[127.946,1.79],[128.011,1.701],[128.024,1.583],[128.026,1.458],[128.012,1.332],[127.988,1.29],[127.885,1.163],[127.653,1.014],[127.633,0.977],[127.634,0.936],[127.677,0.887],[127.733,0.848]]],[[[129.755,-2.866],[129.984,-2.977],[130.103,-2.993],[130.304,-2.979],[130.379,-2.989],[130.57,-3.131],[130.626,-3.228],[130.642,-3.312],[130.671,-3.392],[130.718,-3.411],[130.773,-3.419],[130.846,-3.533],[130.86,-3.57],[130.805,-3.858],[130.58,-3.749],[130.363,-3.625],[130.27,-3.579],[130.02,-3.475],[129.981,-3.439],[129.953,-3.392],[129.844,-3.327],[129.627,-3.317],[129.545,-3.319],[129.512,-3.329],[129.52,-3.363],[129.522,-3.434],[129.468,-3.453],[129.333,-3.409],[129.212,-3.393],[129.108,-3.349],[128.967,-3.326],[128.952,-3.304],[128.964,-3.272],[128.958,-3.241],[128.925,-3.229],[128.863,-3.235],[128.802,-3.266],[128.751,-3.3],[128.677,-3.397],[128.639,-3.433],[128.517,-3.449],[128.466,-3.44],[128.419,-3.416],[128.28,-3.241],[128.233,-3.203],[128.181,-3.172],[128.132,-3.157],[128.082,-3.184],[128.056,-3.239],[128.044,-3.303],[128.03,-3.341],[127.97,-3.444],[127.92,-3.506],[127.902,-3.496],[127.928,-3.397],[127.928,-3.341],[127.897,-3.282],[127.878,-3.222],[128.113,-2.935],[128.199,-2.866],[128.57,-2.842],[128.791,-2.857],[128.911,-2.85],[128.991,-2.829],[129.058,-2.838],[129.074,-2.895],[129.116,-2.937],[129.174,-2.933],[129.28,-2.889],[129.371,-2.821],[129.427,-2.791],[129.484,-2.786],[129.543,-2.79],[129.6,-2.806],[129.755,-2.866]]],[[[126.861,-3.088],[127.025,-3.166],[127.063,-3.217],[127.092,-3.278],[127.125,-3.311],[127.163,-3.338],[127.227,-3.391],[127.244,-3.471],[127.23,-3.633],[127.155,-3.647],[127.085,-3.671],[126.941,-3.765],[126.87,-3.783],[126.794,-3.789],[126.74,-3.814],[126.686,-3.824],[126.547,-3.772],[126.411,-3.711],[126.215,-3.605],[126.178,-3.579],[126.147,-3.523],[126.057,-3.421],[126.034,-3.356],[126.026,-3.171],[126.05,-3.128],[126.088,-3.105],[126.22,-3.148],[126.306,-3.103],[126.555,-3.065],[126.808,-3.069],[126.861,-3.088]]],[[[124.922,-8.942],[124.915,-9.032],[124.937,-9.053],[124.973,-9.064],[125.1,-9.004],[125.124,-9.015],[125.149,-9.043],[125.149,-9.123],[125.1,-9.19],[124.978,-9.195],[124.96,-9.214],[124.959,-9.255],[124.968,-9.294],[124.997,-9.326],[125.034,-9.382],[125.068,-9.512],[124.998,-9.565],[124.963,-9.666],[124.842,-9.76],[124.708,-9.914],[124.602,-9.993],[124.508,-10.086],[124.428,-10.149],[124.327,-10.17],[124.176,-10.183],[123.971,-10.295],[123.858,-10.344],[123.747,-10.347],[123.644,-10.311],[123.605,-10.27],[123.614,-10.215],[123.648,-10.168],[123.69,-10.129],[123.716,-10.079],[123.599,-10.015],[123.589,-9.967],[123.636,-9.838],[123.666,-9.705],[123.709,-9.615],[123.877,-9.453],[123.977,-9.373],[124.036,-9.342],[124.052,-9.375],[124.09,-9.416],[124.116,-9.423],[124.135,-9.414],[124.282,-9.428],[124.319,-9.414],[124.376,-9.35],[124.413,-9.314],[124.438,-9.239],[124.444,-9.19],[124.575,-9.155],[124.646,-9.117],[124.708,-9.062],[124.89,-8.968],[124.922,-8.942]]],[[[134.747,-5.707],[134.739,-5.746],[134.738,-5.817],[134.755,-5.883],[134.712,-5.95],[134.752,-6.05],[134.758,-6.1],[134.756,-6.171],[134.744,-6.202],[134.714,-6.295],[134.684,-6.328],[134.661,-6.337],[134.638,-6.365],[134.441,-6.335],[134.356,-6.271],[134.28,-6.201],[134.264,-6.172],[134.175,-6.09],[134.155,-6.063],[134.153,-6.02],[134.225,-6.008],[134.302,-6.01],[134.299,-5.971],[134.343,-5.833],[134.226,-5.744],[134.205,-5.707],[134.247,-5.682],[134.341,-5.713],[134.456,-5.558],[134.49,-5.525],[134.506,-5.438],[134.571,-5.427],[134.617,-5.439],[134.646,-5.492],[134.658,-5.539],[134.646,-5.581],[134.701,-5.603],[134.747,-5.707]]],[[[134.537,-6.442],[134.52,-6.513],[134.504,-6.591],[134.412,-6.68],[134.356,-6.815],[134.323,-6.849],[134.2,-6.909],[134.091,-6.834],[134.059,-6.769],[134.107,-6.472],[134.154,-6.481],[134.185,-6.479],[134.195,-6.46],[134.125,-6.426],[134.111,-6.255],[134.115,-6.191],[134.168,-6.176],[134.234,-6.226],[134.318,-6.316],[134.415,-6.387],[134.537,-6.442]]],[[[138.535,-8.274],[138.296,-8.405],[137.983,-8.382],[137.872,-8.38],[137.688,-8.412],[137.65,-8.386],[137.685,-8.262],[137.833,-7.932],[138.008,-7.642],[138.082,-7.566],[138.185,-7.495],[138.296,-7.438],[138.544,-7.38],[138.77,-7.39],[138.802,-7.415],[138.899,-7.512],[138.963,-7.588],[138.989,-7.696],[138.893,-7.882],[138.786,-8.059],[138.612,-8.198],[138.535,-8.274]]],[[[140.973,-2.61],[140.973,-2.614],[140.973,-2.681],[140.974,-2.803],[140.974,-3.007],[140.974,-3.21],[140.974,-3.413],[140.974,-3.617],[140.974,-3.82],[140.974,-4.023],[140.974,-4.226],[140.974,-4.43],[140.974,-4.633],[140.974,-4.836],[140.975,-5.04],[140.975,-5.243],[140.975,-5.446],[140.975,-5.65],[140.975,-5.853],[140.975,-6.056],[140.975,-6.259],[140.975,-6.346],[140.944,-6.452],[140.875,-6.612],[140.862,-6.74],[140.92,-6.84],[140.975,-6.905],[140.975,-7.073],[140.975,-7.276],[140.975,-7.479],[140.975,-7.683],[140.976,-7.886],[140.976,-8.089],[140.976,-8.292],[140.976,-8.496],[140.976,-8.699],[140.976,-8.902],[140.976,-9.106],[140.976,-9.119],[140.925,-9.085],[140.787,-8.974],[140.662,-8.847],[140.581,-8.728],[140.49,-8.62],[140.102,-8.301],[140.003,-8.196],[139.983,-8.167],[139.993,-8.139],[140.037,-8.084],[140.117,-7.924],[140.034,-8.023],[139.935,-8.101],[139.791,-8.106],[139.649,-8.125],[139.519,-8.173],[139.386,-8.189],[139.319,-8.166],[139.279,-8.107],[139.258,-8.047],[139.249,-7.982],[139.193,-8.086],[139.083,-8.143],[138.933,-8.262],[138.891,-8.238],[138.865,-8.192],[138.856,-8.145],[138.885,-8.095],[138.905,-8.041],[138.936,-7.913],[139.003,-7.838],[139.046,-7.691],[139.074,-7.639],[139.088,-7.587],[139.049,-7.528],[138.983,-7.508],[138.938,-7.472],[138.886,-7.373],[138.853,-7.34],[138.794,-7.299],[138.748,-7.251],[138.798,-7.216],[138.865,-7.201],[138.919,-7.204],[139.018,-7.226],[139.062,-7.227],[139.177,-7.19],[139.113,-7.202],[139.049,-7.201],[138.846,-7.136],[138.72,-7.07],[138.601,-6.937],[138.6,-6.911],[138.684,-6.887],[138.865,-6.858],[138.808,-6.79],[138.727,-6.731],[138.698,-6.626],[138.642,-6.56],[138.522,-6.454],[138.439,-6.343],[138.368,-6.119],[138.296,-5.949],[138.314,-5.888],[138.375,-5.844],[138.283,-5.839],[138.2,-5.807],[138.244,-5.724],[138.34,-5.676],[138.252,-5.688],[138.167,-5.712],[138.127,-5.717],[138.087,-5.709],[138.066,-5.676],[138.063,-5.629],[138.076,-5.546],[138.061,-5.465],[137.985,-5.428],[137.922,-5.37],[137.887,-5.349],[137.84,-5.35],[137.795,-5.312],[137.759,-5.256],[137.307,-5.014],[137.28,-4.945],[137.238,-4.976],[137.196,-4.99],[137.144,-4.951],[137.089,-4.924],[137.03,-4.929],[136.975,-4.907],[136.917,-4.895],[136.857,-4.893],[136.619,-4.819],[136.394,-4.701],[136.211,-4.651],[136.097,-4.585],[135.98,-4.531],[135.717,-4.478],[135.45,-4.443],[135.354,-4.442],[135.273,-4.453],[135.196,-4.451],[134.754,-4.195],[134.68,-4.079],[134.687,-4.011],[134.707,-3.955],[134.887,-3.938],[134.76,-3.922],[134.708,-3.93],[134.603,-3.976],[134.547,-3.979],[134.467,-3.949],[134.391,-3.91],[134.266,-3.946],[134.202,-3.887],[134.18,-3.825],[134.147,-3.797],[134.1,-3.8],[134.037,-3.822],[133.974,-3.818],[133.933,-3.776],[133.904,-3.72],[133.861,-3.68],[133.808,-3.65],[133.723,-3.578],[133.678,-3.479],[133.683,-3.309],[133.697,-3.248],[133.782,-3.149],[133.842,-3.055],[133.767,-3.044],[133.7,-3.087],[133.672,-3.132],[133.661,-3.186],[133.653,-3.364],[133.599,-3.416],[133.518,-3.412],[133.542,-3.516],[133.509,-3.616],[133.415,-3.732],[133.407,-3.785],[133.422,-3.843],[133.401,-3.899],[133.249,-4.062],[133.198,-4.07],[133.085,-4.069],[132.969,-4.095],[132.914,-4.057],[132.87,-4.007],[132.837,-3.949],[132.791,-3.828],[132.754,-3.704],[132.87,-3.551],[132.83,-3.413],[132.751,-3.295],[132.554,-3.131],[132.348,-2.975],[132.255,-2.943],[132.102,-2.93],[132.054,-2.915],[132.006,-2.856],[131.971,-2.789],[132.067,-2.76],[132.231,-2.68],[132.323,-2.684],[132.575,-2.727],[132.653,-2.766],[132.725,-2.789],[132.897,-2.658],[133.034,-2.487],[133.119,-2.45],[133.191,-2.438],[133.265,-2.454],[133.411,-2.514],[133.527,-2.542],[133.609,-2.547],[133.652,-2.601],[133.7,-2.625],[133.711,-2.544],[133.753,-2.451],[133.835,-2.422],[133.878,-2.415],[133.905,-2.391],[133.899,-2.304],[133.791,-2.294],[133.85,-2.22],[133.902,-2.184],[133.921,-2.147],[133.922,-2.102],[133.71,-2.189],[133.488,-2.226],[133.356,-2.216],[133.225,-2.214],[132.963,-2.273],[132.863,-2.27],[132.631,-2.247],[132.503,-2.218],[132.403,-2.24],[132.308,-2.242],[132.207,-2.176],[132.122,-2.092],[132.08,-2.033],[132.023,-1.99],[131.998,-1.933],[131.936,-1.715],[131.93,-1.56],[131.83,-1.557],[131.731,-1.541],[131.294,-1.393],[131.241,-1.43],[131.179,-1.448],[131.118,-1.455],[131.057,-1.448],[130.996,-1.425],[131.001,-1.384],[131.046,-1.284],[131.091,-1.247],[131.152,-1.219],[131.191,-1.166],[131.254,-1.007],[131.259,-0.953],[131.252,-0.897],[131.257,-0.855],[131.296,-0.834],[131.462,-0.782],[131.804,-0.704],[131.891,-0.657],[131.962,-0.582],[132.046,-0.537],[132.084,-0.491],[132.128,-0.454],[132.394,-0.355],[132.508,-0.347],[132.625,-0.359],[132.856,-0.417],[133.077,-0.512],[133.268,-0.636],[133.473,-0.726],[133.724,-0.741],[133.85,-0.731],[133.975,-0.744],[134.025,-0.77],[134.112,-0.847],[134.087,-0.897],[134.072,-1.002],[134.116,-1.102],[134.188,-1.203],[134.247,-1.311],[134.26,-1.363],[134.237,-1.474],[134.217,-1.529],[134.145,-1.621],[134.106,-1.721],[134.131,-1.845],[134.145,-1.969],[134.143,-2.083],[134.156,-2.195],[134.195,-2.309],[134.362,-2.621],[134.46,-2.832],[134.491,-2.714],[134.483,-2.583],[134.518,-2.536],[134.567,-2.51],[134.627,-2.537],[134.645,-2.59],[134.649,-2.706],[134.702,-2.934],[134.77,-2.944],[134.843,-2.909],[134.855,-2.979],[134.853,-3.108],[134.887,-3.21],[134.917,-3.25],[135.037,-3.333],[135.092,-3.349],[135.252,-3.369],[135.372,-3.375],[135.487,-3.345],[135.561,-3.269],[135.628,-3.186],[135.859,-2.995],[135.926,-2.904],[135.991,-2.764],[136.013,-2.734],[136.243,-2.583],[136.27,-2.529],[136.303,-2.426],[136.352,-2.325],[136.39,-2.273],[136.612,-2.224],[136.843,-2.198],[137.072,-2.105],[137.171,-2.025],[137.176,-1.973],[137.125,-1.881],[137.123,-1.841],[137.176,-1.802],[137.381,-1.686],[137.617,-1.566],[137.806,-1.483],[137.911,-1.484],[138.008,-1.557],[138.111,-1.616],[138.65,-1.791],[138.736,-1.846],[138.811,-1.918],[138.919,-1.968],[139.039,-1.992],[139.149,-2.039],[139.253,-2.099],[139.482,-2.212],[139.79,-2.348],[139.868,-2.356],[140.155,-2.35],[140.204,-2.376],[140.251,-2.412],[140.295,-2.42],[140.623,-2.446],[140.673,-2.472],[140.721,-2.508],[140.747,-2.607],[140.973,-2.61]]],[[[138.895,-8.389],[138.846,-8.402],[138.594,-8.371],[138.567,-8.33],[138.563,-8.309],[138.621,-8.268],[138.677,-8.199],[138.763,-8.173],[138.796,-8.174],[138.898,-8.338],[138.895,-8.389]]],[[[101.708,2.078],[101.762,1.997],[101.774,1.943],[101.734,1.883],[101.719,1.789],[101.603,1.716],[101.501,1.733],[101.468,1.759],[101.403,1.901],[101.41,2.022],[101.45,2.068],[101.545,2.061],[101.641,2.127],[101.708,2.078]]],[[[102.427,0.99],[102.381,0.96],[102.325,1.007],[102.28,1.076],[102.255,1.147],[102.234,1.264],[102.229,1.348],[102.256,1.397],[102.276,1.395],[102.359,1.346],[102.413,1.261],[102.443,1.234],[102.449,1.156],[102.429,1.067],[102.427,0.99]]],[[[102.492,1.459],[102.499,1.331],[102.425,1.364],[102.367,1.415],[102.274,1.453],[102.161,1.465],[102.079,1.499],[102.021,1.558],[102.018,1.586],[102.024,1.608],[102.042,1.625],[102.47,1.51],[102.492,1.459]]],[[[103.028,0.747],[103.009,0.708],[102.971,0.737],[102.776,0.78],[102.711,0.784],[102.542,0.832],[102.49,0.857],[102.454,0.89],[102.466,0.95],[102.491,0.987],[102.507,1.089],[102.549,1.13],[102.633,1.054],[102.726,0.989],[102.78,0.959],[102.944,0.893],[103.002,0.859],[103.028,0.747]]],[[[103.166,0.87],[103.137,0.842],[103.087,0.848],[103.033,0.882],[102.964,0.943],[102.886,0.997],[102.788,1.031],[102.726,1.041],[102.702,1.054],[102.726,1.159],[102.79,1.165],[102.999,1.068],[103.068,1.015],[103.166,0.87]]],[[[103.284,0.542],[103.172,0.536],[103.14,0.549],[103.153,0.643],[103.187,0.7],[103.238,0.699],[103.295,0.614],[103.284,0.542]]],[[[103.45,0.664],[103.43,0.651],[103.344,0.778],[103.366,0.851],[103.386,0.87],[103.433,0.825],[103.47,0.778],[103.497,0.723],[103.45,0.664]]],[[[104.025,1.181],[104.088,1.137],[104.14,1.166],[104.138,1.128],[104.127,1.092],[104.066,0.99],[103.964,1.013],[103.94,1.046],[103.932,1.071],[103.947,1.087],[103.955,1.137],[104.0,1.137],[104.025,1.181]]],[[[104.585,1.216],[104.591,1.141],[104.648,1.105],[104.663,1.05],[104.653,0.961],[104.599,0.859],[104.575,0.832],[104.504,0.853],[104.481,0.887],[104.471,0.913],[104.481,0.933],[104.429,0.956],[104.462,0.996],[104.439,1.05],[104.294,1.016],[104.252,1.015],[104.244,1.077],[104.25,1.103],[104.362,1.181],[104.428,1.196],[104.5,1.18],[104.585,1.216]]],[[[104.779,-0.176],[104.808,-0.192],[104.843,-0.141],[104.909,-0.212],[104.95,-0.247],[105.005,-0.283],[104.951,-0.284],[104.929,-0.317],[104.914,-0.323],[104.702,-0.209],[104.567,-0.246],[104.474,-0.212],[104.447,-0.189],[104.497,-0.126],[104.543,0.018],[104.636,-0.018],[104.658,-0.063],[104.653,-0.076],[104.713,-0.103],[104.779,-0.176]]],[[[104.474,-0.335],[104.568,-0.432],[104.59,-0.467],[104.544,-0.521],[104.507,-0.597],[104.485,-0.613],[104.414,-0.584],[104.363,-0.659],[104.33,-0.539],[104.257,-0.463],[104.302,-0.386],[104.319,-0.38],[104.341,-0.383],[104.364,-0.403],[104.474,-0.335]]],[[[103.737,-0.348],[103.606,-0.383],[103.461,-0.358],[103.479,-0.297],[103.549,-0.228],[103.611,-0.231],[103.724,-0.277],[103.764,-0.318],[103.737,-0.348]]],[[[109.71,-1.181],[109.511,-1.283],[109.464,-1.278],[109.428,-1.241],[109.45,-1.044],[109.476,-0.985],[109.615,-0.979],[109.7,-1.007],[109.743,-1.039],[109.761,-1.105],[109.751,-1.145],[109.71,-1.181]]],[[[113.845,-7.105],[113.826,-7.12],[113.656,-7.112],[113.546,-7.193],[113.471,-7.218],[113.198,-7.218],[113.166,-7.207],[113.142,-7.208],[113.127,-7.224],[113.04,-7.212],[112.764,-7.14],[112.726,-7.073],[112.769,-7.001],[112.868,-6.9],[113.067,-6.88],[113.975,-6.873],[114.074,-6.96],[114.083,-6.989],[113.885,-7.049],[113.845,-7.105]]],[[[134.965,-1.116],[134.917,-1.134],[134.862,-1.114],[134.809,-1.038],[134.828,-0.979],[134.889,-0.938],[134.941,-0.979],[134.957,-1.031],[134.996,-1.034],[134.965,-1.116]]],[[[127.25,-0.495],[127.187,-0.521],[127.119,-0.521],[127.104,-0.414],[127.126,-0.279],[127.19,-0.256],[127.29,-0.284],[127.253,-0.319],[127.281,-0.391],[127.25,-0.495]]],[[[127.567,-0.319],[127.682,-0.468],[127.605,-0.61],[127.659,-0.689],[127.804,-0.694],[127.838,-0.724],[127.863,-0.76],[127.88,-0.809],[127.842,-0.848],[127.761,-0.884],[127.668,-0.832],[127.643,-0.784],[127.624,-0.766],[127.498,-0.802],[127.463,-0.806],[127.438,-0.739],[127.469,-0.643],[127.381,-0.6],[127.3,-0.5],[127.297,-0.46],[127.329,-0.391],[127.325,-0.336],[127.371,-0.332],[127.455,-0.406],[127.492,-0.336],[127.527,-0.307],[127.567,-0.319]]],[[[132.926,-5.902],[132.845,-5.988],[132.922,-5.785],[132.938,-5.683],[133.009,-5.621],[133.115,-5.311],[133.138,-5.318],[133.173,-5.348],[133.12,-5.576],[132.971,-5.736],[132.926,-5.902]]],[[[132.807,-5.851],[132.746,-5.947],[132.705,-5.913],[132.681,-5.913],[132.667,-5.856],[132.681,-5.739],[132.63,-5.607],[132.698,-5.609],[132.717,-5.648],[132.738,-5.662],[132.804,-5.789],[132.807,-5.851]]],[[[128.276,-3.675],[128.25,-3.711],[128.192,-3.735],[128.143,-3.733],[128.159,-3.698],[128.147,-3.677],[128.111,-3.686],[128.052,-3.715],[127.978,-3.771],[127.934,-3.743],[127.925,-3.699],[127.928,-3.679],[128.016,-3.601],[128.119,-3.587],[128.264,-3.512],[128.329,-3.516],[128.314,-3.564],[128.291,-3.598],[128.277,-3.633],[128.276,-3.675]]],[[[126.817,4.033],[126.776,4.013],[126.711,4.02],[126.704,4.071],[126.77,4.162],[126.814,4.258],[126.767,4.283],[126.722,4.344],[126.721,4.416],[126.757,4.548],[126.812,4.537],[126.865,4.48],[126.887,4.373],[126.921,4.291],[126.848,4.18],[126.817,4.033]]],[[[125.658,3.436],[125.633,3.405],[125.512,3.461],[125.518,3.55],[125.501,3.593],[125.469,3.639],[125.455,3.684],[125.469,3.733],[125.543,3.67],[125.586,3.571],[125.644,3.477],[125.658,3.436]]],[[[130.862,-8.319],[130.775,-8.35],[130.833,-8.271],[131.02,-8.091],[131.087,-8.125],[131.176,-8.131],[131.044,-8.212],[130.908,-8.246],[130.862,-8.319]]],[[[129.839,-7.955],[129.78,-8.046],[129.713,-8.041],[129.592,-7.917],[129.599,-7.831],[129.609,-7.803],[129.655,-7.795],[129.813,-7.82],[129.844,-7.889],[129.839,-7.955]]],[[[127.823,-8.099],[127.998,-8.139],[128.099,-8.135],[128.119,-8.171],[128.024,-8.255],[127.821,-8.19],[127.786,-8.12],[127.823,-8.099]]],[[[130.353,-1.691],[130.365,-1.75],[130.425,-1.805],[130.404,-1.89],[130.381,-1.903],[130.393,-1.942],[130.419,-1.971],[130.373,-1.992],[130.339,-1.982],[130.284,-2.009],[130.248,-2.048],[130.133,-2.064],[130.093,-2.028],[129.887,-1.986],[129.754,-1.894],[129.738,-1.867],[129.994,-1.759],[130.106,-1.73],[130.2,-1.732],[130.318,-1.692],[130.353,-1.691]]],[[[102.367,-5.479],[102.286,-5.483],[102.136,-5.361],[102.111,-5.323],[102.154,-5.286],[102.198,-5.289],[102.372,-5.366],[102.405,-5.405],[102.367,-5.479]]],[[[100.425,-3.183],[100.465,-3.329],[100.346,-3.229],[100.348,-3.159],[100.332,-3.113],[100.26,-3.057],[100.204,-2.987],[100.179,-2.82],[100.199,-2.786],[100.246,-2.783],[100.455,-3.002],[100.469,-3.039],[100.464,-3.117],[100.434,-3.141],[100.425,-3.183]]],[[[100.204,-2.741],[100.133,-2.821],[100.015,-2.82],[99.992,-2.77],[99.997,-2.649],[99.968,-2.61],[99.969,-2.594],[99.988,-2.525],[100.012,-2.51],[100.202,-2.68],[100.204,-2.741]]],[[[99.843,-2.343],[99.848,-2.37],[99.685,-2.282],[99.607,-2.258],[99.537,-2.162],[99.559,-2.115],[99.562,-2.051],[99.572,-2.026],[99.622,-2.017],[99.686,-2.063],[99.735,-2.178],[99.816,-2.284],[99.843,-2.343]]],[[[98.459,-0.53],[98.4,-0.577],[98.31,-0.532],[98.34,-0.468],[98.355,-0.379],[98.409,-0.309],[98.427,-0.226],[98.323,-0.001],[98.375,0.007],[98.415,-0.018],[98.484,-0.168],[98.544,-0.258],[98.52,-0.38],[98.459,-0.53]]],[[[96.464,2.36],[96.401,2.351],[96.341,2.372],[96.29,2.43],[96.022,2.596],[95.938,2.598],[95.88,2.641],[95.809,2.656],[95.733,2.767],[95.717,2.826],[95.772,2.855],[95.806,2.916],[95.896,2.889],[95.998,2.781],[96.102,2.741],[96.13,2.721],[96.18,2.661],[96.417,2.515],[96.443,2.466],[96.459,2.416],[96.464,2.36]]],[[[122.043,-5.438],[121.98,-5.465],[121.859,-5.35],[121.808,-5.256],[121.821,-5.203],[121.857,-5.156],[121.874,-5.145],[121.866,-5.096],[121.914,-5.072],[121.966,-5.076],[122.0,-5.141],[122.041,-5.159],[122.062,-5.221],[122.043,-5.438]]],[[[123.212,-1.171],[123.234,-1.234],[123.198,-1.288],[123.238,-1.389],[123.339,-1.254],[123.435,-1.237],[123.489,-1.259],[123.527,-1.286],[123.547,-1.337],[123.512,-1.447],[123.449,-1.499],[123.367,-1.507],[123.329,-1.443],[123.275,-1.437],[123.237,-1.577],[123.221,-1.598],[123.173,-1.616],[123.13,-1.577],[123.123,-1.556],[123.183,-1.493],[123.15,-1.304],[123.105,-1.34],[122.984,-1.511],[122.89,-1.587],[122.858,-1.548],[122.811,-1.432],[122.832,-1.283],[122.908,-1.182],[122.972,-1.189],[123.158,-1.158],[123.212,-1.171]]],[[[121.864,-0.407],[121.907,-0.451],[121.881,-0.503],[121.847,-0.49],[121.756,-0.491],[121.722,-0.495],[121.681,-0.525],[121.655,-0.526],[121.672,-0.479],[121.749,-0.407],[121.797,-0.418],[121.864,-0.407]]],[[[120.528,-6.298],[120.487,-6.465],[120.468,-6.406],[120.461,-6.254],[120.436,-6.18],[120.452,-6.095],[120.446,-5.876],[120.477,-5.775],[120.534,-5.904],[120.549,-5.969],[120.528,-6.298]]],[[[115.377,-6.971],[115.296,-6.988],[115.22,-6.953],[115.222,-6.905],[115.241,-6.861],[115.354,-6.838],[115.414,-6.84],[115.479,-6.87],[115.524,-6.902],[115.546,-6.939],[115.424,-6.941],[115.377,-6.971]]],[[[116.303,-3.868],[116.093,-4.054],[116.059,-4.007],[116.077,-3.817],[116.018,-3.7],[116.022,-3.612],[116.064,-3.458],[116.117,-3.34],[116.239,-3.26],[116.27,-3.251],[116.262,-3.395],[116.287,-3.449],[116.295,-3.495],[116.282,-3.535],[116.305,-3.719],[116.319,-3.763],[116.289,-3.821],[116.303,-3.868]]],[[[122.949,-10.909],[122.856,-10.91],[122.826,-10.899],[122.818,-10.811],[122.846,-10.762],[123.061,-10.698],[123.146,-10.64],[123.265,-10.518],[123.34,-10.486],[123.358,-10.472],[123.371,-10.475],[123.383,-10.568],[123.413,-10.623],[123.418,-10.651],[123.311,-10.698],[123.215,-10.806],[123.005,-10.876],[122.949,-10.909]]],[[[124.287,-8.329],[124.226,-8.391],[124.184,-8.499],[124.147,-8.531],[124.066,-8.552],[124.017,-8.444],[123.928,-8.449],[123.971,-8.354],[124.014,-8.319],[124.069,-8.318],[124.096,-8.356],[124.111,-8.364],[124.24,-8.203],[124.266,-8.202],[124.287,-8.209],[124.304,-8.229],[124.287,-8.329]]],[[[123.925,-8.272],[123.784,-8.3],[123.698,-8.424],[123.629,-8.422],[123.592,-8.478],[123.583,-8.502],[123.588,-8.524],[123.58,-8.545],[123.553,-8.567],[123.489,-8.532],[123.434,-8.576],[123.411,-8.587],[123.33,-8.536],[123.253,-8.539],[123.23,-8.531],[123.325,-8.439],[123.455,-8.354],[123.476,-8.322],[123.425,-8.313],[123.395,-8.301],[123.391,-8.28],[123.473,-8.267],[123.53,-8.265],[123.573,-8.292],[123.601,-8.291],[123.776,-8.19],[123.846,-8.213],[123.896,-8.239],[123.925,-8.272]]],[[[123.317,-8.355],[123.297,-8.399],[123.025,-8.396],[123.033,-8.338],[123.108,-8.275],[123.133,-8.254],[123.217,-8.235],[123.336,-8.269],[123.317,-8.355]]],[[[134.716,-6.549],[134.661,-6.559],[134.634,-6.477],[134.679,-6.456],[134.729,-6.506],[134.716,-6.549]]],[[[103.424,1.048],[103.43,0.993],[103.363,1.007],[103.315,1.071],[103.355,1.117],[103.38,1.134],[103.405,1.073],[103.424,1.048]]],[[[103.829,0.801],[103.834,0.772],[103.742,0.83],[103.74,0.872],[103.752,0.891],[103.807,0.846],[103.829,0.801]]],[[[104.239,0.834],[104.177,0.805],[104.098,0.896],[104.101,0.917],[104.108,0.934],[104.123,0.944],[104.171,0.897],[104.227,0.88],[104.239,0.834]]],[[[104.689,0.06],[104.698,0.035],[104.651,0.063],[104.622,0.08],[104.604,0.095],[104.499,0.232],[104.544,0.223],[104.66,0.103],[104.689,0.06]]],[[[106.285,3.157],[106.284,3.088],[106.215,3.129],[106.201,3.205],[106.224,3.23],[106.271,3.216],[106.285,3.157]]],[[[105.76,2.863],[105.719,2.859],[105.706,2.889],[105.708,2.94],[105.704,2.981],[105.692,3.011],[105.692,3.062],[105.731,3.037],[105.76,3.013],[105.795,2.996],[105.822,2.984],[105.837,2.977],[105.809,2.904],[105.76,2.863]]],[[[108.888,2.905],[108.839,2.853],[108.787,2.886],[108.867,2.992],[108.886,2.999],[108.888,2.905]]],[[[108.953,-1.62],[108.838,-1.662],[108.804,-1.568],[108.877,-1.54],[108.957,-1.564],[108.953,-1.62]]],[[[107.473,-2.9],[107.433,-2.925],[107.409,-2.901],[107.402,-2.873],[107.419,-2.838],[107.474,-2.835],[107.5,-2.845],[107.473,-2.9]]],[[[106.886,-3.005],[106.87,-3.025],[106.814,-3.014],[106.774,-2.987],[106.749,-2.96],[106.743,-2.933],[106.797,-2.899],[106.911,-2.934],[106.886,-3.005]]],[[[114.413,-7.133],[114.398,-7.173],[114.347,-7.163],[114.299,-7.098],[114.322,-7.08],[114.349,-7.073],[114.384,-7.081],[114.413,-7.133]]],[[[112.719,-5.811],[112.698,-5.846],[112.602,-5.844],[112.586,-5.804],[112.649,-5.731],[112.69,-5.726],[112.727,-5.753],[112.719,-5.811]]],[[[105.253,-6.64],[105.19,-6.662],[105.143,-6.643],[105.121,-6.615],[105.192,-6.546],[105.226,-6.529],[105.261,-6.524],[105.277,-6.561],[105.253,-6.64]]],[[[97.334,2.076],[97.328,2.053],[97.225,2.158],[97.108,2.217],[97.157,2.232],[97.253,2.216],[97.291,2.201],[97.329,2.149],[97.334,2.076]]],[[[95.362,5.812],[95.343,5.784],[95.283,5.799],[95.218,5.89],[95.242,5.907],[95.283,5.898],[95.359,5.877],[95.366,5.843],[95.362,5.812]]],[[[123.598,-1.704],[123.529,-1.711],[123.483,-1.681],[123.487,-1.535],[123.529,-1.503],[123.549,-1.508],[123.561,-1.552],[123.582,-1.591],[123.616,-1.627],[123.598,-1.704]]],[[[123.242,-4.113],[123.145,-4.233],[123.076,-4.227],[122.995,-4.148],[122.971,-4.061],[122.969,-4.03],[123.025,-3.981],[123.212,-3.998],[123.247,-4.041],[123.242,-4.113]]],[[[123.848,-1.955],[123.866,-1.996],[123.804,-1.994],[123.777,-1.919],[123.783,-1.878],[123.848,-1.955]]],[[[123.153,-1.817],[123.079,-1.899],[123.071,-1.855],[123.086,-1.815],[123.106,-1.787],[123.138,-1.773],[123.153,-1.817]]],[[[119.464,-8.741],[119.425,-8.75],[119.386,-8.736],[119.402,-8.647],[119.379,-8.587],[119.42,-8.539],[119.43,-8.455],[119.446,-8.429],[119.471,-8.456],[119.482,-8.473],[119.502,-8.481],[119.547,-8.483],[119.557,-8.519],[119.555,-8.553],[119.536,-8.589],[119.483,-8.628],[119.444,-8.672],[119.464,-8.741]]],[[[119.074,-8.239],[119.03,-8.24],[119.021,-8.2],[119.037,-8.158],[119.079,-8.14],[119.098,-8.139],[119.128,-8.177],[119.135,-8.197],[119.107,-8.223],[119.074,-8.239]]],[[[115.61,-8.77],[115.582,-8.804],[115.501,-8.743],[115.48,-8.715],[115.541,-8.675],[115.561,-8.67],[115.613,-8.713],[115.61,-8.77]]],[[[117.649,4.169],[117.745,4.167],[117.885,4.186],[117.918,4.091],[117.923,4.054],[117.737,4.004],[117.625,4.121],[117.649,4.169]]],[[[117.658,3.281],[117.646,3.248],[117.56,3.328],[117.537,3.386],[117.548,3.432],[117.637,3.436],[117.681,3.408],[117.658,3.281]]],[[[124.051,-5.974],[124.042,-6.022],[124.006,-5.967],[123.972,-5.939],[123.976,-5.88],[124.023,-5.902],[124.051,-5.974]]],[[[123.627,-5.272],[123.623,-5.373],[123.583,-5.367],[123.55,-5.332],[123.541,-5.298],[123.543,-5.271],[123.561,-5.25],[123.627,-5.272]]],[[[120.774,-7.119],[120.672,-7.125],[120.641,-7.116],[120.633,-7.018],[120.746,-7.06],[120.782,-7.063],[120.774,-7.119]]],[[[117.556,-8.367],[117.534,-8.368],[117.49,-8.349],[117.506,-8.307],[117.482,-8.239],[117.491,-8.183],[117.546,-8.152],[117.665,-8.148],[117.669,-8.189],[117.556,-8.367]]],[[[116.424,-3.464],[116.388,-3.637],[116.327,-3.539],[116.395,-3.423],[116.427,-3.4],[116.424,-3.464]]],[[[127.373,0.791],[127.338,0.758],[127.306,0.769],[127.286,0.812],[127.293,0.842],[127.32,0.862],[127.354,0.847],[127.373,0.791]]],[[[134.374,-2.124],[134.345,-2.139],[134.335,-2.095],[134.351,-2.037],[134.37,-2.028],[134.391,-2.031],[134.419,-2.052],[134.374,-2.124]]],[[[133.571,-4.246],[133.622,-4.299],[133.503,-4.257],[133.333,-4.17],[133.321,-4.111],[133.464,-4.2],[133.571,-4.246]]],[[[130.905,-0.777],[130.88,-0.828],[130.832,-0.863],[130.402,-0.924],[130.439,-0.887],[130.457,-0.851],[130.484,-0.833],[130.527,-0.837],[130.548,-0.826],[130.57,-0.822],[130.594,-0.827],[130.635,-0.812],[130.723,-0.822],[130.813,-0.814],[130.807,-0.765],[130.905,-0.777]]],[[[130.627,-0.529],[130.569,-0.53],[130.465,-0.487],[130.526,-0.449],[130.564,-0.441],[130.597,-0.418],[130.616,-0.417],[130.657,-0.437],[130.684,-0.469],[130.627,-0.529]]],[[[129.549,-0.187],[129.506,-0.19],[129.469,-0.131],[129.37,-0.066],[129.309,0.045],[129.542,-0.139],[129.549,-0.187]]],[[[127.453,-0.006],[127.449,-0.037],[127.418,0.006],[127.397,0.017],[127.42,0.124],[127.431,0.143],[127.449,0.069],[127.453,-0.006]]],[[[127.42,0.642],[127.384,0.631],[127.374,0.635],[127.363,0.675],[127.383,0.744],[127.425,0.744],[127.443,0.733],[127.446,0.683],[127.42,0.642]]],[[[127.3,-0.781],[127.289,-0.802],[127.185,-0.775],[127.156,-0.761],[127.209,-0.619],[127.258,-0.623],[127.301,-0.758],[127.3,-0.781]]],[[[128.722,-3.547],[128.72,-3.589],[128.713,-3.603],[128.659,-3.588],[128.62,-3.589],[128.585,-3.512],[128.595,-3.495],[128.667,-3.517],[128.694,-3.525],[128.722,-3.547]]],[[[128.563,-3.585],[128.392,-3.638],[128.428,-3.54],[128.452,-3.515],[128.536,-3.541],[128.563,-3.585]]],[[[126.719,3.875],[126.722,3.833],[126.661,3.928],[126.638,4.042],[126.686,4.001],[126.74,3.918],[126.719,3.875]]],[[[126.852,3.768],[126.836,3.757],[126.8,3.784],[126.778,3.813],[126.779,3.843],[126.804,3.858],[126.857,3.812],[126.858,3.787],[126.852,3.768]]],[[[125.407,2.652],[125.397,2.63],[125.36,2.747],[125.391,2.805],[125.435,2.784],[125.446,2.763],[125.404,2.707],[125.407,2.652]]],[[[131.982,-7.202],[131.97,-7.251],[131.927,-7.225],[131.884,-7.167],[131.823,-7.159],[131.778,-7.144],[131.751,-7.117],[131.922,-7.104],[131.982,-7.202]]],[[[128.67,-7.183],[128.625,-7.209],[128.55,-7.156],[128.53,-7.135],[128.577,-7.083],[128.628,-7.069],[128.658,-7.091],[128.673,-7.113],[128.667,-7.138],[128.67,-7.183]]],[[[127.419,-7.623],[127.355,-7.646],[127.375,-7.572],[127.371,-7.513],[127.475,-7.531],[127.474,-7.579],[127.464,-7.597],[127.419,-7.623]]],[[[123.416,-10.303],[123.326,-10.338],[123.326,-10.264],[123.395,-10.171],[123.459,-10.14],[123.494,-10.177],[123.497,-10.194],[123.405,-10.227],[123.416,-10.303]]],[[[121.883,-10.59],[121.833,-10.602],[121.726,-10.573],[121.705,-10.556],[121.796,-10.507],[121.867,-10.439],[121.95,-10.433],[121.998,-10.447],[121.981,-10.528],[121.883,-10.59]]],[[[134.82,-6.434],[134.795,-6.442],[134.795,-6.393],[134.823,-6.35],[134.852,-6.325],[134.886,-6.324],[134.82,-6.434]]],[[[134.674,-6.75],[134.657,-6.765],[134.631,-6.733],[134.629,-6.713],[134.663,-6.658],[134.698,-6.626],[134.736,-6.623],[134.726,-6.669],[134.674,-6.75]]],[[[127.988,-2.937],[127.938,-3.02],[127.85,-3.016],[127.834,-3.004],[127.938,-2.952],[127.988,-2.937]]],[[[127.606,-3.315],[127.629,-3.359],[127.531,-3.331],[127.488,-3.288],[127.53,-3.262],[127.554,-3.254],[127.606,-3.315]]],[[[122.977,-8.545],[122.946,-8.604],[122.888,-8.587],[122.904,-8.531],[122.933,-8.497],[123.011,-8.448],[123.089,-8.44],[123.138,-8.457],[123.153,-8.476],[123.03,-8.495],[122.977,-8.545]]]]}},{"type":"Feature","properties":{"code":"IND","name":"India","continent":"Asia"},"geometry":{"type":"MultiPolygon","coordinates":[[[[68.165,23.857],[68.234,23.901],[68.283,23.928],[68.381,23.951],[68.489,23.967],[68.587,23.967],[68.724,23.965],[68.728,24.266],[68.74,24.292],[68.759,24.307],[68.781,24.314],[68.8,24.309],[68.828,24.264],[68.863,24.267],[68.901,24.292],[68.985,24.273],[69.052,24.286],[69.12,24.269],[69.235,24.268],[69.443,24.275],[69.559,24.273],[69.634,24.225],[69.716,24.173],[69.805,24.165],[69.934,24.171],[70.021,24.192],[70.065,24.241],[70.098,24.288],[70.289,24.356],[70.489,24.412],[70.547,24.418],[70.565,24.386],[70.556,24.331],[70.579,24.279],[70.659,24.246],[70.716,24.238],[70.767,24.245],[70.805,24.262],[70.886,24.344],[70.928,24.362],[70.983,24.361],[71.044,24.4],[71.045,24.43],[71.006,24.444],[70.973,24.487],[70.979,24.522],[70.97,24.572],[70.976,24.619],[71.002,24.654],[71.048,24.688],[71.021,24.758],[70.951,24.892],[70.878,25.063],[70.8,25.206],[70.703,25.331],[70.652,25.423],[70.657,25.626],[70.648,25.667],[70.615,25.692],[70.57,25.706],[70.506,25.685],[70.449,25.681],[70.325,25.686],[70.265,25.707],[70.1,25.91],[70.079,25.99],[70.078,26.072],[70.133,26.215],[70.149,26.348],[70.157,26.471],[70.148,26.506],[70.115,26.548],[70.059,26.579],[69.911,26.586],[69.736,26.627],[69.601,26.699],[69.507,26.743],[69.481,26.771],[69.47,26.804],[69.495,26.954],[69.537,27.123],[69.568,27.175],[69.622,27.228],[69.661,27.265],[69.725,27.313],[69.896,27.474],[70.05,27.695],[70.145,27.849],[70.194,27.895],[70.244,27.934],[70.318,27.982],[70.404,28.025],[70.489,28.023],[70.569,27.984],[70.629,27.937],[70.649,27.835],[70.692,27.769],[70.737,27.729],[70.798,27.71],[70.875,27.714],[71.185,27.832],[71.29,27.855],[71.543,27.87],[71.717,27.915],[71.87,27.962],[71.889,28.047],[71.948,28.177],[72.129,28.346],[72.179,28.422],[72.234,28.566],[72.292,28.697],[72.342,28.752],[72.626,28.896],[72.903,29.029],[72.949,29.089],[73.128,29.364],[73.231,29.551],[73.258,29.611],[73.317,29.773],[73.382,29.934],[73.467,29.972],[73.658,30.033],[73.809,30.093],[73.887,30.162],[73.933,30.222],[73.925,30.282],[73.883,30.352],[73.892,30.394],[73.899,30.435],[74.009,30.52],[74.216,30.769],[74.339,30.894],[74.38,30.893],[74.51,30.96],[74.633,31.035],[74.626,31.069],[74.61,31.113],[74.54,31.133],[74.518,31.186],[74.535,31.261],[74.594,31.465],[74.582,31.524],[74.51,31.713],[74.526,31.765],[74.556,31.819],[74.636,31.89],[74.739,31.949],[75.071,32.089],[75.139,32.105],[75.254,32.14],[75.325,32.215],[75.333,32.279],[75.303,32.319],[75.234,32.372],[75.104,32.42],[74.987,32.462],[74.789,32.458],[74.686,32.494],[74.658,32.519],[74.643,32.608],[74.663,32.758],[74.632,32.771],[74.588,32.753],[74.483,32.771],[74.355,32.769],[74.305,32.81],[74.33,32.861],[74.323,32.928],[74.304,32.992],[74.284,33.005],[74.222,33.02],[74.126,33.075],[74.049,33.143],[74.004,33.189],[73.99,33.221],[73.994,33.242],[74.05,33.301],[74.118,33.384],[74.143,33.455],[74.15,33.507],[74.131,33.545],[74.07,33.592],[74.004,33.632],[73.978,33.668],[73.976,33.721],[74.001,33.788],[74.078,33.839],[74.216,33.887],[74.251,33.946],[74.246,33.99],[74.209,34.003],[74.113,34.004],[73.95,34.019],[73.922,34.043],[73.904,34.076],[73.904,34.108],[73.938,34.145],[73.979,34.191],[73.972,34.237],[73.925,34.288],[73.81,34.325],[73.795,34.378],[73.812,34.422],[73.85,34.485],[73.883,34.529],[73.961,34.653],[74.056,34.681],[74.172,34.721],[74.3,34.765],[74.498,34.732],[74.594,34.716],[74.789,34.678],[74.952,34.646],[75.118,34.637],[75.188,34.639],[75.264,34.601],[75.453,34.537],[75.606,34.503],[75.709,34.503],[75.862,34.56],[75.938,34.613],[76.041,34.67],[76.172,34.668],[76.457,34.756],[76.51,34.741],[76.594,34.736],[76.696,34.787],[76.749,34.848],[76.758,34.878],[76.783,34.9],[76.892,34.939],[77.001,34.992],[77.031,35.062],[77.049,35.11],[77.169,35.172],[77.293,35.236],[77.423,35.303],[77.572,35.379],[77.697,35.443],[77.799,35.496],[77.803,35.493],[77.811,35.485],[77.852,35.461],[77.895,35.449],[77.946,35.472],[78.009,35.49],[78.043,35.48],[78.047,35.449],[78.009,35.307],[78.012,35.251],[78.076,35.135],[78.158,34.946],[78.236,34.77],[78.282,34.654],[78.327,34.606],[78.516,34.558],[78.671,34.518],[78.763,34.453],[78.865,34.39],[78.936,34.352],[78.97,34.303],[78.977,34.258],[78.971,34.228],[78.932,34.189],[78.753,34.088],[78.732,34.056],[78.727,34.013],[78.762,33.888],[78.784,33.809],[78.79,33.65],[78.802,33.5],[78.865,33.431],[78.917,33.387],[78.948,33.347],[79.013,33.291],[79.067,33.25],[79.112,33.226],[79.135,33.172],[79.122,33.108],[79.103,33.053],[79.109,33.023],[79.146,33.001],[79.202,32.946],[79.21,32.865],[79.206,32.809],[79.228,32.759],[79.234,32.703],[79.217,32.564],[79.219,32.508],[79.219,32.501],[79.17,32.497],[79.127,32.476],[79.067,32.388],[78.998,32.365],[78.919,32.358],[78.838,32.412],[78.771,32.468],[78.754,32.499],[78.737,32.558],[78.701,32.597],[78.632,32.579],[78.526,32.571],[78.412,32.558],[78.392,32.545],[78.39,32.52],[78.417,32.467],[78.441,32.397],[78.455,32.3],[78.486,32.236],[78.496,32.216],[78.678,32.023],[78.726,31.984],[78.735,31.958],[78.72,31.888],[78.687,31.806],[78.693,31.74],[78.754,31.668],[78.803,31.618],[78.755,31.55],[78.727,31.472],[78.759,31.437],[78.744,31.324],[78.758,31.302],[78.792,31.294],[78.845,31.302],[78.9,31.331],[78.946,31.337],[78.974,31.329],[79.011,31.414],[79.044,31.426],[79.107,31.403],[79.233,31.242],[79.339,31.106],[79.37,31.08],[79.388,31.064],[79.493,30.994],[79.565,30.949],[79.664,30.965],[79.795,30.968],[79.872,30.925],[79.917,30.894],[79.919,30.89],[79.925,30.889],[80.081,30.782],[80.149,30.79],[80.194,30.759],[80.207,30.684],[80.186,30.605],[80.191,30.568],[80.261,30.561],[80.41,30.509],[80.541,30.464],[80.609,30.449],[80.682,30.415],[80.747,30.36],[80.874,30.291],[80.985,30.237],[81.01,30.165],[80.966,30.18],[80.908,30.172],[80.848,30.14],[80.82,30.119],[80.684,29.994],[80.613,29.956],[80.549,29.9],[80.402,29.73],[80.317,29.572],[80.255,29.423],[80.256,29.318],[80.233,29.195],[80.17,29.124],[80.13,29.1],[80.085,28.994],[80.052,28.87],[80.071,28.83],[80.15,28.776],[80.227,28.723],[80.325,28.666],[80.419,28.612],[80.479,28.605],[80.496,28.636],[80.518,28.665],[80.587,28.65],[80.671,28.596],[80.726,28.554],[80.751,28.54],[80.896,28.469],[81.017,28.41],[81.169,28.335],[81.206,28.289],[81.239,28.241],[81.311,28.176],[81.486,28.062],[81.636,27.98],[81.757,27.914],[81.853,27.867],[81.897,27.874],[81.945,27.899],[81.988,27.914],[82.037,27.901],[82.112,27.865],[82.288,27.757],[82.451,27.672],[82.63,27.687],[82.677,27.673],[82.711,27.597],[82.733,27.519],[82.933,27.468],[83.064,27.445],[83.214,27.402],[83.29,27.371],[83.369,27.41],[83.384,27.445],[83.447,27.465],[83.552,27.456],[83.747,27.396],[83.829,27.378],[83.897,27.435],[84.025,27.462],[84.091,27.491],[84.23,27.428],[84.481,27.348],[84.61,27.299],[84.641,27.25],[84.655,27.204],[84.654,27.092],[84.685,27.041],[84.937,26.927],[85.02,26.879],[85.087,26.863],[85.125,26.861],[85.152,26.847],[85.174,26.782],[85.192,26.767],[85.24,26.75],[85.293,26.741],[85.456,26.797],[85.568,26.84],[85.648,26.829],[85.7,26.782],[85.707,26.713],[85.737,26.64],[85.795,26.604],[85.856,26.6],[86.007,26.649],[86.129,26.612],[86.242,26.598],[86.366,26.574],[86.414,26.556],[86.544,26.496],[86.701,26.435],[86.763,26.442],[87.016,26.555],[87.038,26.542],[87.09,26.433],[87.167,26.394],[87.287,26.36],[87.414,26.423],[87.513,26.405],[87.633,26.399],[87.749,26.429],[87.849,26.437],[87.995,26.382],[88.027,26.395],[88.055,26.43],[88.112,26.586],[88.162,26.725],[88.157,26.807],[88.111,26.928],[87.993,27.086],[87.984,27.134],[88.024,27.409],[88.068,27.567],[88.106,27.642],[88.147,27.749],[88.154,27.799],[88.15,27.843],[88.11,27.871],[88.099,27.905],[88.109,27.933],[88.141,27.949],[88.275,27.969],[88.426,28.012],[88.486,28.034],[88.532,28.057],[88.578,28.093],[88.621,28.092],[88.756,28.04],[88.804,28.007],[88.829,27.907],[88.849,27.869],[88.83,27.767],[88.749,27.522],[88.765,27.43],[88.833,27.363],[88.891,27.316],[88.882,27.297],[88.76,27.218],[88.739,27.176],[88.766,27.134],[88.814,27.099],[88.835,27.066],[88.858,26.961],[88.919,26.932],[89.041,26.865],[89.148,26.816],[89.332,26.849],[89.384,26.827],[89.475,26.803],[89.545,26.796],[89.586,26.779],[89.609,26.762],[89.606,26.741],[89.61,26.719],[89.711,26.714],[89.764,26.702],[89.943,26.724],[90.123,26.755],[90.206,26.848],[90.242,26.854],[90.346,26.89],[90.448,26.851],[90.56,26.797],[90.62,26.78],[90.74,26.772],[90.856,26.778],[91.134,26.803],[91.287,26.79],[91.427,26.867],[91.456,26.867],[91.518,26.807],[91.672,26.802],[91.754,26.831],[91.842,26.853],[91.899,26.86],[91.944,26.861],[91.998,26.855],[92.05,26.875],[92.073,26.915],[92.068,26.975],[92.031,27.041],[91.999,27.079],[91.992,27.1],[92.003,27.147],[92.031,27.214],[92.083,27.291],[92.045,27.365],[91.991,27.45],[91.951,27.458],[91.851,27.439],[91.743,27.443],[91.658,27.494],[91.595,27.558],[91.579,27.611],[91.598,27.677],[91.626,27.737],[91.632,27.76],[91.713,27.76],[91.825,27.746],[91.909,27.73],[91.978,27.73],[92.101,27.808],[92.158,27.812],[92.222,27.827],[92.25,27.842],[92.27,27.83],[92.341,27.821],[92.415,27.825],[92.481,27.846],[92.547,27.879],[92.664,27.949],[92.688,27.989],[92.688,28.026],[92.666,28.05],[92.643,28.062],[92.653,28.093],[92.702,28.147],[92.882,28.228],[93.035,28.328],[93.119,28.402],[93.158,28.493],[93.207,28.591],[93.252,28.629],[93.361,28.654],[93.665,28.69],[93.761,28.73],[93.902,28.803],[93.974,28.861],[94.013,28.908],[94.018,28.96],[94.112,28.976],[94.193,29.06],[94.293,29.145],[94.468,29.216],[94.623,29.312],[94.677,29.297],[94.733,29.252],[94.763,29.201],[94.769,29.176],[94.967,29.144],[94.999,29.149],[95.145,29.104],[95.279,29.05],[95.353,29.036],[95.389,29.037],[95.42,29.054],[95.457,29.102],[95.494,29.137],[95.517,29.151],[95.516,29.206],[95.71,29.314],[95.885,29.391],[96.035,29.447],[96.08,29.424],[96.129,29.381],[96.195,29.272],[96.235,29.246],[96.337,29.261],[96.356,29.249],[96.34,29.21],[96.271,29.161],[96.181,29.118],[96.122,29.082],[96.141,28.963],[96.137,28.923],[96.162,28.91],[96.347,29.027],[96.436,29.051],[96.467,29.022],[96.477,28.959],[96.55,28.83],[96.581,28.764],[96.396,28.607],[96.327,28.525],[96.33,28.497],[96.326,28.469],[96.279,28.428],[96.281,28.412],[96.32,28.387],[96.366,28.367],[96.389,28.368],[96.428,28.406],[96.603,28.46],[96.653,28.45],[96.776,28.367],[96.833,28.362],[96.981,28.338],[97.075,28.369],[97.145,28.34],[97.289,28.237],[97.322,28.218],[97.31,28.155],[97.303,28.086],[97.339,28.031],[97.344,27.982],[97.335,27.938],[97.306,27.907],[97.226,27.89],[97.158,27.837],[97.05,27.76],[96.963,27.698],[96.9,27.644],[96.877,27.587],[96.884,27.515],[96.902,27.44],[97.104,27.163],[97.102,27.115],[97.038,27.102],[96.953,27.133],[96.88,27.178],[96.798,27.296],[96.732,27.331],[96.666,27.339],[96.274,27.278],[96.191,27.261],[96.061,27.217],[95.971,27.128],[95.905,27.047],[95.837,27.014],[95.738,26.95],[95.464,26.756],[95.305,26.672],[95.201,26.641],[95.129,26.597],[95.089,26.525],[95.06,26.474],[95.051,26.347],[95.069,26.191],[95.108,26.091],[95.129,26.07],[95.132,26.041],[95.093,25.987],[95.041,25.941],[95.015,25.913],[94.992,25.77],[94.946,25.7],[94.861,25.597],[94.786,25.519],[94.668,25.459],[94.623,25.41],[94.58,25.32],[94.554,25.243],[94.553,25.216],[94.567,25.192],[94.616,25.165],[94.675,25.139],[94.704,25.098],[94.708,25.049],[94.663,24.931],[94.584,24.767],[94.493,24.638],[94.399,24.514],[94.377,24.474],[94.293,24.322],[94.22,24.113],[94.17,23.973],[94.128,23.876],[94.075,23.872],[94.011,23.903],[93.855,23.944],[93.756,23.977],[93.683,24.007],[93.633,24.005],[93.564,23.986],[93.494,23.973],[93.452,23.987],[93.356,24.074],[93.326,24.064],[93.307,24.022],[93.373,23.774],[93.415,23.682],[93.408,23.528],[93.391,23.339],[93.366,23.133],[93.349,23.085],[93.308,23.03],[93.254,23.015],[93.204,23.037],[93.164,23.032],[93.151,22.997],[93.162,22.908],[93.114,22.806],[93.079,22.718],[93.088,22.633],[93.105,22.547],[93.162,22.36],[93.162,22.292],[93.151,22.231],[93.121,22.205],[93.071,22.209],[93.043,22.184],[93.022,22.146],[92.965,22.004],[92.909,21.989],[92.854,22.01],[92.771,22.105],[92.721,22.132],[92.689,22.131],[92.675,22.106],[92.653,22.049],[92.63,22.011],[92.575,21.978],[92.561,22.048],[92.532,22.41],[92.51,22.526],[92.491,22.685],[92.464,22.734],[92.43,22.822],[92.393,22.897],[92.362,22.929],[92.341,23.07],[92.334,23.242],[92.334,23.324],[92.289,23.492],[92.246,23.684],[92.187,23.676],[92.152,23.722],[92.127,23.721],[92.044,23.678],[91.979,23.692],[91.93,23.686],[91.929,23.598],[91.938,23.505],[91.919,23.471],[91.79,23.361],[91.754,23.287],[91.758,23.21],[91.774,23.106],[91.751,23.054],[91.695,23.005],[91.62,22.98],[91.554,22.992],[91.511,23.034],[91.471,23.141],[91.436,23.2],[91.399,23.214],[91.371,23.198],[91.367,23.13],[91.369,23.075],[91.359,23.068],[91.339,23.077],[91.315,23.104],[91.254,23.374],[91.166,23.581],[91.16,23.661],[91.192,23.763],[91.232,23.92],[91.336,24.019],[91.35,24.06],[91.367,24.094],[91.393,24.1],[91.526,24.091],[91.571,24.107],[91.611,24.153],[91.669,24.19],[91.727,24.205],[91.772,24.211],[91.846,24.175],[91.877,24.195],[91.899,24.261],[91.931,24.326],[91.952,24.357],[92.001,24.371],[92.064,24.374],[92.085,24.386],[92.102,24.408],[92.117,24.494],[92.198,24.686],[92.227,24.771],[92.231,24.786],[92.228,24.881],[92.251,24.895],[92.385,24.849],[92.443,24.849],[92.475,24.869],[92.485,24.903],[92.468,24.944],[92.373,25.015],[92.205,25.111],[92.05,25.169],[91.763,25.161],[91.48,25.142],[91.397,25.152],[91.293,25.178],[91.038,25.174],[90.73,25.159],[90.613,25.168],[90.555,25.167],[90.439,25.158],[90.25,25.185],[90.12,25.22],[90.004,25.258],[89.866,25.293],[89.833,25.293],[89.814,25.305],[89.801,25.336],[89.796,25.376],[89.825,25.56],[89.8,25.84],[89.823,25.941],[89.71,26.171],[89.671,26.214],[89.619,26.216],[89.586,26.186],[89.573,26.132],[89.591,26.072],[89.55,26.005],[89.467,25.984],[89.37,26.006],[89.289,26.038],[89.186,26.106],[89.108,26.202],[89.102,26.308],[89.067,26.377],[89.019,26.41],[88.983,26.42],[88.952,26.412],[88.924,26.375],[88.948,26.338],[88.982,26.286],[88.97,26.251],[88.941,26.245],[88.896,26.26],[88.828,26.252],[88.762,26.279],[88.722,26.282],[88.683,26.292],[88.681,26.353],[88.62,26.431],[88.518,26.518],[88.418,26.572],[88.37,26.564],[88.346,26.505],[88.351,26.483],[88.386,26.472],[88.437,26.437],[88.448,26.401],[88.44,26.369],[88.378,26.312],[88.334,26.258],[88.235,26.178],[88.151,26.087],[88.129,26.018],[88.097,25.956],[88.085,25.888],[88.107,25.841],[88.147,25.811],[88.253,25.79],[88.363,25.698],[88.452,25.574],[88.502,25.537],[88.593,25.495],[88.769,25.49],[88.795,25.456],[88.82,25.366],[88.855,25.334],[88.944,25.291],[88.952,25.259],[88.93,25.223],[88.89,25.194],[88.817,25.176],[88.748,25.169],[88.678,25.18],[88.574,25.188],[88.456,25.188],[88.373,24.962],[88.313,24.882],[88.279,24.882],[88.189,24.921],[88.15,24.915],[88.045,24.713],[88.03,24.664],[88.023,24.628],[88.079,24.55],[88.146,24.486],[88.225,24.461],[88.287,24.48],[88.338,24.454],[88.397,24.389],[88.499,24.347],[88.642,24.326],[88.724,24.275],[88.734,24.231],[88.727,24.186],[88.714,24.07],[88.7,24.003],[88.623,23.826],[88.567,23.674],[88.596,23.602],[88.616,23.573],[88.636,23.55],[88.698,23.493],[88.741,23.437],[88.704,23.293],[88.724,23.255],[88.808,23.23],[88.897,23.21],[88.928,23.187],[88.851,23.041],[88.867,22.939],[88.9,22.844],[88.923,22.688],[88.927,22.671],[88.921,22.632],[88.971,22.511],[89.05,22.275],[89.056,22.186],[89.051,22.093],[89.028,21.937],[88.949,21.938],[89.02,21.834],[89.042,21.759],[89.052,21.654],[88.967,21.641],[88.907,21.653],[88.858,21.745],[88.834,21.661],[88.745,21.584],[88.713,21.622],[88.695,21.662],[88.691,21.733],[88.74,22.005],[88.73,22.036],[88.708,22.056],[88.66,22.067],[88.642,22.122],[88.567,21.832],[88.6,21.714],[88.585,21.66],[88.446,21.614],[88.305,21.723],[88.287,21.758],[88.279,21.697],[88.254,21.622],[88.122,21.636],[88.057,21.694],[88.099,21.794],[88.181,22.033],[88.196,22.14],[88.087,22.218],[87.994,22.266],[87.941,22.374],[87.962,22.255],[88.011,22.213],[88.083,22.183],[88.159,22.122],[88.104,22.047],[88.051,22.001],[87.948,21.825],[87.824,21.727],[87.678,21.654],[87.201,21.545],[87.101,21.501],[86.954,21.365],[86.86,21.237],[86.842,21.106],[86.896,20.966],[86.939,20.745],[86.975,20.7],[86.925,20.62],[86.836,20.534],[86.763,20.419],[86.769,20.356],[86.75,20.313],[86.499,20.172],[86.446,20.089],[86.377,20.007],[86.294,20.054],[86.245,20.053],[86.312,19.988],[86.303,19.945],[86.279,19.919],[86.216,19.896],[85.853,19.792],[85.575,19.693],[85.497,19.697],[85.511,19.727],[85.56,19.753],[85.555,19.867],[85.504,19.888],[85.46,19.896],[85.249,19.758],[85.163,19.621],[85.181,19.595],[85.229,19.601],[85.371,19.679],[85.437,19.657],[85.442,19.627],[85.226,19.508],[84.771,19.125],[84.75,19.05],[84.691,18.965],[84.609,18.884],[84.463,18.69],[84.182,18.401],[84.104,18.293],[83.654,18.07],[83.572,18.004],[83.388,17.787],[83.198,17.609],[82.977,17.462],[82.593,17.274],[82.36,17.096],[82.287,16.978],[82.282,16.936],[82.307,16.879],[82.35,16.825],[82.36,16.783],[82.339,16.707],[82.327,16.664],[82.259,16.56],[82.142,16.485],[81.762,16.329],[81.712,16.334],[81.402,16.365],[81.286,16.337],[81.239,16.264],[81.132,15.962],[81.03,15.881],[80.993,15.809],[80.979,15.758],[80.918,15.76],[80.865,15.782],[80.826,15.766],[80.782,15.867],[80.708,15.888],[80.647,15.895],[80.385,15.793],[80.293,15.711],[80.101,15.324],[80.053,15.074],[80.099,14.798],[80.165,14.578],[80.179,14.478],[80.17,14.349],[80.136,14.287],[80.112,14.212],[80.144,14.059],[80.224,13.858],[80.244,13.773],[80.246,13.686],[80.307,13.485],[80.266,13.521],[80.233,13.606],[80.156,13.714],[80.062,13.606],[80.114,13.529],[80.29,13.437],[80.342,13.361],[80.229,12.69],[80.143,12.452],[80.037,12.296],[79.982,12.235],[79.858,11.989],[79.771,11.69],[79.754,11.575],[79.793,11.447],[79.749,11.371],[79.693,11.313],[79.799,11.339],[79.835,11.269],[79.849,11.197],[79.85,10.769],[79.838,10.323],[79.757,10.304],[79.667,10.3],[79.589,10.312],[79.532,10.33],[79.391,10.306],[79.315,10.257],[79.254,10.175],[79.258,10.035],[78.996,9.683],[78.94,9.566],[78.919,9.453],[78.953,9.394],[79.02,9.333],[79.107,9.309],[79.275,9.285],[79.356,9.252],[79.411,9.192],[79.213,9.256],[78.98,9.269],[78.421,9.105],[78.275,8.99],[78.192,8.891],[78.136,8.663],[78.126,8.511],[78.06,8.385],[77.77,8.19],[77.587,8.13],[77.518,8.078],[77.301,8.145],[77.066,8.316],[76.967,8.407],[76.617,8.847],[76.553,8.903],[76.483,9.091],[76.472,9.161],[76.452,9.189],[76.419,9.208],[76.403,9.237],[76.325,9.452],[76.292,9.676],[76.242,9.927],[76.285,9.91],[76.343,9.827],[76.372,9.707],[76.376,9.54],[76.42,9.52],[76.459,9.536],[76.346,9.922],[76.249,10.018],[76.223,10.024],[76.196,10.086],[76.193,10.164],[76.201,10.201],[76.123,10.327],[76.096,10.402],[75.923,10.784],[75.845,11.058],[75.724,11.362],[75.646,11.468],[75.525,11.703],[75.423,11.812],[75.315,11.958],[75.23,12.023],[75.197,12.058],[74.946,12.565],[74.868,12.845],[74.803,12.977],[74.771,13.077],[74.682,13.507],[74.682,13.584],[74.671,13.668],[74.608,13.85],[74.499,14.046],[74.467,14.169],[74.467,14.217],[74.397,14.407],[74.382,14.495],[74.335,14.575],[74.28,14.65],[74.223,14.709],[74.089,14.902],[74.041,14.949],[73.949,15.075],[73.884,15.306],[73.801,15.397],[73.932,15.397],[73.852,15.482],[73.814,15.539],[73.772,15.573],[73.833,15.659],[73.733,15.657],[73.68,15.709],[73.608,15.871],[73.476,16.054],[73.454,16.152],[73.338,16.46],[73.239,17.199],[73.149,17.527],[73.156,17.622],[73.047,17.907],[72.994,18.098],[72.972,18.259],[72.943,18.366],[72.917,18.576],[72.875,18.643],[72.871,18.683],[72.899,18.779],[72.977,18.927],[73.006,19.021],[72.972,19.153],[72.901,19.015],[72.835,18.976],[72.803,19.079],[72.803,19.219],[72.795,19.252],[72.812,19.299],[72.987,19.277],[72.788,19.363],[72.764,19.413],[72.756,19.451],[72.799,19.52],[72.727,19.578],[72.697,19.757],[72.676,19.798],[72.668,19.831],[72.709,20.078],[72.881,20.563],[72.894,20.673],[72.879,20.829],[72.841,20.952],[72.824,21.084],[72.814,21.117],[72.752,21.129],[72.692,21.178],[72.624,21.372],[72.687,21.436],[72.735,21.471],[72.668,21.456],[72.613,21.462],[72.718,21.551],[72.811,21.62],[73.022,21.7],[73.112,21.75],[72.979,21.705],[72.84,21.687],[72.543,21.697],[72.592,21.878],[72.644,21.938],[72.7,21.972],[72.617,21.962],[72.522,21.976],[72.553,22.16],[72.628,22.2],[72.709,22.207],[72.809,22.233],[72.702,22.264],[72.59,22.278],[72.456,22.248],[72.333,22.27],[72.183,22.27],[72.243,22.245],[72.306,22.189],[72.274,22.09],[72.244,22.028],[72.162,21.985],[72.094,21.92],[72.076,21.863],[72.037,21.823],[72.103,21.795],[72.171,21.774],[72.21,21.728],[72.257,21.661],[72.254,21.531],[72.077,21.224],[72.015,21.156],[71.571,20.971],[71.396,20.87],[71.025,20.739],[70.88,20.715],[70.719,20.74],[70.485,20.84],[70.127,21.095],[70.034,21.179],[69.748,21.506],[69.542,21.679],[69.385,21.84],[69.192,21.992],[69.009,22.197],[68.97,22.29],[68.983,22.385],[69.052,22.437],[69.131,22.416],[69.194,22.336],[69.239,22.3],[69.277,22.285],[69.549,22.408],[69.655,22.404],[69.728,22.465],[69.819,22.452],[70.006,22.548],[70.084,22.554],[70.177,22.573],[70.328,22.816],[70.44,22.97],[70.513,23.002],[70.509,23.04],[70.489,23.09],[70.435,23.077],[70.396,23.03],[70.368,22.973],[70.339,22.94],[70.251,22.971],[70.192,22.966],[70.118,22.947],[69.85,22.856],[69.74,22.775],[69.665,22.759],[69.236,22.849],[68.817,23.054],[68.641,23.19],[68.529,23.364],[68.417,23.571],[68.454,23.629],[68.627,23.754],[68.777,23.852],[68.642,23.808],[68.497,23.748],[68.425,23.706],[68.343,23.617],[68.235,23.597],[68.192,23.729],[68.165,23.857]]],[[[93.89,6.831],[93.829,6.749],[93.709,7.001],[93.658,7.016],[93.656,7.136],[93.684,7.184],[93.822,7.237],[93.859,7.207],[93.93,6.973],[93.89,6.831]]],[[[93.734,7.356],[93.638,7.262],[93.597,7.319],[93.614,7.358],[93.655,7.38],[93.692,7.411],[93.734,7.356]]],[[[93.141,8.25],[93.171,8.212],[93.115,8.219],[93.064,8.275],[93.078,8.328],[93.097,8.349],[93.141,8.25]]],[[[93.443,7.878],[93.365,7.877],[93.342,7.919],[93.309,7.964],[93.334,8.007],[93.375,8.018],[93.434,7.948],[93.447,7.899],[93.443,7.878]]],[[[93.537,8.057],[93.49,8.019],[93.478,8.024],[93.472,8.053],[93.47,8.073],[93.461,8.109],[93.456,8.172],[93.494,8.225],[93.532,8.214],[93.512,8.16],[93.537,8.057]]],[[[92.787,9.137],[92.744,9.131],[92.717,9.165],[92.713,9.205],[92.739,9.231],[92.762,9.244],[92.786,9.241],[92.809,9.173],[92.787,9.137]]],[[[92.503,10.555],[92.473,10.521],[92.37,10.547],[92.377,10.651],[92.353,10.751],[92.371,10.794],[92.448,10.866],[92.51,10.897],[92.554,10.8],[92.574,10.704],[92.503,10.555]]],[[[92.693,11.381],[92.645,11.361],[92.596,11.386],[92.634,11.427],[92.64,11.509],[92.69,11.463],[92.687,11.411],[92.693,11.381]]],[[[92.723,11.536],[92.701,11.513],[92.668,11.539],[92.576,11.718],[92.56,11.833],[92.534,11.873],[92.567,11.931],[92.608,11.95],[92.632,12.014],[92.641,12.112],[92.676,12.192],[92.695,12.215],[92.769,12.216],[92.788,12.226],[92.778,12.303],[92.734,12.336],[92.719,12.357],[92.721,12.541],[92.732,12.616],[92.759,12.669],[92.74,12.78],[92.753,12.821],[92.807,12.879],[92.831,13.003],[92.809,13.04],[92.86,13.231],[92.857,13.358],[92.925,13.486],[93.029,13.544],[93.062,13.545],[93.067,13.436],[93.077,13.401],[93.016,13.336],[93.074,13.252],[93.066,13.222],[93.043,13.155],[93.005,13.089],[92.951,13.062],[92.91,12.975],[92.886,12.942],[92.965,12.85],[92.99,12.539],[92.933,12.453],[92.864,12.436],[92.879,12.228],[92.867,12.181],[92.799,12.079],[92.786,12.035],[92.748,11.993],[92.764,11.94],[92.797,11.918],[92.798,11.875],[92.767,11.765],[92.765,11.639],[92.723,11.536]]],[[[93.017,12.037],[93.062,11.899],[92.982,11.959],[92.955,12.002],[92.996,12.032],[93.017,12.037]]],[[[92.718,12.865],[92.686,12.8],[92.68,12.939],[92.694,12.957],[92.711,12.962],[92.731,12.949],[92.718,12.865]]],[[[72.78,11.202],[72.773,11.196],[72.772,11.214],[72.782,11.243],[72.793,11.263],[72.796,11.26],[72.793,11.242],[72.788,11.216],[72.78,11.202]]],[[[73.067,8.269],[73.053,8.257],[73.039,8.252],[73.029,8.254],[73.023,8.266],[73.026,8.275],[73.039,8.265],[73.056,8.275],[73.075,8.306],[73.079,8.317],[73.084,8.311],[73.08,8.293],[73.067,8.269]]]]}},{"type":"Feature","properties":{"code":"GNB","name":"Guinea-Bissau","continent":"Africa"},"geometry":{"type":"MultiPolygon","coordinates":[[[[-16.712,12.355],[-16.657,12.364],[-16.521,12.349],[-16.416,12.368],[-16.342,12.4],[-16.242,12.443],[-16.144,12.457],[-15.84,12.438],[-15.575,12.49],[-15.378,12.589],[-15.196,12.68],[-14.961,12.679],[-14.708,12.678],[-14.349,12.676],[-14.065,12.675],[-13.729,12.674],[-13.733,12.593],[-13.674,12.479],[-13.682,12.393],[-13.708,12.313],[-13.73,12.281],[-13.76,12.262],[-13.849,12.263],[-13.887,12.247],[-13.947,12.215],[-13.949,12.178],[-13.901,12.143],[-13.862,12.093],[-13.816,12.054],[-13.738,12.01],[-13.731,11.96],[-13.729,11.834],[-13.733,11.736],[-13.953,11.665],[-14.122,11.652],[-14.266,11.66],[-14.328,11.63],[-14.452,11.556],[-14.605,11.512],[-14.683,11.508],[-14.72,11.482],[-14.779,11.406],[-14.944,11.072],[-14.999,10.992],[-15.043,10.94],[-15.094,11.011],[-15.055,11.142],[-15.097,11.14],[-15.181,11.034],[-15.222,11.031],[-15.217,11.156],[-15.263,11.161],[-15.317,11.152],[-15.393,11.217],[-15.401,11.266],[-15.395,11.334],[-15.348,11.378],[-15.355,11.396],[-15.399,11.401],[-15.449,11.39],[-15.479,11.41],[-15.429,11.499],[-15.253,11.573],[-15.164,11.581],[-15.073,11.598],[-15.122,11.662],[-15.23,11.687],[-15.317,11.669],[-15.36,11.623],[-15.413,11.615],[-15.502,11.724],[-15.5,11.778],[-15.467,11.843],[-15.416,11.872],[-15.211,11.871],[-15.133,11.907],[-15.102,11.914],[-15.072,11.947],[-15.078,11.969],[-15.112,11.97],[-15.188,11.927],[-15.435,11.944],[-15.513,11.918],[-15.651,11.818],[-15.819,11.763],[-15.942,11.787],[-15.903,11.92],[-15.92,11.938],[-15.959,11.96],[-16.138,11.917],[-16.274,11.978],[-16.328,12.052],[-16.319,12.144],[-16.255,12.206],[-16.245,12.237],[-16.312,12.243],[-16.437,12.204],[-16.712,12.355]]],[[[-16.115,11.059],[-16.195,11.045],[-16.231,11.094],[-16.236,11.113],[-16.195,11.13],[-16.176,11.131],[-16.144,11.167],[-16.105,11.191],[-16.087,11.199],[-16.067,11.197],[-16.053,11.118],[-16.072,11.084],[-16.115,11.059]]],[[[-15.896,11.082],[-15.905,11.055],[-15.964,11.059],[-15.951,11.087],[-15.963,11.095],[-15.946,11.18],[-15.938,11.193],[-15.909,11.161],[-15.905,11.148],[-15.896,11.082]]],[[[-15.725,11.215],[-15.725,11.175],[-15.767,11.182],[-15.78,11.195],[-15.755,11.269],[-15.717,11.302],[-15.672,11.296],[-15.658,11.286],[-15.667,11.258],[-15.687,11.234],[-15.725,11.215]]],[[[-15.553,11.537],[-15.563,11.514],[-15.62,11.533],[-15.537,11.618],[-15.482,11.632],[-15.484,11.568],[-15.526,11.554],[-15.553,11.537]]],[[[-15.902,11.466],[-15.949,11.434],[-15.997,11.449],[-16.023,11.477],[-16.019,11.527],[-15.965,11.598],[-15.915,11.589],[-15.902,11.466]]],[[[-15.986,11.882],[-16.038,11.76],[-16.102,11.773],[-16.147,11.846],[-16.152,11.877],[-16.022,11.887],[-15.986,11.882]]]]}},{"type":"Feature","properties":{"code":"GIN","name":"Guinea","continent":"Africa"},"geometry":{"type":"Polygon","coordinates":[[[-10.283,8.485],[-10.36,8.496],[-10.394,8.481],[-10.496,8.362],[-10.558,8.316],[-10.604,8.319],[-10.653,8.33],[-10.687,8.322],[-10.712,8.335],[-10.702,8.364],[-10.677,8.401],[-10.628,8.53],[-10.503,8.66],[-10.501,8.688],[-10.552,8.764],[-10.606,8.868],[-10.606,8.979],[-10.616,9.059],[-10.727,9.082],[-10.747,9.095],[-10.75,9.122],[-10.721,9.194],[-10.688,9.261],[-10.683,9.289],[-10.691,9.314],[-10.759,9.385],[-10.865,9.516],[-10.963,9.662],[-11.047,9.786],[-11.116,9.843],[-11.181,9.925],[-11.206,9.978],[-11.274,9.997],[-11.472,9.995],[-11.71,9.994],[-11.911,9.993],[-11.923,9.923],[-12.142,9.875],[-12.278,9.93],[-12.428,9.898],[-12.501,9.862],[-12.524,9.787],[-12.558,9.705],[-12.59,9.671],[-12.604,9.634],[-12.622,9.601],[-12.652,9.562],[-12.684,9.484],[-12.756,9.374],[-12.831,9.302],[-12.959,9.263],[-12.999,9.147],[-13.028,9.104],[-13.077,9.07],[-13.13,9.048],[-13.178,9.061],[-13.234,9.07],[-13.293,9.049],[-13.303,9.078],[-13.269,9.171],[-13.296,9.219],[-13.396,9.314],[-13.406,9.361],[-13.436,9.42],[-13.568,9.543],[-13.691,9.536],[-13.657,9.639],[-13.659,9.776],[-13.7,9.851],[-13.69,9.928],[-13.713,9.923],[-13.754,9.87],[-13.82,9.887],[-13.955,9.969],[-14.022,10.048],[-14.03,10.115],[-14.045,10.141],[-14.086,10.127],[-14.17,10.129],[-14.427,10.248],[-14.61,10.55],[-14.614,10.618],[-14.587,10.735],[-14.594,10.767],[-14.677,10.689],[-14.693,10.741],[-14.757,10.862],[-14.776,10.932],[-14.837,10.963],[-14.887,10.968],[-14.925,10.945],[-14.975,10.803],[-15.012,10.804],[-15.051,10.835],[-15.043,10.94],[-14.999,10.992],[-14.944,11.072],[-14.779,11.406],[-14.72,11.482],[-14.683,11.508],[-14.605,11.512],[-14.452,11.556],[-14.328,11.63],[-14.266,11.66],[-14.122,11.652],[-13.953,11.665],[-13.733,11.736],[-13.729,11.834],[-13.731,11.96],[-13.738,12.01],[-13.816,12.054],[-13.862,12.093],[-13.901,12.143],[-13.949,12.178],[-13.947,12.215],[-13.887,12.247],[-13.849,12.263],[-13.76,12.262],[-13.73,12.281],[-13.708,12.313],[-13.682,12.393],[-13.674,12.479],[-13.733,12.593],[-13.729,12.674],[-13.406,12.662],[-13.373,12.654],[-13.228,12.64],[-13.138,12.64],[-13.083,12.634],[-13.06,12.615],[-13.064,12.581],[-13.08,12.536],[-13.061,12.49],[-13.012,12.478],[-12.986,12.492],[-12.961,12.514],[-12.931,12.532],[-12.888,12.52],[-12.797,12.452],[-12.713,12.433],[-12.621,12.396],[-12.534,12.376],[-12.457,12.378],[-12.399,12.34],[-12.291,12.328],[-12.152,12.377],[-12.042,12.398],[-11.889,12.403],[-11.808,12.387],[-11.574,12.426],[-11.457,12.418],[-11.389,12.404],[-11.418,12.378],[-11.448,12.319],[-11.475,12.247],[-11.502,12.199],[-11.492,12.167],[-11.415,12.104],[-11.305,12.015],[-11.261,12.004],[-11.21,12.025],[-11.129,12.095],[-11.066,12.171],[-11.005,12.208],[-10.933,12.205],[-10.876,12.152],[-10.806,12.034],[-10.743,11.927],[-10.735,11.916],[-10.709,11.899],[-10.677,11.899],[-10.644,11.926],[-10.619,11.941],[-10.59,11.99],[-10.466,12.139],[-10.373,12.18],[-10.34,12.19],[-10.275,12.213],[-10.167,12.177],[-10.011,12.116],[-9.821,12.042],[-9.754,12.03],[-9.715,12.042],[-9.658,12.143],[-9.588,12.182],[-9.487,12.229],[-9.405,12.252],[-9.358,12.255],[-9.34,12.283],[-9.332,12.324],[-9.341,12.366],[-9.394,12.442],[-9.395,12.465],[-9.365,12.479],[-9.3,12.49],[-9.216,12.483],[-9.12,12.45],[-9.043,12.402],[-8.999,12.346],[-8.951,12.226],[-8.914,12.109],[-8.818,11.923],[-8.82,11.807],[-8.822,11.673],[-8.78,11.648],[-8.733,11.637],[-8.711,11.618],[-8.665,11.515],[-8.621,11.485],[-8.569,11.478],[-8.471,11.412],[-8.407,11.386],[-8.399,11.367],[-8.401,11.339],[-8.425,11.305],[-8.464,11.281],[-8.52,11.236],[-8.567,11.177],[-8.664,11.036],[-8.667,11.009],[-8.646,10.99],[-8.606,10.987],[-8.564,10.997],[-8.475,11.048],[-8.404,11.03],[-8.337,10.991],[-8.313,10.95],[-8.306,10.896],[-8.322,10.827],[-8.324,10.75],[-8.302,10.618],[-8.267,10.486],[-8.231,10.438],[-8.007,10.322],[-7.986,10.278],[-7.974,10.23],[-7.991,10.162],[-8.014,10.125],[-8.078,10.067],[-8.137,10.022],[-8.155,9.973],[-8.146,9.882],[-8.146,9.675],[-8.137,9.496],[-8.089,9.431],[-8.031,9.398],[-7.963,9.404],[-7.896,9.416],[-7.9,9.309],[-7.918,9.189],[-7.839,9.152],[-7.8,9.115],[-7.778,9.081],[-7.902,9.017],[-7.938,8.98],[-7.955,8.879],[-7.951,8.787],[-7.784,8.721],[-7.72,8.643],[-7.691,8.562],[-7.681,8.41],[-7.696,8.376],[-7.739,8.375],[-7.787,8.422],[-7.824,8.468],[-7.869,8.468],[-7.953,8.478],[-8.049,8.495],[-8.168,8.491],[-8.21,8.483],[-8.237,8.456],[-8.244,8.408],[-8.256,8.254],[-8.217,8.22],[-8.141,8.181],[-8.091,8.165],[-8.049,8.17],[-8.017,8.145],[-8.01,8.079],[-8.032,8.03],[-8.074,7.984],[-8.127,7.868],[-8.118,7.824],[-8.115,7.761],[-8.206,7.59],[-8.232,7.557],[-8.352,7.591],[-8.43,7.602],[-8.486,7.558],[-8.522,7.586],[-8.564,7.625],[-8.579,7.677],[-8.607,7.688],[-8.66,7.688],[-8.708,7.659],[-8.729,7.605],[-8.733,7.544],[-8.74,7.496],[-8.769,7.467],[-8.828,7.392],[-8.856,7.323],[-8.89,7.263],[-8.938,7.266],[-8.961,7.275],[-8.977,7.259],[-9.052,7.225],[-9.118,7.216],[-9.135,7.251],[-9.173,7.278],[-9.215,7.333],[-9.263,7.378],[-9.355,7.409],[-9.392,7.395],[-9.435,7.398],[-9.464,7.416],[-9.46,7.443],[-9.411,7.51],[-9.384,7.572],[-9.369,7.64],[-9.369,7.704],[-9.395,7.795],[-9.436,7.867],[-9.446,7.908],[-9.442,7.968],[-9.451,8.023],[-9.465,8.052],[-9.471,8.107],[-9.484,8.157],[-9.508,8.176],[-9.522,8.26],[-9.518,8.346],[-9.554,8.379],[-9.61,8.402],[-9.643,8.436],[-9.664,8.474],[-9.684,8.484],[-9.701,8.482],[-9.717,8.459],[-9.736,8.454],[-9.768,8.535],[-9.782,8.538],[-9.805,8.519],[-10.064,8.43],[-10.076,8.465],[-10.098,8.506],[-10.147,8.52],[-10.233,8.489],[-10.283,8.485]]]}},{"type":"Feature","properties":{"code":"GHA","name":"Ghana","continent":"Africa"},"geometry":{"type":"Polygon","coordinates":[[[-0.069,11.116],[-0.005,11.056],[0.009,11.021],[-0.014,10.891],[-0.061,10.801],[-0.09,10.716],[-0.086,10.673],[-0.058,10.631],[0.039,10.564],[0.089,10.521],[0.148,10.455],[0.216,10.391],[0.332,10.307],[0.381,10.292],[0.379,10.269],[0.363,10.236],[0.352,9.925],[0.343,9.845],[0.335,9.804],[0.324,9.688],[0.312,9.671],[0.29,9.672],[0.27,9.668],[0.265,9.645],[0.273,9.621],[0.343,9.604],[0.327,9.587],[0.275,9.571],[0.252,9.536],[0.262,9.496],[0.233,9.464],[0.242,9.442],[0.26,9.426],[0.289,9.432],[0.371,9.486],[0.405,9.491],[0.448,9.48],[0.526,9.398],[0.529,9.358],[0.497,9.221],[0.466,9.115],[0.46,8.974],[0.493,8.895],[0.489,8.851],[0.453,8.814],[0.373,8.759],[0.379,8.722],[0.415,8.653],[0.483,8.575],[0.616,8.48],[0.686,8.355],[0.688,8.304],[0.647,8.253],[0.599,8.21],[0.584,8.146],[0.605,7.728],[0.5,7.547],[0.499,7.495],[0.51,7.435],[0.537,7.399],[0.591,7.389],[0.635,7.354],[0.62,7.227],[0.596,7.097],[0.592,7.034],[0.579,7.004],[0.538,6.98],[0.523,6.939],[0.533,6.888],[0.526,6.851],[0.548,6.802],[0.596,6.742],[0.673,6.593],[0.702,6.581],[0.715,6.549],[0.707,6.519],[0.737,6.453],[0.822,6.386],[0.912,6.329],[0.985,6.32],[1.002,6.269],[1.05,6.203],[1.084,6.174],[1.14,6.155],[1.185,6.145],[1.187,6.089],[1.106,6.051],[1.05,5.994],[1.008,5.906],[0.95,5.81],[0.749,5.76],[0.672,5.76],[0.26,5.757],[-0.127,5.568],[-0.349,5.501],[-0.485,5.394],[-0.669,5.319],[-0.798,5.227],[-1.064,5.183],[-1.502,5.038],[-1.638,4.981],[-1.777,4.88],[-2.002,4.762],[-2.09,4.764],[-2.266,4.874],[-2.399,4.929],[-2.723,5.014],[-2.965,5.046],[-3.082,5.082],[-3.114,5.089],[-3.087,5.128],[-3.019,5.131],[-2.948,5.119],[-2.895,5.149],[-2.816,5.153],[-2.795,5.185],[-2.789,5.264],[-2.79,5.328],[-2.762,5.357],[-2.755,5.433],[-2.794,5.6],[-2.821,5.619],[-2.962,5.643],[-2.973,5.676],[-2.998,5.711],[-3.025,5.798],[-3.056,5.926],[-3.106,6.086],[-3.201,6.348],[-3.224,6.441],[-3.24,6.536],[-3.244,6.649],[-3.224,6.691],[-3.227,6.749],[-3.236,6.807],[-3.169,6.941],[-3.038,7.105],[-3.01,7.164],[-2.986,7.205],[-2.982,7.264],[-2.959,7.455],[-2.896,7.685],[-2.857,7.772],[-2.83,7.819],[-2.798,7.896],[-2.79,7.932],[-2.669,8.022],[-2.613,8.047],[-2.601,8.082],[-2.62,8.121],[-2.612,8.148],[-2.583,8.161],[-2.538,8.172],[-2.506,8.209],[-2.557,8.493],[-2.598,8.776],[-2.6,8.8],[-2.625,8.84],[-2.649,8.957],[-2.69,9.025],[-2.747,9.045],[-2.747,9.11],[-2.689,9.219],[-2.674,9.283],[-2.702,9.302],[-2.706,9.351],[-2.686,9.432],[-2.696,9.481],[-2.706,9.534],[-2.766,9.658],[-2.781,9.746],[-2.75,9.797],[-2.751,9.91],[-2.783,10.083],[-2.788,10.193],[-2.767,10.238],[-2.777,10.282],[-2.82,10.323],[-2.823,10.363],[-2.787,10.402],[-2.791,10.432],[-2.837,10.455],[-2.878,10.508],[-2.915,10.592],[-2.907,10.728],[-2.839,10.977],[-2.83,10.998],[-2.752,10.997],[-2.752,10.986],[-2.509,10.989],[-2.232,10.991],[-1.901,10.995],[-1.6,10.998],[-1.586,11.009],[-1.537,11.023],[-1.233,10.997],[-1.042,11.01],[-0.962,11.002],[-0.903,10.985],[-0.772,10.995],[-0.701,10.989],[-0.649,10.927],[-0.627,10.927],[-0.598,10.954],[-0.545,10.984],[-0.492,11.008],[-0.454,11.056],[-0.43,11.093],[-0.396,11.086],[-0.346,11.088],[-0.313,11.119],[-0.299,11.167],[-0.069,11.116]]]}},{"type":"Feature","properties":{"code":"GEO","name":"Georgia","continent":"Asia"},"geometry":{"type":"Polygon","coordinates":[[[43.439,41.107],[43.442,41.126],[43.433,41.156],[43.402,41.177],[43.359,41.19],[43.279,41.185],[43.205,41.199],[43.153,41.236],[43.141,41.265],[43.171,41.288],[43.149,41.307],[43.057,41.353],[42.907,41.467],[42.822,41.492],[42.788,41.564],[42.754,41.579],[42.682,41.586],[42.607,41.579],[42.59,41.571],[42.567,41.559],[42.508,41.47],[42.466,41.44],[42.364,41.454],[42.28,41.475],[42.211,41.487],[42.078,41.494],[41.926,41.496],[41.824,41.432],[41.779,41.441],[41.702,41.472],[41.577,41.497],[41.51,41.517],[41.702,41.705],[41.759,41.817],[41.761,41.885],[41.763,41.97],[41.663,42.147],[41.578,42.398],[41.489,42.659],[41.419,42.738],[41.129,42.828],[41.062,42.931],[40.837,43.063],[40.524,43.121],[40.462,43.146],[40.191,43.312],[39.978,43.42],[40.024,43.485],[40.085,43.553],[40.15,43.57],[40.342,43.543],[40.519,43.512],[40.648,43.534],[40.802,43.48],[40.942,43.418],[41.083,43.374],[41.358,43.333],[41.461,43.276],[41.581,43.219],[42.05,43.19],[42.088,43.199],[42.122,43.207],[42.28,43.228],[42.419,43.224],[42.566,43.155],[42.66,43.159],[42.761,43.17],[42.89,43.133],[42.992,43.092],[43.0,43.05],[43.089,42.989],[43.348,42.897],[43.558,42.844],[43.623,42.808],[43.783,42.747],[43.799,42.728],[43.795,42.703],[43.75,42.658],[43.738,42.617],[43.76,42.594],[43.826,42.572],[43.957,42.567],[44.005,42.596],[44.103,42.616],[44.2,42.654],[44.329,42.704],[44.506,42.749],[44.576,42.748],[44.644,42.735],[44.692,42.71],[44.771,42.617],[44.85,42.747],[44.871,42.756],[44.943,42.73],[45.072,42.694],[45.16,42.675],[45.208,42.648],[45.344,42.53],[45.563,42.536],[45.656,42.518],[45.705,42.498],[45.728,42.475],[45.688,42.357],[45.634,42.235],[45.639,42.205],[45.727,42.159],[45.846,42.11],[45.91,42.071],[45.954,42.035],[46.048,42.009],[46.16,41.992],[46.213,41.99],[46.268,41.96],[46.412,41.905],[46.43,41.891],[46.405,41.855],[46.348,41.79],[46.303,41.757],[46.252,41.752],[46.202,41.737],[46.184,41.702],[46.182,41.657],[46.191,41.625],[46.204,41.613],[46.255,41.602],[46.305,41.508],[46.385,41.46],[46.509,41.406],[46.619,41.344],[46.673,41.287],[46.662,41.246],[46.626,41.16],[46.534,41.089],[46.458,41.07],[46.431,41.077],[46.381,41.099],[46.28,41.154],[46.171,41.198],[46.087,41.184],[46.031,41.167],[45.922,41.187],[45.793,41.224],[45.725,41.262],[45.696,41.289],[45.716,41.338],[45.422,41.425],[45.281,41.45],[45.217,41.423],[45.001,41.291],[44.976,41.277],[44.811,41.259],[44.811,41.249],[44.849,41.22],[44.841,41.211],[44.565,41.208],[44.473,41.191],[44.227,41.213],[44.146,41.203],[44.077,41.183],[43.909,41.159],[43.793,41.131],[43.645,41.117],[43.492,41.116],[43.439,41.107]]]}},{"type":"Feature","properties":{"code":"GMB","name":"The Gambia","continent":"Africa"},"geometry":{"type":"Polygon","coordinates":[[[-16.562,13.587],[-16.309,13.597],[-16.002,13.593],[-15.667,13.588],[-15.51,13.586],[-15.427,13.727],[-15.27,13.789],[-15.108,13.812],[-15.024,13.806],[-14.936,13.785],[-14.766,13.669],[-14.66,13.643],[-14.571,13.616],[-14.507,13.56],[-14.405,13.504],[-14.326,13.489],[-14.278,13.497],[-14.199,13.519],[-14.147,13.536],[-13.977,13.543],[-13.853,13.479],[-13.827,13.408],[-13.848,13.335],[-14.015,13.296],[-14.247,13.236],[-14.439,13.269],[-14.672,13.352],[-14.808,13.411],[-14.865,13.435],[-14.95,13.473],[-15.025,13.513],[-15.096,13.54],[-15.151,13.556],[-15.192,13.535],[-15.212,13.485],[-15.245,13.429],[-15.286,13.396],[-15.482,13.376],[-15.657,13.356],[-15.752,13.338],[-15.814,13.325],[-15.834,13.156],[-16.033,13.158],[-16.228,13.16],[-16.431,13.157],[-16.649,13.154],[-16.705,13.12],[-16.763,13.064],[-16.769,13.148],[-16.825,13.341],[-16.75,13.425],[-16.669,13.475],[-16.615,13.435],[-16.598,13.357],[-16.556,13.303],[-16.413,13.27],[-16.272,13.294],[-16.185,13.283],[-16.188,13.326],[-16.158,13.384],[-15.986,13.409],[-15.804,13.425],[-15.618,13.46],[-15.471,13.459],[-15.427,13.468],[-15.438,13.483],[-15.57,13.5],[-15.85,13.46],[-16.135,13.448],[-16.352,13.343],[-16.441,13.353],[-16.53,13.458],[-16.562,13.587]]]}},{"type":"Feature","properties":{"code":"GAB","name":"Gabon","continent":"Africa"},"geometry":{"type":"Polygon","coordinates":[[[13.294,2.162],[13.289,2.092],[13.209,1.92],[13.172,1.789],[13.163,1.648],[13.185,1.535],[13.223,1.455],[13.247,1.367],[13.228,1.305],[13.19,1.279],[13.216,1.248],[13.274,1.241],[13.372,1.268],[13.523,1.315],[13.721,1.382],[13.851,1.419],[14.066,1.396],[14.181,1.37],[14.24,1.323],[14.303,1.121],[14.334,1.09],[14.386,1.004],[14.43,0.901],[14.439,0.849],[14.434,0.811],[14.391,0.756],[14.342,0.674],[14.324,0.624],[14.283,0.587],[14.231,0.551],[14.088,0.537],[14.066,0.515],[14.025,0.428],[13.95,0.354],[13.915,0.284],[13.885,0.191],[13.891,0.075],[13.875,-0.091],[13.86,-0.203],[13.898,-0.243],[14.069,-0.27],[14.103,-0.292],[14.148,-0.362],[14.207,-0.427],[14.364,-0.469],[14.425,-0.519],[14.474,-0.573],[14.481,-0.618],[14.445,-0.799],[14.411,-0.972],[14.424,-1.104],[14.437,-1.23],[14.456,-1.413],[14.447,-1.525],[14.403,-1.593],[14.403,-1.647],[14.423,-1.712],[14.384,-1.89],[14.359,-1.92],[14.288,-1.954],[14.251,-2.001],[14.24,-2.077],[14.202,-2.18],[14.163,-2.218],[14.163,-2.266],[14.2,-2.301],[14.2,-2.354],[14.13,-2.418],[14.087,-2.467],[13.994,-2.491],[13.887,-2.465],[13.862,-2.43],[13.888,-2.375],[13.879,-2.33],[13.842,-2.284],[13.784,-2.164],[13.734,-2.138],[13.706,-2.188],[13.619,-2.279],[13.465,-2.395],[13.357,-2.405],[13.159,-2.369],[12.992,-2.313],[12.914,-2.176],[12.864,-2.063],[12.794,-1.932],[12.714,-1.869],[12.628,-1.83],[12.59,-1.827],[12.469,-1.9],[12.432,-1.929],[12.432,-1.99],[12.444,-2.048],[12.463,-2.075],[12.479,-2.112],[12.476,-2.169],[12.454,-2.246],[12.446,-2.33],[12.064,-2.413],[11.998,-2.383],[11.95,-2.345],[11.892,-2.351],[11.727,-2.395],[11.666,-2.365],[11.605,-2.343],[11.578,-2.361],[11.575,-2.397],[11.603,-2.595],[11.595,-2.671],[11.557,-2.77],[11.538,-2.837],[11.639,-2.855],[11.676,-2.887],[11.711,-2.937],[11.76,-2.983],[11.763,-3.011],[11.708,-3.063],[11.689,-3.127],[11.715,-3.177],[11.784,-3.229],[11.885,-3.283],[11.934,-3.319],[11.929,-3.351],[11.883,-3.42],[11.865,-3.479],[11.833,-3.531],[11.839,-3.58],[11.885,-3.625],[11.88,-3.666],[11.849,-3.697],[11.786,-3.69],[11.733,-3.695],[11.686,-3.682],[11.537,-3.525],[11.504,-3.52],[11.288,-3.641],[11.234,-3.691],[11.19,-3.762],[11.13,-3.916],[11.032,-3.826],[10.947,-3.662],[10.849,-3.561],[10.641,-3.398],[10.585,-3.278],[10.348,-3.013],[10.006,-2.748],[9.759,-2.519],[9.722,-2.468],[9.764,-2.474],[10.002,-2.588],[10.034,-2.576],[10.062,-2.55],[9.959,-2.49],[9.861,-2.443],[9.769,-2.413],[9.676,-2.416],[9.625,-2.367],[9.591,-2.293],[9.574,-2.23],[9.533,-2.164],[9.402,-2.028],[9.371,-1.975],[9.299,-1.903],[9.342,-1.894],[9.483,-1.962],[9.495,-1.935],[9.483,-1.895],[9.342,-1.829],[9.266,-1.825],[9.248,-1.779],[9.258,-1.726],[9.158,-1.528],[9.053,-1.379],[9.036,-1.309],[9.319,-1.632],[9.357,-1.638],[9.406,-1.635],[9.523,-1.598],[9.501,-1.555],[9.448,-1.509],[9.397,-1.53],[9.331,-1.535],[9.296,-1.515],[9.28,-1.482],[9.347,-1.325],[9.318,-1.333],[9.297,-1.361],[9.26,-1.374],[9.204,-1.382],[9.065,-1.298],[8.942,-1.071],[8.909,-1.025],[8.877,-0.946],[8.844,-0.914],[8.703,-0.591],[8.757,-0.615],[8.821,-0.708],[8.946,-0.689],[8.995,-0.635],[9.038,-0.637],[9.082,-0.624],[9.137,-0.573],[9.297,-0.351],[9.339,-0.058],[9.325,0.116],[9.302,0.289],[9.355,0.344],[9.376,0.307],[9.386,0.246],[9.411,0.2],[9.468,0.16],[9.574,0.149],[9.738,0.085],[9.797,0.044],[9.813,0.126],[10.001,0.195],[9.944,0.22],[9.777,0.192],[9.546,0.296],[9.47,0.362],[9.399,0.487],[9.325,0.552],[9.33,0.611],[9.495,0.665],[9.539,0.659],[9.557,0.594],[9.601,0.568],[9.618,0.577],[9.625,0.632],[9.626,0.779],[9.575,0.991],[9.591,1.032],[9.636,1.047],[9.676,1.075],[9.705,1.08],[9.761,1.075],[9.789,1.026],[9.804,0.999],[9.86,0.986],[9.907,0.96],[9.947,0.967],[9.98,0.998],[10.029,1.004],[10.179,1.004],[10.315,1.003],[10.587,1.002],[10.859,1.001],[11.131,1.0],[11.335,1.0],[11.335,1.121],[11.334,1.308],[11.332,1.528],[11.331,1.74],[11.33,1.936],[11.329,2.167],[11.34,2.234],[11.353,2.261],[11.348,2.3],[11.559,2.302],[11.94,2.285],[12.106,2.288],[12.153,2.284],[12.361,2.296],[12.53,2.281],[12.601,2.265],[12.666,2.257],[12.867,2.247],[13.131,2.259],[13.22,2.256],[13.27,2.224],[13.294,2.162]]]}},{"type":"Feature","properties":{"code":"ETH","name":"Ethiopia","continent":"Africa"},"geometry":{"type":"Polygon","coordinates":[[[35.268,5.492],[35.252,5.511],[35.164,5.581],[35.082,5.673],[35.032,5.775],[34.984,5.858],[34.959,6.045],[34.898,6.16],[34.838,6.3],[34.749,6.568],[34.711,6.66],[34.639,6.722],[34.563,6.78],[34.484,6.898],[34.279,7.003],[34.2,7.085],[34.064,7.226],[34.03,7.297],[34.02,7.368],[33.978,7.435],[33.902,7.51],[33.666,7.671],[33.601,7.69],[33.516,7.708],[33.392,7.724],[33.226,7.761],[33.081,7.824],[33.015,7.869],[32.999,7.9],[33.013,7.952],[33.065,8.04],[33.165,8.251],[33.234,8.396],[33.281,8.437],[33.409,8.448],[33.545,8.443],[33.645,8.433],[33.785,8.431],[33.953,8.444],[34.02,8.492],[34.073,8.545],[34.095,8.582],[34.102,8.676],[34.102,8.752],[34.091,9.041],[34.085,9.219],[34.077,9.421],[34.078,9.462],[34.079,9.513],[34.12,9.73],[34.159,9.853],[34.185,9.919],[34.292,10.125],[34.311,10.191],[34.315,10.252],[34.276,10.528],[34.344,10.659],[34.431,10.788],[34.508,10.843],[34.572,10.88],[34.602,10.865],[34.675,10.805],[34.771,10.746],[34.816,10.759],[34.882,10.811],[34.931,10.865],[34.925,10.962],[34.969,11.162],[34.961,11.277],[35.008,11.42],[35.06,11.621],[35.083,11.748],[35.112,11.817],[35.252,11.957],[35.373,12.156],[35.45,12.301],[35.596,12.537],[35.67,12.624],[35.731,12.661],[35.821,12.685],[35.988,12.706],[36.108,12.726],[36.125,12.757],[36.135,12.805],[36.137,12.911],[36.16,13.093],[36.212,13.271],[36.274,13.406],[36.307,13.467],[36.346,13.526],[36.391,13.626],[36.447,13.842],[36.444,13.988],[36.524,14.257],[36.542,14.258],[36.679,14.308],[36.812,14.315],[36.941,14.281],[37.025,14.272],[37.063,14.289],[37.099,14.334],[37.133,14.406],[37.185,14.446],[37.257,14.454],[37.354,14.372],[37.507,14.156],[37.547,14.144],[37.571,14.149],[37.648,14.323],[37.708,14.457],[37.82,14.708],[37.884,14.852],[37.943,14.811],[38.003,14.737],[38.07,14.703],[38.142,14.681],[38.177,14.679],[38.221,14.65],[38.377,14.47],[38.431,14.429],[38.504,14.424],[38.812,14.482],[38.996,14.587],[39.024,14.628],[39.074,14.628],[39.135,14.582],[39.159,14.537],[39.198,14.479],[39.27,14.47],[39.446,14.512],[39.532,14.537],[39.605,14.516],[39.698,14.499],[39.756,14.499],[39.895,14.441],[40.062,14.459],[40.141,14.456],[40.221,14.431],[40.353,14.338],[40.524,14.225],[40.77,14.144],[40.82,14.112],[40.939,13.983],[41.122,13.736],[41.363,13.5],[41.625,13.313],[41.765,13.184],[41.86,13.026],[41.952,12.882],[42.047,12.821],[42.134,12.771],[42.225,12.662],[42.29,12.57],[42.379,12.466],[42.28,12.324],[42.149,12.134],[41.996,11.912],[41.95,11.858],[41.816,11.724],[41.793,11.686],[41.767,11.589],[41.765,11.413],[41.782,11.188],[41.798,10.98],[41.872,10.956],[41.957,10.941],[42.052,10.968],[42.166,10.992],[42.308,11.005],[42.465,11.047],[42.558,11.081],[42.655,11.078],[42.741,11.042],[42.783,11.009],[42.844,10.998],[42.923,10.999],[42.906,10.96],[42.863,10.903],[42.81,10.846],[42.763,10.787],[42.66,10.621],[42.656,10.6],[42.669,10.568],[42.725,10.492],[42.784,10.37],[42.816,10.257],[42.842,10.203],[42.913,10.141],[43.015,10.013],[43.069,9.926],[43.182,9.88],[43.218,9.77],[43.303,9.609],[43.394,9.48],[43.483,9.379],[43.581,9.341],[43.621,9.337],[43.827,9.151],[43.984,9.009],[44.023,8.986],[44.306,8.893],[44.632,8.786],[44.894,8.7],[45.227,8.591],[45.555,8.483],[45.863,8.38],[46.296,8.235],[46.645,8.118],[46.92,8.026],[46.978,7.997],[47.306,7.997],[47.638,7.997],[47.978,7.997],[47.732,7.759],[47.453,7.49],[47.16,7.208],[46.971,7.026],[46.672,6.737],[46.423,6.497],[46.167,6.235],[45.935,5.997],[45.634,5.668],[45.438,5.455],[45.133,5.122],[44.941,4.912],[44.912,4.9],[44.637,4.916],[44.37,4.931],[44.028,4.951],[43.989,4.951],[43.889,4.931],[43.829,4.911],[43.583,4.855],[43.538,4.84],[43.334,4.75],[43.126,4.644],[43.016,4.563],[42.931,4.445],[42.895,4.361],[42.857,4.324],[42.792,4.292],[42.355,4.212],[42.228,4.202],[42.024,4.138],[41.915,4.031],[41.884,3.978],[41.738,3.979],[41.482,3.963],[41.372,3.946],[41.319,3.943],[41.221,3.944],[41.14,3.963],[41.087,3.992],[41.021,4.057],[40.873,4.19],[40.765,4.273],[40.529,4.178],[40.316,4.083],[40.014,3.948],[39.842,3.851],[39.79,3.754],[39.658,3.578],[39.539,3.469],[39.494,3.456],[39.225,3.479],[39.128,3.501],[38.968,3.521],[38.753,3.559],[38.608,3.6],[38.452,3.605],[38.225,3.619],[38.086,3.649],[37.945,3.747],[37.763,3.865],[37.575,3.986],[37.383,4.111],[37.155,4.255],[36.906,4.411],[36.848,4.427],[36.824,4.43],[36.553,4.437],[36.272,4.445],[36.082,4.45],[36.022,4.468],[35.979,4.504],[35.92,4.62],[35.846,4.703],[35.763,4.808],[35.756,4.95],[35.779,5.106],[35.8,5.157],[35.788,5.208],[35.791,5.279],[35.745,5.344],[35.469,5.419],[35.424,5.413],[35.378,5.385],[35.325,5.365],[35.288,5.384],[35.265,5.412],[35.264,5.458],[35.268,5.492]]]}},{"type":"Feature","properties":{"code":"ERI","name":"Eritrea","continent":"Africa"},"geometry":{"type":"MultiPolygon","coordinates":[[[[36.524,14.257],[36.492,14.544],[36.471,14.736],[36.448,14.94],[36.427,15.132],[36.522,15.25],[36.566,15.362],[36.679,15.726],[36.725,15.799],[36.813,15.994],[36.826,16.05],[36.914,16.296],[36.905,16.46],[36.888,16.625],[36.936,16.722],[36.979,16.801],[36.976,16.867],[36.995,17.021],[37.009,17.059],[37.062,17.061],[37.17,17.041],[37.249,17.057],[37.34,17.057],[37.411,17.062],[37.453,17.109],[37.51,17.288],[37.547,17.324],[37.576,17.335],[37.657,17.368],[37.726,17.421],[37.782,17.458],[37.803,17.466],[37.863,17.47],[37.923,17.492],[37.95,17.518],[38.025,17.538],[38.099,17.526],[38.149,17.549],[38.182,17.563],[38.219,17.564],[38.254,17.585],[38.267,17.617],[38.29,17.637],[38.347,17.684],[38.374,17.717],[38.386,17.751],[38.397,17.778],[38.422,17.824],[38.523,17.939],[38.609,18.005],[38.912,17.427],[39.034,17.086],[39.143,16.729],[39.223,16.194],[39.299,15.921],[39.422,15.787],[39.507,15.532],[39.579,15.523],[39.631,15.453],[39.721,15.214],[39.786,15.125],[39.819,15.201],[39.816,15.245],[39.79,15.319],[39.813,15.414],[39.864,15.47],[39.978,15.393],[40.041,15.335],[40.058,15.217],[40.084,15.152],[40.204,15.014],[40.305,14.974],[40.437,14.964],[40.546,14.934],[40.634,14.883],[40.799,14.743],[41.176,14.62],[41.48,14.244],[41.658,13.983],[42.245,13.588],[42.346,13.398],[42.399,13.213],[42.523,13.221],[42.734,13.019],[42.796,12.864],[42.97,12.808],[42.999,12.9],[43.083,12.825],[43.117,12.709],[43.006,12.662],[42.883,12.621],[42.866,12.623],[42.825,12.569],[42.767,12.423],[42.704,12.38],[42.67,12.377],[42.479,12.514],[42.45,12.521],[42.409,12.494],[42.379,12.466],[42.29,12.57],[42.225,12.662],[42.134,12.771],[42.047,12.821],[41.952,12.882],[41.86,13.026],[41.765,13.184],[41.625,13.313],[41.363,13.5],[41.122,13.736],[40.939,13.983],[40.82,14.112],[40.77,14.144],[40.524,14.225],[40.353,14.338],[40.221,14.431],[40.141,14.456],[40.062,14.459],[39.895,14.441],[39.756,14.499],[39.698,14.499],[39.605,14.516],[39.532,14.537],[39.446,14.512],[39.27,14.47],[39.198,14.479],[39.159,14.537],[39.135,14.582],[39.074,14.628],[39.024,14.628],[38.996,14.587],[38.812,14.482],[38.504,14.424],[38.431,14.429],[38.377,14.47],[38.221,14.65],[38.177,14.679],[38.142,14.681],[38.07,14.703],[38.003,14.737],[37.943,14.811],[37.884,14.852],[37.82,14.708],[37.708,14.457],[37.648,14.323],[37.571,14.149],[37.547,14.144],[37.507,14.156],[37.354,14.372],[37.257,14.454],[37.185,14.446],[37.133,14.406],[37.099,14.334],[37.063,14.289],[37.025,14.272],[36.941,14.281],[36.812,14.315],[36.679,14.308],[36.542,14.258],[36.524,14.257]]],[[[40.076,16.082],[40.11,15.986],[40.012,16.023],[39.996,16.043],[40.039,16.081],[40.048,16.104],[40.076,16.082]]],[[[40.141,15.696],[40.183,15.643],[40.211,15.648],[40.234,15.666],[40.25,15.703],[40.408,15.629],[40.399,15.58],[40.305,15.577],[40.196,15.598],[40.095,15.591],[39.975,15.612],[39.947,15.696],[40.024,15.656],[40.063,15.666],[40.071,15.677],[40.016,15.733],[39.94,15.745],[39.945,15.789],[39.979,15.807],[40.0,15.828],[39.957,15.889],[40.043,15.875],[40.097,15.838],[40.132,15.795],[40.141,15.696]]]]}},{"type":"Feature","properties":{"code":"GNQ","name":"Equatorial Guinea","continent":"Africa"},"geometry":{"type":"MultiPolygon","coordinates":[[[[8.736,3.758],[8.76,3.754],[8.91,3.758],[8.951,3.705],[8.946,3.628],[8.792,3.4],[8.763,3.305],[8.704,3.224],[8.652,3.217],[8.475,3.265],[8.445,3.294],[8.434,3.332],[8.452,3.423],[8.465,3.451],[8.55,3.468],[8.577,3.482],[8.623,3.58],[8.638,3.669],[8.676,3.736],[8.736,3.758]]],[[[11.329,2.167],[11.33,1.936],[11.331,1.74],[11.332,1.528],[11.334,1.308],[11.335,1.121],[11.335,1.0],[11.131,1.0],[10.859,1.001],[10.587,1.002],[10.315,1.003],[10.179,1.004],[10.029,1.004],[9.98,0.998],[9.947,0.967],[9.907,0.96],[9.86,0.986],[9.804,0.999],[9.789,1.026],[9.761,1.075],[9.705,1.08],[9.676,1.075],[9.636,1.047],[9.591,1.032],[9.599,1.054],[9.51,1.115],[9.445,1.121],[9.386,1.139],[9.434,1.296],[9.494,1.435],[9.584,1.54],[9.632,1.566],[9.648,1.618],[9.719,1.789],[9.807,1.927],[9.78,2.068],[9.801,2.304],[9.826,2.298],[9.83,2.275],[9.837,2.242],[9.87,2.213],[9.98,2.168],[10.307,2.168],[10.502,2.168],[10.791,2.168],[11.097,2.167],[11.329,2.167]]]]}},{"type":"Feature","properties":{"code":"EGY","name":"Egypt","continent":"Africa"},"geometry":{"type":"Polygon","coordinates":[[[36.871,21.997],[36.543,21.997],[36.215,21.997],[35.887,21.997],[35.559,21.996],[35.231,21.996],[34.903,21.996],[34.575,21.996],[34.246,21.996],[33.918,21.996],[33.59,21.996],[33.262,21.996],[32.934,21.996],[32.606,21.996],[32.278,21.996],[31.95,21.996],[31.622,21.996],[31.434,21.996],[31.466,22.085],[31.486,22.148],[31.464,22.192],[31.4,22.202],[31.358,22.189],[31.261,22.002],[31.209,21.995],[31.093,21.995],[30.711,21.995],[30.329,21.995],[29.947,21.995],[29.565,21.995],[29.183,21.995],[28.801,21.995],[28.419,21.995],[28.036,21.995],[27.654,21.995],[27.272,21.996],[26.89,21.996],[26.508,21.996],[26.126,21.996],[25.744,21.996],[25.362,21.996],[24.98,21.996],[24.98,22.22],[24.98,22.445],[24.98,22.67],[24.98,22.894],[24.98,23.119],[24.98,23.343],[24.98,23.568],[24.98,23.792],[24.98,24.017],[24.98,24.242],[24.98,24.466],[24.98,24.691],[24.98,24.915],[24.98,25.14],[24.98,25.364],[24.98,25.589],[24.98,25.813],[24.98,26.038],[24.98,26.263],[24.98,26.487],[24.98,26.712],[24.98,26.936],[24.98,27.161],[24.98,27.385],[24.98,27.61],[24.98,27.835],[24.98,28.059],[24.98,28.284],[24.98,28.508],[24.98,28.733],[24.98,28.957],[24.98,29.182],[24.972,29.224],[24.916,29.376],[24.866,29.57],[24.811,29.809],[24.804,29.886],[24.712,30.132],[24.703,30.201],[24.726,30.251],[24.878,30.458],[24.923,30.558],[24.961,30.679],[24.974,30.777],[24.929,30.926],[24.878,31.061],[24.86,31.199],[24.853,31.335],[24.93,31.427],[25.023,31.514],[25.057,31.567],[25.112,31.627],[25.15,31.655],[25.225,31.534],[25.382,31.513],[25.893,31.621],[26.457,31.512],[26.769,31.47],[27.248,31.378],[27.54,31.213],[27.62,31.192],[27.83,31.195],[27.968,31.097],[28.515,31.05],[28.807,30.943],[28.973,30.857],[29.072,30.83],[29.16,30.835],[29.279,30.867],[29.429,30.927],[29.592,31.012],[29.93,31.227],[30.049,31.265],[30.128,31.256],[30.223,31.258],[30.262,31.317],[30.312,31.357],[30.344,31.403],[30.395,31.458],[30.571,31.473],[30.924,31.567],[30.884,31.522],[30.563,31.417],[30.7,31.404],[30.841,31.44],[31.002,31.463],[31.031,31.508],[31.052,31.592],[31.083,31.603],[31.194,31.588],[31.524,31.458],[31.607,31.456],[31.839,31.526],[31.889,31.541],[31.964,31.502],[32.136,31.341],[32.076,31.344],[31.892,31.482],[31.876,31.414],[31.771,31.293],[31.902,31.24],[32.008,31.221],[32.066,31.153],[32.102,31.093],[32.207,31.119],[32.282,31.201],[32.243,31.247],[32.216,31.294],[32.251,31.295],[32.324,31.256],[32.533,31.101],[32.603,31.069],[32.685,31.074],[32.854,31.118],[32.902,31.111],[33.13,31.168],[33.157,31.126],[33.194,31.085],[33.378,31.131],[33.667,31.13],[33.903,31.181],[34.176,31.304],[34.198,31.323],[34.212,31.292],[34.245,31.208],[34.329,30.995],[34.401,30.828],[34.49,30.596],[34.518,30.507],[34.53,30.446],[34.659,30.191],[34.735,29.982],[34.791,29.812],[34.87,29.564],[34.904,29.477],[34.849,29.432],[34.736,29.271],[34.617,28.758],[34.446,28.357],[34.427,28.106],[34.4,28.016],[34.319,27.889],[34.22,27.764],[34.045,27.829],[33.76,28.048],[33.594,28.256],[33.416,28.39],[33.248,28.568],[33.202,28.696],[33.204,28.778],[33.13,28.978],[33.076,29.073],[32.871,29.286],[32.812,29.4],[32.767,29.45],[32.721,29.522],[32.647,29.798],[32.566,29.974],[32.473,29.925],[32.489,29.852],[32.409,29.749],[32.36,29.631],[32.397,29.534],[32.565,29.386],[32.599,29.322],[32.638,29.182],[32.632,28.992],[32.659,28.928],[32.784,28.787],[32.829,28.703],[32.857,28.631],[32.898,28.565],[33.023,28.442],[33.202,28.208],[33.372,28.051],[33.495,27.974],[33.547,27.898],[33.559,27.701],[33.55,27.607],[33.657,27.431],[33.697,27.341],[33.802,27.268],[33.849,27.185],[33.893,27.049],[33.959,26.649],[34.05,26.551],[34.329,26.024],[34.565,25.691],[34.679,25.443],[34.853,25.14],[35.194,24.475],[35.397,24.27],[35.478,24.155],[35.625,24.066],[35.784,23.938],[35.632,23.95],[35.594,23.943],[35.541,23.921],[35.515,23.843],[35.504,23.779],[35.523,23.443],[35.564,23.271],[35.698,22.946],[35.797,22.849],[35.846,22.786],[35.913,22.74],[36.23,22.629],[36.415,22.394],[36.83,22.098],[36.87,22.016],[36.871,21.997]]]}},{"type":"Feature","properties":{"code":"DJI","name":"Djibouti","continent":"Africa"},"geometry":{"type":"Polygon","coordinates":[[[43.246,11.5],[43.159,11.366],[43.049,11.194],[42.923,10.999],[42.844,10.998],[42.783,11.009],[42.741,11.042],[42.655,11.078],[42.558,11.081],[42.465,11.047],[42.308,11.005],[42.166,10.992],[42.052,10.968],[41.957,10.941],[41.872,10.956],[41.798,10.98],[41.782,11.188],[41.765,11.413],[41.767,11.589],[41.793,11.686],[41.816,11.724],[41.95,11.858],[41.996,11.912],[42.149,12.134],[42.28,12.324],[42.379,12.466],[42.409,12.494],[42.45,12.521],[42.479,12.514],[42.67,12.377],[42.704,12.38],[42.767,12.423],[42.825,12.569],[42.866,12.623],[42.883,12.621],[43.006,12.662],[43.117,12.709],[43.131,12.66],[43.299,12.464],[43.354,12.367],[43.41,12.19],[43.38,12.091],[43.337,12.027],[43.272,11.97],[43.048,11.829],[42.799,11.739],[42.64,11.56],[42.522,11.572],[42.54,11.504],[42.584,11.497],[42.653,11.51],[42.79,11.562],[42.912,11.587],[43.043,11.588],[43.162,11.566],[43.246,11.5]]]}},{"type":"Feature","properties":{"code":"CYN","name":"Turkish Republic of Northern Cyprus","continent":"Asia"},"geometry":{"type":"Polygon","coordinates":[[[34.004,35.065],[33.966,35.057],[33.903,35.085],[33.866,35.094],[33.832,35.067],[33.792,35.048],[33.757,35.04],[33.726,35.037],[33.675,35.018],[33.614,35.023],[33.526,35.039],[33.476,35.0],[33.464,35.005],[33.456,35.101],[33.424,35.141],[33.384,35.163],[33.326,35.154],[33.248,35.157],[33.191,35.173],[33.078,35.146],[32.986,35.116],[32.92,35.088],[32.869,35.089],[32.784,35.116],[32.72,35.145],[32.713,35.171],[32.772,35.16],[32.88,35.181],[32.926,35.278],[32.942,35.39],[33.123,35.358],[33.308,35.342],[33.459,35.336],[33.608,35.354],[34.063,35.474],[34.192,35.546],[34.272,35.57],[34.411,35.629],[34.556,35.662],[34.463,35.594],[33.942,35.292],[33.908,35.202],[33.931,35.14],[34.004,35.065]]]}},{"type":"Feature","properties":{"code":"CYP","name":"Cyprus","continent":"Asia"},"geometry":{"type":"Polygon","coordinates":[[[32.713,35.171],[32.72,35.145],[32.784,35.116],[32.869,35.089],[32.92,35.088],[32.986,35.116],[33.078,35.146],[33.191,35.173],[33.248,35.157],[33.326,35.154],[33.384,35.163],[33.424,35.141],[33.456,35.101],[33.464,35.005],[33.476,35.0],[33.526,35.039],[33.614,35.023],[33.675,35.018],[33.726,35.037],[33.757,35.04],[33.792,35.048],[33.832,35.067],[33.866,35.094],[33.903,35.085],[33.966,35.057],[34.004,35.065],[34.024,35.046],[34.05,34.988],[33.937,34.971],[33.822,34.966],[33.759,34.973],[33.699,34.97],[33.514,34.806],[33.415,34.751],[33.297,34.718],[33.176,34.698],[33.116,34.696],[33.062,34.675],[33.025,34.637],[33.024,34.6],[33.008,34.57],[32.942,34.576],[32.914,34.635],[32.867,34.661],[32.75,34.648],[32.693,34.649],[32.506,34.706],[32.449,34.729],[32.414,34.778],[32.317,34.953],[32.301,35.083],[32.391,35.05],[32.475,35.09],[32.556,35.156],[32.652,35.183],[32.713,35.171]]]}},{"type":"Feature","properties":{"code":"CIV","name":"Ivory Coast","continent":"Africa"},"geometry":{"type":"MultiPolygon","coordinates":[[[[-3.087,5.128],[-3.114,5.089],[-3.246,5.114],[-3.215,5.147],[-3.087,5.128]]],[[[-7.991,10.162],[-7.961,10.163],[-7.884,10.186],[-7.814,10.237],[-7.749,10.342],[-7.661,10.427],[-7.562,10.421],[-7.533,10.437],[-7.498,10.44],[-7.457,10.384],[-7.415,10.341],[-7.385,10.34],[-7.363,10.259],[-7.182,10.226],[-7.105,10.204],[-7.04,10.145],[-7.017,10.143],[-6.989,10.156],[-6.968,10.176],[-6.964,10.199],[-6.992,10.252],[-6.979,10.3],[-6.95,10.342],[-6.904,10.345],[-6.834,10.357],[-6.753,10.357],[-6.693,10.349],[-6.669,10.392],[-6.692,10.512],[-6.686,10.578],[-6.676,10.634],[-6.654,10.656],[-6.565,10.586],[-6.483,10.561],[-6.424,10.559],[-6.408,10.572],[-6.433,10.649],[-6.426,10.672],[-6.404,10.685],[-6.366,10.693],[-6.261,10.724],[-6.25,10.718],[-6.231,10.598],[-6.24,10.558],[-6.218,10.476],[-6.191,10.4],[-6.193,10.369],[-6.215,10.322],[-6.241,10.279],[-6.238,10.262],[-6.197,10.232],[-6.117,10.202],[-6.035,10.195],[-5.989,10.239],[-5.941,10.275],[-5.908,10.307],[-5.896,10.355],[-5.844,10.39],[-5.694,10.433],[-5.557,10.44],[-5.524,10.426],[-5.461,10.36],[-5.382,10.314],[-5.262,10.32],[-5.175,10.293],[-5.1,10.242],[-5.049,10.128],[-4.994,10.046],[-4.97,9.93],[-4.883,9.869],[-4.814,9.841],[-4.722,9.757],[-4.626,9.714],[-4.527,9.723],[-4.48,9.679],[-4.406,9.648],[-4.332,9.646],[-4.267,9.743],[-4.181,9.782],[-3.963,9.86],[-3.878,9.895],[-3.791,9.917],[-3.581,9.924],[-3.386,9.9],[-3.29,9.882],[-3.224,9.895],[-3.161,9.849],[-3.096,9.752],[-3.043,9.721],[-2.988,9.687],[-2.948,9.611],[-2.901,9.535],[-2.875,9.501],[-2.817,9.426],[-2.767,9.425],[-2.717,9.457],[-2.696,9.481],[-2.686,9.432],[-2.706,9.351],[-2.702,9.302],[-2.674,9.283],[-2.689,9.219],[-2.747,9.11],[-2.747,9.045],[-2.69,9.025],[-2.649,8.957],[-2.625,8.84],[-2.6,8.8],[-2.598,8.776],[-2.557,8.493],[-2.506,8.209],[-2.538,8.172],[-2.583,8.161],[-2.612,8.148],[-2.62,8.121],[-2.601,8.082],[-2.613,8.047],[-2.669,8.022],[-2.79,7.932],[-2.798,7.896],[-2.83,7.819],[-2.857,7.772],[-2.896,7.685],[-2.959,7.455],[-2.982,7.264],[-2.986,7.205],[-3.01,7.164],[-3.038,7.105],[-3.169,6.941],[-3.236,6.807],[-3.227,6.749],[-3.224,6.691],[-3.244,6.649],[-3.24,6.536],[-3.224,6.441],[-3.201,6.348],[-3.106,6.086],[-3.056,5.926],[-3.025,5.798],[-2.998,5.711],[-2.973,5.676],[-2.962,5.643],[-2.821,5.619],[-2.794,5.6],[-2.755,5.433],[-2.762,5.357],[-2.79,5.328],[-2.789,5.264],[-2.795,5.185],[-2.816,5.153],[-2.895,5.149],[-2.948,5.119],[-3.019,5.131],[-3.026,5.151],[-3.064,5.158],[-3.169,5.203],[-3.151,5.348],[-3.2,5.354],[-3.238,5.335],[-3.312,5.161],[-3.348,5.131],[-3.871,5.221],[-3.984,5.293],[-4.12,5.31],[-4.357,5.301],[-4.553,5.28],[-4.609,5.236],[-4.115,5.262],[-4.062,5.257],[-4.037,5.23],[-4.662,5.173],[-4.9,5.138],[-4.97,5.148],[-5.024,5.204],[-5.282,5.21],[-5.335,5.192],[-5.368,5.151],[-5.266,5.16],[-5.105,5.162],[-5.062,5.131],[-5.565,5.089],[-5.914,5.011],[-6.062,4.953],[-6.548,4.762],[-6.845,4.671],[-6.923,4.638],[-7.058,4.545],[-7.231,4.486],[-7.426,4.376],[-7.545,4.351],[-7.572,4.386],[-7.575,4.572],[-7.591,4.822],[-7.585,4.917],[-7.569,5.006],[-7.569,5.081],[-7.51,5.108],[-7.494,5.14],[-7.485,5.236],[-7.43,5.325],[-7.429,5.478],[-7.412,5.51],[-7.4,5.551],[-7.424,5.651],[-7.454,5.841],[-7.469,5.854],[-7.483,5.846],[-7.514,5.842],[-7.636,5.908],[-7.73,5.919],[-7.797,5.975],[-7.801,6.039],[-7.833,6.076],[-7.856,6.15],[-7.889,6.235],[-7.982,6.286],[-8.069,6.298],[-8.131,6.288],[-8.204,6.291],[-8.287,6.319],[-8.345,6.351],[-8.399,6.413],[-8.45,6.463],[-8.49,6.456],[-8.54,6.468],[-8.588,6.491],[-8.604,6.508],[-8.401,6.705],[-8.333,6.802],[-8.325,6.86],[-8.325,6.92],[-8.302,6.981],[-8.297,7.074],[-8.409,7.412],[-8.437,7.516],[-8.467,7.547],[-8.486,7.558],[-8.43,7.602],[-8.352,7.591],[-8.232,7.557],[-8.206,7.59],[-8.115,7.761],[-8.118,7.824],[-8.127,7.868],[-8.074,7.984],[-8.032,8.03],[-8.01,8.079],[-8.017,8.145],[-8.049,8.17],[-8.091,8.165],[-8.141,8.181],[-8.217,8.22],[-8.256,8.254],[-8.244,8.408],[-8.237,8.456],[-8.21,8.483],[-8.168,8.491],[-8.049,8.495],[-7.953,8.478],[-7.869,8.468],[-7.824,8.468],[-7.787,8.422],[-7.739,8.375],[-7.696,8.376],[-7.681,8.41],[-7.691,8.562],[-7.72,8.643],[-7.784,8.721],[-7.951,8.787],[-7.955,8.879],[-7.938,8.98],[-7.902,9.017],[-7.778,9.081],[-7.8,9.115],[-7.839,9.152],[-7.918,9.189],[-7.9,9.309],[-7.896,9.416],[-7.963,9.404],[-8.031,9.398],[-8.089,9.431],[-8.137,9.496],[-8.146,9.675],[-8.146,9.882],[-8.155,9.973],[-8.137,10.022],[-8.078,10.067],[-8.014,10.125],[-7.991,10.162]]]]}},{"type":"Feature","properties":{"code":"COD","name":"Democratic Republic of the Congo","continent":"Africa"},"geometry":{"type":"Polygon","coordinates":[[[30.751,-8.194],[30.578,-8.22],[30.328,-8.258],[30.051,-8.3],[29.766,-8.344],[29.484,-8.387],[29.216,-8.428],[28.972,-8.465],[28.898,-8.485],[28.934,-8.59],[28.918,-8.701],[28.87,-8.786],[28.794,-8.891],[28.759,-8.933],[28.681,-9.015],[28.617,-9.072],[28.484,-9.169],[28.401,-9.225],[28.4,-9.275],[28.541,-9.51],[28.604,-9.679],[28.63,-9.831],[28.629,-9.919],[28.624,-10.099],[28.617,-10.313],[28.607,-10.397],[28.646,-10.55],[28.639,-10.669],[28.544,-10.802],[28.518,-10.933],[28.47,-11.11],[28.404,-11.354],[28.357,-11.483],[28.383,-11.567],[28.407,-11.623],[28.432,-11.698],[28.483,-11.812],[28.542,-11.879],[28.575,-11.908],[28.769,-12.051],[28.85,-12.121],[28.973,-12.258],[29.064,-12.349],[29.191,-12.37],[29.344,-12.405],[29.428,-12.431],[29.486,-12.418],[29.505,-12.386],[29.502,-12.318],[29.492,-12.267],[29.508,-12.228],[29.56,-12.202],[29.692,-12.198],[29.75,-12.164],[29.795,-12.155],[29.795,-12.306],[29.796,-12.451],[29.796,-12.626],[29.796,-12.827],[29.796,-12.992],[29.796,-13.167],[29.796,-13.37],[29.795,-13.393],[29.775,-13.438],[29.723,-13.454],[29.652,-13.414],[29.648,-13.373],[29.63,-13.299],[29.597,-13.261],[29.554,-13.249],[29.481,-13.268],[29.382,-13.323],[29.254,-13.371],[29.202,-13.398],[29.112,-13.395],[29.014,-13.369],[28.942,-13.307],[28.922,-13.215],[28.859,-13.119],[28.773,-12.982],[28.73,-12.925],[28.673,-12.861],[28.615,-12.854],[28.551,-12.836],[28.511,-12.742],[28.474,-12.623],[28.451,-12.577],[28.413,-12.518],[28.358,-12.482],[28.237,-12.435],[28.069,-12.368],[27.857,-12.285],[27.757,-12.281],[27.644,-12.267],[27.574,-12.227],[27.533,-12.195],[27.487,-12.08],[27.424,-11.945],[27.238,-11.783],[27.196,-11.605],[27.159,-11.579],[27.095,-11.594],[27.046,-11.616],[27.027,-11.664],[26.977,-11.825],[26.95,-11.899],[26.931,-11.919],[26.89,-11.944],[26.824,-11.965],[26.73,-11.976],[26.596,-11.972],[26.43,-11.948],[26.34,-11.93],[26.096,-11.903],[26.026,-11.89],[25.927,-11.855],[25.855,-11.82],[25.619,-11.744],[25.512,-11.753],[25.46,-11.7],[25.413,-11.674],[25.349,-11.623],[25.321,-11.554],[25.283,-11.405],[25.292,-11.325],[25.319,-11.237],[25.289,-11.212],[25.246,-11.212],[25.185,-11.243],[25.076,-11.26],[24.877,-11.299],[24.806,-11.321],[24.728,-11.338],[24.668,-11.353],[24.519,-11.438],[24.467,-11.448],[24.378,-11.417],[24.335,-11.371],[24.378,-11.319],[24.396,-11.255],[24.366,-11.13],[24.32,-11.072],[24.187,-11.03],[24.137,-11.026],[24.115,-10.956],[24.078,-10.892],[24.003,-10.879],[23.967,-10.872],[23.929,-10.892],[23.907,-10.943],[23.901,-10.983],[23.834,-11.014],[23.696,-11.008],[23.56,-10.979],[23.464,-10.969],[23.4,-10.976],[23.157,-11.075],[23.076,-11.088],[22.815,-11.08],[22.667,-11.06],[22.561,-11.056],[22.486,-11.087],[22.393,-11.159],[22.315,-11.199],[22.279,-11.194],[22.257,-11.164],[22.226,-11.122],[22.217,-11.013],[22.178,-10.892],[22.204,-10.829],[22.28,-10.784],[22.307,-10.691],[22.283,-10.552],[22.282,-10.453],[22.302,-10.397],[22.275,-10.259],[22.198,-10.041],[22.089,-9.863],[21.949,-9.726],[21.857,-9.594],[21.813,-9.469],[21.829,-9.168],[21.872,-8.904],[21.905,-8.693],[21.896,-8.341],[21.801,-8.112],[21.78,-7.865],[21.834,-7.602],[21.842,-7.421],[21.806,-7.329],[21.782,-7.315],[21.751,-7.305],[21.511,-7.297],[21.19,-7.285],[20.911,-7.281],[20.608,-7.278],[20.558,-7.244],[20.536,-7.183],[20.537,-7.122],[20.599,-6.935],[20.59,-6.92],[20.482,-6.916],[20.19,-6.946],[19.997,-6.976],[19.875,-6.986],[19.66,-7.037],[19.528,-7.144],[19.484,-7.279],[19.487,-7.391],[19.48,-7.472],[19.419,-7.557],[19.372,-7.655],[19.37,-7.707],[19.341,-7.967],[19.143,-8.001],[18.944,-8.001],[18.898,-7.998],[18.653,-7.936],[18.563,-7.936],[18.485,-7.969],[18.335,-8.0],[18.192,-8.024],[18.047,-8.101],[18.009,-8.108],[17.913,-8.068],[17.779,-8.071],[17.643,-8.091],[17.58,-8.099],[17.536,-8.076],[17.411,-7.882],[17.245,-7.623],[17.155,-7.461],[17.122,-7.419],[17.064,-7.363],[16.985,-7.257],[16.952,-7.157],[16.966,-7.062],[16.919,-6.934],[16.813,-6.773],[16.743,-6.618],[16.709,-6.472],[16.701,-6.346],[16.718,-6.241],[16.697,-6.164],[16.64,-6.115],[16.608,-6.052],[16.585,-6.025],[16.537,-5.966],[16.431,-5.9],[16.315,-5.866],[16.06,-5.865],[15.727,-5.864],[15.425,-5.869],[15.089,-5.875],[14.749,-5.88],[14.658,-5.889],[14.399,-5.893],[14.191,-5.876],[14.114,-5.865],[13.979,-5.857],[13.765,-5.855],[13.649,-5.862],[13.371,-5.862],[13.346,-5.863],[13.303,-5.882],[13.184,-5.856],[13.068,-5.865],[13.003,-5.836],[12.861,-5.854],[12.792,-5.878],[12.681,-5.961],[12.515,-6.004],[12.453,-6.0],[12.412,-5.986],[12.315,-5.895],[12.24,-5.807],[12.214,-5.759],[12.255,-5.746],[12.386,-5.728],[12.485,-5.719],[12.504,-5.696],[12.519,-5.425],[12.522,-5.149],[12.487,-5.113],[12.453,-5.091],[12.451,-5.071],[12.503,-5.037],[12.574,-4.997],[12.596,-4.978],[12.675,-4.905],[12.83,-4.737],[12.947,-4.695],[13.057,-4.651],[13.073,-4.635],[13.087,-4.602],[13.137,-4.604],[13.152,-4.62],[13.176,-4.656],[13.22,-4.706],[13.297,-4.765],[13.376,-4.829],[13.415,-4.837],[13.478,-4.805],[13.552,-4.757],[13.66,-4.721],[13.685,-4.689],[13.699,-4.618],[13.708,-4.543],[13.717,-4.454],[13.739,-4.442],[13.778,-4.434],[13.85,-4.459],[13.882,-4.485],[13.941,-4.485],[13.978,-4.461],[14.047,-4.417],[14.134,-4.4],[14.227,-4.358],[14.316,-4.304],[14.358,-4.299],[14.403,-4.37],[14.443,-4.419],[14.45,-4.45],[14.41,-4.508],[14.365,-4.586],[14.403,-4.682],[14.412,-4.775],[14.411,-4.831],[14.441,-4.854],[14.462,-4.865],[14.494,-4.852],[14.558,-4.856],[14.634,-4.885],[14.708,-4.882],[14.779,-4.846],[14.912,-4.706],[15.106,-4.461],[15.267,-4.308],[15.395,-4.245],[15.481,-4.172],[15.526,-4.088],[15.6,-4.031],[15.755,-3.986],[15.872,-3.934],[15.99,-3.766],[16.147,-3.464],[16.191,-3.194],[16.217,-3.03],[16.202,-2.465],[16.192,-2.279],[16.215,-2.178],[16.274,-2.108],[16.434,-1.961],[16.541,-1.84],[16.622,-1.699],[16.78,-1.376],[16.849,-1.272],[16.88,-1.226],[16.975,-1.14],[17.108,-1.064],[17.279,-1.0],[17.543,-0.775],[17.753,-0.549],[17.724,-0.278],[17.773,-0.052],[17.888,0.234],[17.925,0.537],[17.886,0.857],[17.902,1.118],[18.012,1.422],[18.058,1.535],[18.073,1.719],[18.072,2.013],[18.212,2.415],[18.343,2.655],[18.491,2.924],[18.547,3.087],[18.622,3.304],[18.61,3.478],[18.597,3.679],[18.634,3.954],[18.62,4.117],[18.567,4.258],[18.594,4.346],[18.7,4.383],[18.832,4.523],[19.069,4.891],[19.323,5.071],[19.501,5.127],[19.686,5.121],[19.807,5.089],[19.863,5.031],[20.002,4.945],[20.226,4.83],[20.394,4.686],[20.487,4.542],[20.558,4.463],[20.647,4.436],[20.793,4.447],[20.956,4.413],[21.126,4.332],[21.23,4.302],[21.268,4.323],[21.35,4.311],[21.538,4.245],[21.687,4.281],[21.908,4.254],[22.422,4.135],[22.45,4.155],[22.462,4.16],[22.506,4.208],[22.617,4.446],[22.712,4.592],[22.756,4.647],[22.865,4.724],[22.993,4.744],[23.116,4.737],[23.219,4.703],[23.313,4.664],[23.417,4.663],[23.524,4.701],[23.682,4.771],[23.848,4.816],[23.992,4.866],[24.228,4.954],[24.32,4.994],[24.437,5.01],[24.766,4.93],[24.978,4.983],[25.065,4.967],[25.249,5.025],[25.283,5.063],[25.4,5.256],[25.525,5.312],[25.714,5.284],[25.82,5.254],[26.174,5.171],[26.633,5.085],[26.768,5.072],[26.822,5.062],[26.87,5.076],[27.021,5.184],[27.072,5.2],[27.115,5.198],[27.403,5.109],[27.439,5.039],[27.491,4.968],[27.664,4.846],[27.719,4.778],[27.761,4.703],[27.788,4.645],[27.842,4.598],[27.917,4.568],[27.981,4.532],[28.02,4.479],[28.079,4.425],[28.192,4.35],[28.247,4.349],[28.311,4.338],[28.367,4.319],[28.428,4.324],[28.525,4.373],[28.64,4.454],[28.727,4.505],[28.939,4.487],[29.057,4.446],[29.151,4.388],[29.225,4.392],[29.385,4.498],[29.47,4.612],[29.552,4.636],[29.677,4.587],[29.78,4.481],[29.87,4.327],[29.934,4.269],[30.021,4.178],[30.195,3.982],[30.421,3.884],[30.508,3.836],[30.537,3.787],[30.554,3.723],[30.559,3.653],[30.587,3.624],[30.648,3.634],[30.7,3.644],[30.757,3.624],[30.797,3.573],[30.817,3.533],[30.839,3.491],[30.895,3.464],[30.906,3.409],[30.868,3.342],[30.828,3.283],[30.779,3.163],[30.754,3.042],[30.787,3.001],[30.821,2.968],[30.84,2.933],[30.851,2.894],[30.847,2.847],[30.77,2.678],[30.73,2.53],[30.729,2.455],[30.83,2.4],[30.962,2.403],[31.004,2.369],[31.045,2.316],[31.082,2.288],[31.138,2.289],[31.176,2.27],[31.191,2.232],[31.236,2.191],[31.274,2.146],[31.256,2.088],[31.253,2.045],[31.159,1.922],[30.943,1.683],[30.478,1.239],[30.478,1.239],[30.321,1.185],[30.24,1.103],[30.183,0.973],[30.047,0.864],[29.943,0.819],[29.932,0.793],[29.924,0.674],[29.934,0.499],[29.885,0.419],[29.815,0.264],[29.778,0.166],[29.75,0.147],[29.718,0.098],[29.698,-0.06],[29.684,-0.114],[29.633,-0.442],[29.648,-0.535],[29.608,-0.691],[29.606,-0.783],[29.59,-0.887],[29.562,-0.977],[29.564,-1.121],[29.58,-1.357],[29.577,-1.388],[29.538,-1.41],[29.468,-1.468],[29.402,-1.507],[29.352,-1.518],[29.268,-1.622],[29.197,-1.72],[29.143,-1.816],[29.129,-1.86],[29.141,-1.985],[29.148,-2.132],[29.132,-2.195],[29.106,-2.233],[28.99,-2.313],[28.913,-2.37],[28.876,-2.4],[28.858,-2.447],[28.891,-2.556],[28.894,-2.635],[28.922,-2.682],[29.014,-2.72],[29.014,-2.758],[29.017,-2.8],[29.065,-2.851],[29.153,-2.955],[29.224,-3.054],[29.226,-3.139],[29.212,-3.281],[29.21,-3.363],[29.217,-3.476],[29.217,-3.685],[29.212,-3.834],[29.223,-3.911],[29.331,-4.095],[29.379,-4.3],[29.403,-4.449],[29.404,-4.497],[29.368,-4.669],[29.326,-4.836],[29.323,-4.899],[29.343,-4.983],[29.42,-5.176],[29.476,-5.317],[29.504,-5.401],[29.542,-5.5],[29.594,-5.651],[29.607,-5.723],[29.596,-5.776],[29.491,-5.965],[29.48,-6.025],[29.506,-6.172],[29.541,-6.314],[29.591,-6.394],[29.71,-6.617],[29.798,-6.692],[29.962,-6.803],[30.106,-6.915],[30.162,-6.973],[30.213,-7.038],[30.313,-7.204],[30.375,-7.339],[30.407,-7.461],[30.486,-7.627],[30.559,-7.782],[30.654,-7.971],[30.721,-8.104],[30.751,-8.194]]]}},{"type":"Feature","properties":{"code":"COG","name":"Republic of the Congo","continent":"Africa"},"geometry":{"type":"Polygon","coordinates":[[[11.13,-3.916],[11.19,-3.762],[11.234,-3.691],[11.288,-3.641],[11.504,-3.52],[11.537,-3.525],[11.686,-3.682],[11.733,-3.695],[11.786,-3.69],[11.849,-3.697],[11.88,-3.666],[11.885,-3.625],[11.839,-3.58],[11.833,-3.531],[11.865,-3.479],[11.883,-3.42],[11.929,-3.351],[11.934,-3.319],[11.885,-3.283],[11.784,-3.229],[11.715,-3.177],[11.689,-3.127],[11.708,-3.063],[11.763,-3.011],[11.76,-2.983],[11.711,-2.937],[11.676,-2.887],[11.639,-2.855],[11.538,-2.837],[11.557,-2.77],[11.595,-2.671],[11.603,-2.595],[11.575,-2.397],[11.578,-2.361],[11.605,-2.343],[11.666,-2.365],[11.727,-2.395],[11.892,-2.351],[11.95,-2.345],[11.998,-2.383],[12.064,-2.413],[12.446,-2.33],[12.454,-2.246],[12.476,-2.169],[12.479,-2.112],[12.463,-2.075],[12.444,-2.048],[12.432,-1.99],[12.432,-1.929],[12.469,-1.9],[12.59,-1.827],[12.628,-1.83],[12.714,-1.869],[12.794,-1.932],[12.864,-2.063],[12.914,-2.176],[12.992,-2.313],[13.159,-2.369],[13.357,-2.405],[13.465,-2.395],[13.619,-2.279],[13.706,-2.188],[13.734,-2.138],[13.784,-2.164],[13.842,-2.284],[13.879,-2.33],[13.888,-2.375],[13.862,-2.43],[13.887,-2.465],[13.994,-2.491],[14.087,-2.467],[14.13,-2.418],[14.2,-2.354],[14.2,-2.301],[14.163,-2.266],[14.163,-2.218],[14.202,-2.18],[14.24,-2.077],[14.251,-2.001],[14.288,-1.954],[14.359,-1.92],[14.384,-1.89],[14.423,-1.712],[14.403,-1.647],[14.403,-1.593],[14.447,-1.525],[14.456,-1.413],[14.437,-1.23],[14.424,-1.104],[14.411,-0.972],[14.445,-0.799],[14.481,-0.618],[14.474,-0.573],[14.425,-0.519],[14.364,-0.469],[14.207,-0.427],[14.148,-0.362],[14.103,-0.292],[14.069,-0.27],[13.898,-0.243],[13.86,-0.203],[13.875,-0.091],[13.891,0.075],[13.885,0.191],[13.915,0.284],[13.95,0.354],[14.025,0.428],[14.066,0.515],[14.088,0.537],[14.231,0.551],[14.283,0.587],[14.324,0.624],[14.342,0.674],[14.391,0.756],[14.434,0.811],[14.439,0.849],[14.43,0.901],[14.386,1.004],[14.334,1.09],[14.303,1.121],[14.24,1.323],[14.181,1.37],[14.066,1.396],[13.851,1.419],[13.721,1.382],[13.523,1.315],[13.372,1.268],[13.274,1.241],[13.216,1.248],[13.19,1.279],[13.228,1.305],[13.247,1.367],[13.223,1.455],[13.185,1.535],[13.163,1.648],[13.172,1.789],[13.209,1.92],[13.289,2.092],[13.294,2.162],[13.533,2.16],[13.773,2.157],[14.034,2.159],[14.287,2.16],[14.484,2.155],[14.579,2.199],[14.669,2.132],[14.713,2.117],[14.728,2.122],[14.763,2.075],[14.875,2.08],[14.893,2.069],[14.902,2.012],[15.006,2.014],[15.058,2.001],[15.1,2.002],[15.16,2.036],[15.204,2.024],[15.282,1.982],[15.339,1.945],[15.417,1.957],[15.6,1.95],[15.742,1.915],[15.882,1.817],[15.975,1.76],[16.059,1.676],[16.09,1.691],[16.12,1.714],[16.136,1.724],[16.135,1.796],[16.088,1.918],[16.07,2.022],[16.08,2.107],[16.116,2.168],[16.177,2.205],[16.183,2.262],[16.183,2.27],[16.252,2.407],[16.32,2.543],[16.401,2.701],[16.469,2.832],[16.46,2.897],[16.466,2.993],[16.48,3.101],[16.477,3.165],[16.496,3.209],[16.543,3.37],[16.57,3.463],[16.611,3.505],[16.673,3.535],[16.764,3.536],[17.003,3.557],[17.225,3.598],[17.298,3.617],[17.438,3.685],[17.492,3.687],[17.538,3.662],[17.807,3.584],[17.88,3.554],[17.907,3.558],[17.948,3.552],[18.011,3.551],[18.072,3.56],[18.111,3.551],[18.161,3.5],[18.194,3.505],[18.237,3.543],[18.318,3.581],[18.474,3.623],[18.5,3.604],[18.554,3.51],[18.61,3.478],[18.622,3.304],[18.547,3.087],[18.491,2.924],[18.343,2.655],[18.212,2.415],[18.072,2.013],[18.073,1.719],[18.058,1.535],[18.012,1.422],[17.902,1.118],[17.886,0.857],[17.925,0.537],[17.888,0.234],[17.773,-0.052],[17.724,-0.278],[17.753,-0.549],[17.543,-0.775],[17.279,-1.0],[17.108,-1.064],[16.975,-1.14],[16.88,-1.226],[16.849,-1.272],[16.78,-1.376],[16.622,-1.699],[16.541,-1.84],[16.434,-1.961],[16.274,-2.108],[16.215,-2.178],[16.192,-2.279],[16.202,-2.465],[16.217,-3.03],[16.191,-3.194],[16.147,-3.464],[15.99,-3.766],[15.872,-3.934],[15.755,-3.986],[15.6,-4.031],[15.526,-4.088],[15.481,-4.172],[15.395,-4.245],[15.267,-4.308],[15.106,-4.461],[14.912,-4.706],[14.779,-4.846],[14.708,-4.882],[14.634,-4.885],[14.558,-4.856],[14.494,-4.852],[14.462,-4.865],[14.441,-4.854],[14.411,-4.831],[14.412,-4.775],[14.403,-4.682],[14.365,-4.586],[14.41,-4.508],[14.45,-4.45],[14.443,-4.419],[14.403,-4.37],[14.358,-4.299],[14.316,-4.304],[14.227,-4.358],[14.134,-4.4],[14.047,-4.417],[13.978,-4.461],[13.941,-4.485],[13.882,-4.485],[13.85,-4.459],[13.778,-4.434],[13.739,-4.442],[13.717,-4.454],[13.708,-4.543],[13.699,-4.618],[13.685,-4.689],[13.66,-4.721],[13.552,-4.757],[13.478,-4.805],[13.415,-4.837],[13.376,-4.829],[13.297,-4.765],[13.22,-4.706],[13.176,-4.656],[13.152,-4.62],[13.137,-4.604],[13.087,-4.602],[13.073,-4.635],[13.048,-4.619],[12.971,-4.552],[12.881,-4.445],[12.848,-4.429],[12.798,-4.431],[12.719,-4.47],[12.642,-4.531],[12.501,-4.588],[12.385,-4.619],[12.374,-4.658],[12.347,-4.724],[12.308,-4.766],[12.204,-4.779],[12.167,-4.838],[12.078,-4.952],[12.018,-5.004],[12.003,-4.982],[11.967,-4.954],[11.893,-4.866],[11.821,-4.755],[11.801,-4.705],[11.781,-4.677],[11.778,-4.566],[11.668,-4.434],[11.394,-4.2],[11.364,-4.131],[11.13,-3.916]]]}},{"type":"Feature","properties":{"code":"COM","name":"Comoros","continent":"Africa"},"geometry":{"type":"MultiPolygon","coordinates":[[[[44.476,-12.082],[44.527,-12.22],[44.526,-12.324],[44.505,-12.357],[44.46,-12.335],[44.377,-12.252],[44.22,-12.171],[44.292,-12.165],[44.334,-12.173],[44.379,-12.166],[44.407,-12.12],[44.413,-12.093],[44.452,-12.071],[44.476,-12.082]]],[[[43.789,-12.307],[43.859,-12.368],[43.664,-12.343],[43.633,-12.288],[43.631,-12.247],[43.704,-12.256],[43.789,-12.307]]],[[[43.466,-11.901],[43.447,-11.915],[43.355,-11.858],[43.303,-11.844],[43.227,-11.752],[43.256,-11.432],[43.281,-11.391],[43.299,-11.375],[43.342,-11.368],[43.393,-11.409],[43.379,-11.614],[43.448,-11.753],[43.492,-11.862],[43.466,-11.901]]]]}},{"type":"Feature","properties":{"code":"CHN","name":"People's Republic of China","continent":"Asia"},"geometry":{"type":"MultiPolygon","coordinates":[[[[118.183,24.496],[118.15,24.436],[118.091,24.446],[118.089,24.489],[118.077,24.501],[118.093,24.541],[118.104,24.552],[118.171,24.519],[118.183,24.496]]],[[[121.863,31.492],[121.78,31.464],[121.52,31.55],[121.336,31.644],[121.227,31.758],[121.211,31.805],[121.339,31.797],[121.464,31.756],[121.492,31.694],[121.542,31.674],[121.577,31.637],[121.808,31.552],[121.844,31.526],[121.863,31.492]]],[[[122.296,29.963],[122.282,29.944],[122.158,30.001],[122.024,30.013],[121.978,30.064],[121.969,30.143],[122.111,30.14],[122.284,30.068],[122.322,30.031],[122.296,29.963]]],[[[122.173,29.679],[122.169,29.66],[122.084,29.725],[122.043,29.736],[122.062,29.773],[122.12,29.782],[122.165,29.701],[122.173,29.679]]],[[[122.404,29.892],[122.394,29.846],[122.368,29.853],[122.332,29.935],[122.351,29.955],[122.402,29.95],[122.404,29.892]]],[[[119.821,25.457],[119.747,25.411],[119.7,25.433],[119.699,25.495],[119.723,25.551],[119.696,25.591],[119.723,25.639],[119.778,25.653],[119.797,25.623],[119.829,25.607],[119.838,25.591],[119.839,25.56],[119.809,25.508],[119.832,25.48],[119.821,25.457]]],[[[110.385,21.093],[110.422,21.059],[110.522,21.083],[110.54,21.039],[110.539,21.018],[110.504,20.968],[110.422,21.007],[110.34,20.998],[110.281,21.001],[110.265,21.025],[110.31,21.075],[110.385,21.093]]],[[[121.251,28.086],[121.164,28.062],[121.132,28.063],[121.134,28.135],[121.205,28.204],[121.234,28.181],[121.251,28.145],[121.251,28.086]]],[[[113.555,22.804],[113.564,22.758],[113.486,22.828],[113.463,22.832],[113.426,22.859],[113.404,22.903],[113.465,22.905],[113.521,22.852],[113.555,22.804]]],[[[112.79,21.602],[112.771,21.582],[112.742,21.618],[112.733,21.67],[112.713,21.698],[112.761,21.733],[112.782,21.772],[112.839,21.765],[112.863,21.753],[112.813,21.712],[112.801,21.695],[112.79,21.602]]],[[[112.644,21.64],[112.546,21.619],[112.525,21.623],[112.559,21.675],[112.648,21.71],[112.644,21.64]]],[[[107.973,21.508],[107.908,21.56],[107.802,21.645],[107.759,21.655],[107.641,21.614],[107.471,21.598],[107.433,21.642],[107.351,21.609],[107.272,21.711],[107.179,21.717],[107.062,21.794],[107.02,21.835],[107.006,21.893],[106.971,21.924],[106.925,21.92],[106.875,21.951],[106.794,21.982],[106.729,22.0],[106.698,21.986],[106.664,21.979],[106.658,22.018],[106.66,22.136],[106.654,22.241],[106.637,22.289],[106.593,22.325],[106.554,22.342],[106.536,22.395],[106.55,22.501],[106.582,22.573],[106.633,22.586],[106.702,22.638],[106.736,22.711],[106.78,22.779],[106.624,22.874],[106.542,22.908],[106.451,22.894],[106.338,22.863],[106.279,22.857],[106.249,22.869],[106.184,22.955],[106.148,22.97],[106.068,22.976],[106.001,22.975],[105.962,22.937],[105.903,22.925],[105.843,22.923],[105.782,22.969],[105.691,23.03],[105.548,23.073],[105.531,23.122],[105.495,23.181],[105.44,23.235],[105.35,23.308],[105.275,23.345],[105.239,23.322],[105.189,23.281],[104.996,23.194],[104.91,23.161],[104.865,23.136],[104.827,23.1],[104.815,23.011],[104.796,22.911],[104.74,22.86],[104.687,22.822],[104.632,22.818],[104.578,22.82],[104.527,22.804],[104.372,22.704],[104.298,22.712],[104.238,22.769],[104.213,22.809],[104.143,22.8],[104.054,22.752],[104.013,22.666],[103.991,22.586],[103.971,22.55],[103.942,22.54],[103.915,22.538],[103.637,22.77],[103.62,22.782],[103.571,22.734],[103.525,22.612],[103.493,22.588],[103.471,22.597],[103.356,22.755],[103.327,22.77],[103.301,22.764],[103.266,22.714],[103.193,22.639],[103.138,22.593],[103.136,22.542],[103.076,22.498],[103.005,22.453],[102.982,22.448],[102.935,22.466],[102.874,22.525],[102.83,22.587],[102.721,22.648],[102.599,22.7],[102.517,22.741],[102.471,22.751],[102.428,22.733],[102.406,22.708],[102.376,22.647],[102.302,22.546],[102.237,22.466],[102.176,22.415],[102.127,22.379],[102.092,22.412],[102.024,22.439],[101.945,22.439],[101.842,22.388],[101.76,22.49],[101.739,22.495],[101.708,22.487],[101.671,22.462],[101.646,22.405],[101.62,22.327],[101.568,22.276],[101.525,22.254],[101.537,22.21],[101.562,22.162],[101.56,22.121],[101.576,22.055],[101.603,21.99],[101.7,21.882],[101.737,21.827],[101.744,21.778],[101.747,21.606],[101.743,21.534],[101.724,21.395],[101.723,21.315],[101.763,21.279],[101.802,21.236],[101.801,21.213],[101.783,21.204],[101.728,21.156],[101.705,21.15],[101.669,21.17],[101.622,21.184],[101.584,21.204],[101.542,21.234],[101.444,21.231],[101.281,21.184],[101.248,21.197],[101.224,21.224],[101.212,21.278],[101.22,21.342],[101.206,21.383],[101.175,21.408],[101.197,21.522],[101.139,21.567],[101.147,21.582],[101.128,21.705],[101.131,21.736],[101.121,21.746],[101.08,21.756],[101.019,21.736],[100.835,21.655],[100.677,21.505],[100.605,21.472],[100.531,21.458],[100.446,21.484],[100.351,21.501],[100.215,21.463],[100.148,21.481],[100.117,21.511],[100.089,21.558],[100.106,21.617],[100.096,21.661],[100.041,21.683],[99.978,21.702],[99.941,21.759],[99.926,21.821],[99.94,21.902],[99.948,21.988],[99.918,22.028],[99.825,22.05],[99.593,22.089],[99.389,22.111],[99.303,22.101],[99.233,22.11],[99.193,22.126],[99.173,22.153],[99.172,22.192],[99.205,22.283],[99.243,22.37],[99.338,22.498],[99.343,22.587],[99.338,22.689],[99.385,22.825],[99.467,22.927],[99.507,22.959],[99.497,23.005],[99.465,23.046],[99.418,23.069],[99.341,23.096],[99.22,23.103],[99.055,23.131],[98.864,23.191],[98.886,23.307],[98.883,23.38],[98.859,23.44],[98.82,23.483],[98.798,23.52],[98.832,23.624],[98.788,23.738],[98.735,23.783],[98.681,23.842],[98.677,23.905],[98.702,23.964],[98.834,24.091],[98.835,24.121],[98.802,24.119],[98.764,24.116],[98.583,24.07],[98.564,24.099],[98.499,24.116],[98.367,24.119],[98.213,24.111],[98.017,24.065],[97.838,23.986],[97.756,23.932],[97.686,23.898],[97.63,23.887],[97.565,23.911],[97.568,23.988],[97.691,24.131],[97.708,24.229],[97.671,24.313],[97.667,24.38],[97.624,24.423],[97.563,24.444],[97.531,24.492],[97.529,24.631],[97.583,24.775],[97.671,24.82],[97.724,24.842],[97.738,24.87],[97.711,24.97],[97.715,25.034],[97.767,25.158],[97.82,25.252],[97.918,25.236],[97.962,25.259],[98.011,25.293],[98.064,25.349],[98.1,25.416],[98.143,25.571],[98.173,25.595],[98.297,25.569],[98.334,25.587],[98.402,25.678],[98.466,25.789],[98.558,25.823],[98.625,25.827],[98.656,25.864],[98.655,25.918],[98.591,26.004],[98.564,26.072],[98.572,26.114],[98.663,26.139],[98.686,26.189],[98.672,26.299],[98.709,26.43],[98.732,26.583],[98.739,26.698],[98.738,26.786],[98.729,26.877],[98.717,27.045],[98.675,27.191],[98.682,27.245],[98.677,27.422],[98.651,27.572],[98.6,27.599],[98.504,27.648],[98.453,27.657],[98.409,27.639],[98.392,27.587],[98.35,27.538],[98.299,27.55],[98.274,27.599],[98.241,27.663],[98.13,27.968],[98.118,28.055],[98.099,28.142],[98.062,28.186],[98.022,28.212],[97.934,28.314],[97.888,28.356],[97.865,28.364],[97.817,28.356],[97.769,28.356],[97.73,28.407],[97.695,28.469],[97.659,28.5],[97.599,28.517],[97.538,28.51],[97.502,28.456],[97.478,28.426],[97.431,28.354],[97.356,28.254],[97.322,28.218],[97.289,28.237],[97.145,28.34],[97.075,28.369],[96.981,28.338],[96.833,28.362],[96.776,28.367],[96.653,28.45],[96.603,28.46],[96.428,28.406],[96.389,28.368],[96.366,28.367],[96.32,28.387],[96.281,28.412],[96.279,28.428],[96.326,28.469],[96.33,28.497],[96.327,28.525],[96.396,28.607],[96.581,28.764],[96.55,28.83],[96.477,28.959],[96.467,29.022],[96.436,29.051],[96.347,29.027],[96.162,28.91],[96.137,28.923],[96.141,28.963],[96.122,29.082],[96.181,29.118],[96.271,29.161],[96.34,29.21],[96.356,29.249],[96.337,29.261],[96.235,29.246],[96.195,29.272],[96.129,29.381],[96.08,29.424],[96.035,29.447],[95.885,29.391],[95.71,29.314],[95.516,29.206],[95.517,29.151],[95.494,29.137],[95.457,29.102],[95.42,29.054],[95.389,29.037],[95.353,29.036],[95.279,29.05],[95.145,29.104],[94.999,29.149],[94.967,29.144],[94.769,29.176],[94.763,29.201],[94.733,29.252],[94.677,29.297],[94.623,29.312],[94.468,29.216],[94.293,29.145],[94.193,29.06],[94.112,28.976],[94.018,28.96],[94.013,28.908],[93.974,28.861],[93.902,28.803],[93.761,28.73],[93.665,28.69],[93.361,28.654],[93.252,28.629],[93.207,28.591],[93.158,28.493],[93.119,28.402],[93.035,28.328],[92.882,28.228],[92.702,28.147],[92.653,28.093],[92.643,28.062],[92.666,28.05],[92.688,28.026],[92.688,27.989],[92.664,27.949],[92.547,27.879],[92.481,27.846],[92.415,27.825],[92.341,27.821],[92.27,27.83],[92.25,27.842],[92.222,27.827],[92.158,27.812],[92.101,27.808],[91.978,27.73],[91.909,27.73],[91.825,27.746],[91.713,27.76],[91.632,27.76],[91.629,27.801],[91.642,27.923],[91.606,27.952],[91.493,27.982],[91.368,28.022],[91.307,28.064],[91.273,28.078],[91.226,28.071],[91.15,28.027],[91.078,27.974],[91.021,27.97],[90.963,27.995],[90.907,28.027],[90.716,28.072],[90.63,28.079],[90.477,28.071],[90.353,28.08],[90.333,28.094],[90.334,28.119],[90.352,28.168],[90.363,28.217],[90.348,28.244],[90.221,28.278],[90.104,28.302],[89.981,28.311],[89.898,28.294],[89.817,28.256],[89.75,28.188],[89.653,28.158],[89.537,28.107],[89.481,28.06],[89.396,27.958],[89.273,27.833],[89.16,27.711],[89.102,27.593],[89.025,27.518],[88.948,27.464],[88.891,27.316],[88.833,27.363],[88.765,27.43],[88.749,27.522],[88.83,27.767],[88.849,27.869],[88.829,27.907],[88.804,28.007],[88.756,28.04],[88.621,28.092],[88.578,28.093],[88.532,28.057],[88.486,28.034],[88.426,28.012],[88.275,27.969],[88.141,27.949],[88.109,27.933],[88.099,27.905],[88.11,27.871],[88.023,27.883],[87.933,27.891],[87.861,27.886],[87.683,27.821],[87.623,27.815],[87.555,27.822],[87.464,27.824],[87.291,27.822],[87.141,27.838],[87.02,27.929],[86.934,27.968],[86.842,27.999],[86.75,28.022],[86.72,28.071],[86.691,28.095],[86.614,28.103],[86.554,28.085],[86.517,27.964],[86.485,27.94],[86.409,27.929],[86.329,27.96],[86.218,28.022],[86.174,28.092],[86.137,28.114],[86.079,28.084],[86.075,27.995],[86.064,27.935],[85.995,27.91],[85.954,27.928],[85.922,27.99],[85.84,28.135],[85.759,28.221],[85.678,28.277],[85.411,28.276],[85.212,28.293],[85.122,28.316],[85.089,28.372],[85.121,28.484],[85.16,28.572],[85.159,28.592],[85.126,28.603],[85.069,28.61],[84.855,28.554],[84.797,28.56],[84.759,28.579],[84.714,28.596],[84.677,28.622],[84.651,28.66],[84.465,28.753],[84.411,28.804],[84.312,28.868],[84.229,28.912],[84.176,29.036],[84.128,29.156],[84.101,29.22],[84.022,29.254],[83.936,29.279],[83.79,29.227],[83.671,29.188],[83.583,29.184],[83.457,29.306],[83.355,29.439],[83.235,29.555],[83.155,29.613],[83.014,29.618],[82.854,29.683],[82.641,29.831],[82.487,29.942],[82.221,30.064],[82.159,30.115],[82.135,30.159],[82.099,30.245],[82.043,30.327],[81.855,30.362],[81.642,30.387],[81.417,30.338],[81.255,30.093],[81.177,30.04],[81.11,30.037],[81.056,30.099],[81.01,30.165],[80.985,30.237],[80.874,30.291],[80.747,30.36],[80.682,30.415],[80.609,30.449],[80.541,30.464],[80.41,30.509],[80.261,30.561],[80.191,30.568],[80.186,30.605],[80.207,30.684],[80.194,30.759],[80.149,30.79],[80.081,30.782],[79.925,30.889],[79.919,30.89],[79.917,30.894],[79.872,30.925],[79.795,30.968],[79.664,30.965],[79.565,30.949],[79.493,30.994],[79.388,31.064],[79.37,31.08],[79.339,31.106],[79.233,31.242],[79.107,31.403],[79.044,31.426],[79.011,31.414],[78.974,31.329],[78.946,31.337],[78.9,31.331],[78.845,31.302],[78.792,31.294],[78.758,31.302],[78.744,31.324],[78.759,31.437],[78.727,31.472],[78.755,31.55],[78.803,31.618],[78.754,31.668],[78.693,31.74],[78.687,31.806],[78.72,31.888],[78.735,31.958],[78.726,31.984],[78.678,32.023],[78.496,32.216],[78.486,32.236],[78.455,32.3],[78.441,32.397],[78.417,32.467],[78.39,32.52],[78.392,32.545],[78.412,32.558],[78.526,32.571],[78.632,32.579],[78.701,32.597],[78.737,32.558],[78.754,32.499],[78.771,32.468],[78.838,32.412],[78.919,32.358],[78.998,32.365],[79.067,32.388],[79.127,32.476],[79.17,32.497],[79.219,32.501],[79.219,32.508],[79.217,32.564],[79.234,32.703],[79.228,32.759],[79.206,32.809],[79.21,32.865],[79.202,32.946],[79.146,33.001],[79.109,33.023],[79.103,33.053],[79.122,33.108],[79.135,33.172],[79.112,33.226],[79.067,33.25],[79.013,33.291],[78.948,33.347],[78.917,33.387],[78.865,33.431],[78.802,33.5],[78.79,33.65],[78.784,33.809],[78.762,33.888],[78.727,34.013],[78.732,34.056],[78.753,34.088],[78.932,34.189],[78.971,34.228],[78.977,34.258],[78.97,34.303],[78.936,34.352],[78.865,34.39],[78.763,34.453],[78.671,34.518],[78.516,34.558],[78.327,34.606],[78.282,34.654],[78.236,34.77],[78.158,34.946],[78.076,35.135],[78.012,35.251],[78.009,35.307],[78.047,35.449],[78.043,35.48],[78.009,35.49],[77.946,35.472],[77.895,35.449],[77.852,35.461],[77.811,35.485],[77.803,35.493],[77.799,35.496],[77.724,35.481],[77.573,35.472],[77.52,35.473],[77.446,35.476],[77.295,35.508],[77.09,35.552],[76.879,35.613],[76.767,35.662],[76.728,35.679],[76.632,35.729],[76.563,35.773],[76.551,35.887],[76.502,35.878],[76.386,35.837],[76.252,35.811],[76.178,35.811],[76.148,35.829],[76.103,35.949],[76.071,35.983],[76.01,35.996],[75.945,36.018],[75.912,36.049],[75.905,36.088],[75.934,36.134],[75.969,36.169],[75.974,36.382],[75.952,36.458],[75.933,36.522],[75.885,36.601],[75.84,36.65],[75.772,36.695],[75.667,36.742],[75.574,36.759],[75.46,36.725],[75.424,36.738],[75.377,36.884],[75.347,36.913],[75.145,36.973],[75.054,36.987],[74.949,36.968],[74.889,36.952],[74.841,36.979],[74.766,37.013],[74.692,37.036],[74.601,37.037],[74.541,37.022],[74.526,37.031],[74.498,37.057],[74.376,37.137],[74.372,37.158],[74.559,37.237],[74.669,37.267],[74.727,37.291],[74.739,37.286],[74.767,37.249],[74.84,37.225],[74.891,37.232],[74.918,37.25],[75.008,37.294],[75.079,37.344],[75.119,37.386],[75.097,37.451],[74.986,37.53],[74.916,37.573],[74.894,37.601],[74.912,37.687],[74.938,37.773],[74.921,37.805],[74.9,37.833],[74.891,37.926],[74.842,38.038],[74.79,38.104],[74.775,38.192],[74.772,38.275],[74.836,38.404],[74.812,38.46],[74.745,38.51],[74.514,38.6],[74.277,38.66],[74.187,38.658],[74.131,38.661],[74.065,38.608],[74.026,38.54],[73.97,38.534],[73.869,38.563],[73.802,38.607],[73.754,38.699],[73.717,38.817],[73.696,38.854],[73.707,38.886],[73.73,38.915],[73.795,38.941],[73.805,38.969],[73.796,39.002],[73.744,39.045],[73.69,39.105],[73.607,39.229],[73.623,39.298],[73.636,39.397],[73.632,39.449],[73.716,39.462],[73.823,39.489],[73.873,39.533],[73.907,39.579],[73.915,39.606],[73.883,39.715],[73.84,39.763],[73.835,39.8],[73.856,39.829],[73.885,39.878],[73.939,39.979],[73.992,40.043],[74.021,40.059],[74.085,40.074],[74.243,40.092],[74.412,40.137],[74.613,40.272],[74.68,40.311],[74.768,40.33],[74.83,40.329],[74.842,40.345],[74.801,40.429],[74.811,40.459],[74.835,40.483],[74.866,40.494],[75.004,40.45],[75.111,40.454],[75.241,40.48],[75.521,40.628],[75.556,40.625],[75.583,40.605],[75.617,40.517],[75.656,40.329],[75.677,40.306],[75.872,40.303],[76.004,40.371],[76.062,40.388],[76.157,40.376],[76.206,40.408],[76.258,40.431],[76.319,40.352],[76.396,40.39],[76.48,40.45],[76.521,40.511],[76.578,40.578],[76.622,40.662],[76.64,40.742],[76.661,40.78],[76.708,40.818],[76.824,40.982],[76.908,41.024],[76.987,41.039],[77.182,41.011],[77.284,41.014],[77.582,40.993],[77.719,41.024],[77.815,41.056],[77.956,41.051],[78.123,41.076],[78.346,41.281],[78.349,41.325],[78.362,41.372],[78.443,41.418],[78.543,41.46],[78.743,41.56],[79.148,41.719],[79.294,41.783],[79.354,41.781],[79.504,41.821],[79.766,41.899],[79.84,41.996],[79.91,42.015],[80.216,42.032],[80.235,42.043],[80.246,42.06],[80.229,42.13],[80.209,42.19],[80.233,42.208],[80.259,42.235],[80.255,42.274],[80.206,42.399],[80.179,42.518],[80.162,42.626],[80.165,42.666],[80.202,42.734],[80.25,42.797],[80.424,42.856],[80.539,42.873],[80.544,42.912],[80.451,42.936],[80.383,42.974],[80.371,42.996],[80.375,43.02],[80.39,43.043],[80.507,43.086],[80.617,43.128],[80.751,43.102],[80.778,43.119],[80.786,43.162],[80.757,43.204],[80.73,43.274],[80.668,43.31],[80.665,43.353],[80.704,43.427],[80.651,43.564],[80.593,43.685],[80.496,43.892],[80.432,43.952],[80.396,44.047],[80.355,44.097],[80.359,44.171],[80.365,44.223],[80.355,44.327],[80.336,44.438],[80.355,44.552],[80.391,44.627],[80.381,44.655],[80.401,44.677],[80.455,44.684],[80.482,44.715],[80.455,44.746],[80.361,44.77],[80.255,44.808],[80.128,44.804],[79.997,44.797],[79.932,44.825],[79.875,44.861],[79.872,44.884],[79.95,44.944],[80.059,45.006],[80.228,45.034],[80.415,45.075],[80.509,45.105],[80.635,45.127],[80.78,45.136],[80.853,45.129],[81.04,45.169],[81.335,45.246],[81.602,45.311],[81.692,45.349],[81.759,45.311],[81.79,45.226],[81.867,45.182],[81.945,45.161],[81.989,45.162],[82.123,45.195],[82.267,45.219],[82.323,45.206],[82.397,45.162],[82.479,45.124],[82.521,45.125],[82.559,45.155],[82.597,45.216],[82.621,45.293],[82.626,45.374],[82.612,45.424],[82.583,45.443],[82.452,45.472],[82.327,45.52],[82.312,45.564],[82.315,45.595],[82.348,45.672],[82.43,45.812],[82.512,46.006],[82.555,46.159],[82.692,46.387],[82.8,46.624],[82.975,46.966],[83.004,47.033],[83.02,47.141],[83.029,47.186],[83.09,47.209],[83.193,47.187],[83.444,47.109],[83.634,47.043],[83.714,47.021],[83.833,46.998],[84.016,46.971],[84.122,46.979],[84.215,46.995],[84.339,46.996],[84.532,46.976],[84.592,46.975],[84.667,46.972],[84.72,46.939],[84.746,46.864],[84.786,46.831],[84.858,46.843],[85.012,46.909],[85.111,46.961],[85.233,47.036],[85.355,47.047],[85.485,47.064],[85.53,47.101],[85.577,47.188],[85.657,47.255],[85.67,47.338],[85.642,47.397],[85.587,47.494],[85.588,47.558],[85.562,47.746],[85.526,47.916],[85.562,48.052],[85.626,48.204],[85.652,48.251],[85.692,48.312],[85.749,48.385],[85.83,48.408],[86.056,48.424],[86.266,48.455],[86.373,48.486],[86.483,48.505],[86.549,48.529],[86.664,48.636],[86.718,48.697],[86.758,48.861],[86.729,48.939],[86.753,49.009],[86.808,49.05],[86.886,49.091],[86.938,49.098],[87.049,49.11],[87.23,49.106],[87.323,49.086],[87.417,49.077],[87.476,49.091],[87.516,49.122],[87.577,49.132],[87.668,49.147],[87.763,49.166],[87.814,49.162],[87.825,49.116],[87.816,49.08],[87.835,49.032],[87.872,49.0],[87.86,48.966],[87.807,48.946],[87.755,48.919],[87.743,48.882],[87.809,48.836],[87.832,48.792],[87.942,48.765],[88.028,48.736],[88.06,48.707],[88.05,48.675],[88.011,48.64],[87.972,48.603],[87.967,48.581],[87.98,48.555],[88.063,48.538],[88.158,48.509],[88.31,48.472],[88.414,48.403],[88.517,48.384],[88.567,48.317],[88.576,48.22],[88.682,48.171],[88.838,48.102],[88.918,48.089],[88.971,48.05],[89.048,48.003],[89.116,47.988],[89.196,47.981],[89.33,48.025],[89.479,48.029],[89.561,48.004],[89.638,47.909],[89.693,47.879],[89.726,47.852],[89.778,47.827],[89.831,47.823],[89.91,47.844],[89.959,47.886],[90.028,47.878],[90.054,47.85],[90.067,47.804],[90.103,47.745],[90.191,47.702],[90.313,47.676],[90.331,47.655],[90.347,47.597],[90.381,47.557],[90.425,47.504],[90.467,47.408],[90.476,47.329],[90.496,47.285],[90.553,47.214],[90.643,47.1],[90.716,47.004],[90.799,46.985],[90.87,46.954],[90.911,46.883],[90.986,46.749],[90.998,46.661],[91.004,46.596],[91.029,46.566],[91.034,46.529],[90.971,46.388],[90.918,46.324],[90.912,46.271],[90.948,46.177],[90.997,46.105],[91.002,46.036],[90.96,45.985],[90.887,45.922],[90.852,45.885],[90.796,45.854],[90.71,45.731],[90.671,45.595],[90.662,45.525],[90.694,45.475],[90.75,45.419],[90.763,45.371],[90.853,45.263],[90.877,45.196],[90.914,45.194],[90.954,45.216],[91.05,45.217],[91.138,45.194],[91.222,45.145],[91.312,45.118],[91.441,45.125],[91.51,45.098],[91.584,45.077],[91.738,45.069],[91.853,45.069],[92.03,45.069],[92.173,45.035],[92.424,45.009],[92.579,45.011],[92.788,45.036],[92.916,45.02],[93.294,44.983],[93.516,44.944],[93.656,44.901],[93.755,44.832],[93.868,44.724],[93.958,44.675],[94.199,44.645],[94.365,44.519],[94.494,44.473],[94.712,44.351],[94.866,44.303],[95.05,44.259],[95.35,44.278],[95.367,44.262],[95.344,44.195],[95.326,44.105],[95.326,44.039],[95.356,44.006],[95.471,43.986],[95.526,43.954],[95.567,43.892],[95.591,43.854],[95.687,43.664],[95.842,43.384],[95.86,43.276],[95.912,43.206],[96.08,43.096],[96.168,43.015],[96.3,42.929],[96.342,42.849],[96.352,42.747],[96.385,42.72],[96.625,42.744],[96.833,42.76],[97.206,42.79],[97.719,42.736],[98.248,42.685],[98.716,42.639],[98.947,42.616],[99.468,42.568],[99.757,42.629],[99.984,42.677],[100.086,42.671],[100.519,42.617],[100.773,42.588],[101.092,42.551],[101.314,42.538],[101.495,42.539],[101.579,42.524],[101.66,42.5],[101.714,42.466],[101.88,42.292],[101.973,42.216],[102.157,42.158],[102.575,42.092],[102.807,42.052],[103.073,42.006],[103.248,41.937],[103.45,41.856],[103.711,41.751],[103.997,41.797],[104.305,41.846],[104.498,41.877],[104.498,41.659],[104.774,41.641],[104.86,41.644],[104.982,41.596],[105.051,41.616],[105.115,41.663],[105.197,41.738],[105.314,41.771],[105.517,41.855],[105.566,41.875],[105.868,41.994],[106.317,42.141],[106.519,42.212],[106.579,42.227],[106.693,42.264],[106.77,42.289],[106.906,42.309],[107.091,42.322],[107.292,42.349],[107.749,42.401],[107.806,42.406],[108.062,42.427],[108.171,42.447],[108.334,42.437],[108.546,42.429],[108.687,42.416],[108.875,42.426],[109.132,42.441],[109.34,42.438],[109.443,42.456],[109.596,42.511],[109.698,42.554],[109.859,42.606],[110.058,42.661],[110.197,42.71],[110.289,42.743],[110.4,42.774],[110.43,42.814],[110.462,42.844],[110.521,42.895],[110.628,42.991],[110.709,43.074],[110.749,43.111],[110.84,43.194],[110.913,43.257],[111.007,43.341],[111.087,43.369],[111.187,43.392],[111.451,43.475],[111.504,43.493],[111.547,43.496],[111.641,43.563],[111.72,43.621],[111.771,43.665],[111.878,43.68],[111.933,43.711],[111.943,43.752],[111.932,43.815],[111.88,43.879],[111.837,43.935],[111.684,44.041],[111.603,44.107],[111.52,44.192],[111.486,44.272],[111.43,44.322],[111.402,44.367],[111.411,44.419],[111.489,44.512],[111.515,44.57],[111.547,44.673],[111.621,44.827],[111.681,44.899],[111.751,44.97],[111.898,45.064],[112.033,45.082],[112.113,45.063],[112.292,45.063],[112.411,45.058],[112.499,45.011],[112.597,44.918],[112.707,44.883],[113.049,44.81],[113.196,44.795],[113.301,44.792],[113.456,44.767],[113.508,44.762],[113.587,44.746],[113.653,44.763],[113.752,44.826],[113.877,44.896],[113.931,44.912],[114.03,44.943],[114.08,44.971],[114.167,45.05],[114.281,45.111],[114.419,45.203],[114.487,45.272],[114.502,45.316],[114.517,45.365],[114.56,45.39],[114.644,45.413],[114.739,45.42],[114.919,45.378],[115.163,45.39],[115.217,45.396],[115.439,45.42],[115.539,45.44],[115.681,45.458],[115.789,45.535],[115.934,45.626],[116.04,45.677],[116.11,45.687],[116.198,45.739],[116.241,45.796],[116.229,45.846],[116.213,45.887],[116.265,45.963],[116.358,46.097],[116.445,46.159],[116.517,46.209],[116.563,46.29],[116.619,46.313],[116.689,46.322],[116.787,46.377],[116.859,46.388],[116.979,46.362],[117.156,46.355],[117.269,46.352],[117.333,46.362],[117.357,46.391],[117.356,46.437],[117.392,46.538],[117.406,46.571],[117.438,46.586],[117.547,46.588],[117.621,46.552],[117.671,46.522],[117.741,46.518],[117.813,46.538],[117.91,46.619],[118.071,46.667],[118.157,46.679],[118.309,46.717],[118.404,46.703],[118.58,46.692],[118.649,46.702],[118.723,46.692],[118.79,46.747],[118.844,46.76],[118.957,46.735],[119.029,46.692],[119.162,46.639],[119.332,46.614],[119.474,46.627],[119.62,46.604],[119.707,46.606],[119.747,46.627],[119.867,46.672],[119.896,46.733],[119.884,46.791],[119.898,46.858],[119.863,46.907],[119.788,46.979],[119.76,47.027],[119.757,47.09],[119.711,47.15],[119.6,47.222],[119.527,47.256],[119.377,47.381],[119.326,47.41],[119.309,47.431],[119.291,47.473],[119.235,47.493],[119.162,47.525],[119.123,47.558],[119.097,47.616],[119.082,47.654],[119.018,47.685],[118.953,47.703],[118.88,47.725],[118.76,47.758],[118.691,47.822],[118.568,47.943],[118.498,47.984],[118.24,48.0],[118.147,48.029],[118.042,48.019],[117.979,48.0],[117.84,48.0],[117.768,47.988],[117.677,47.908],[117.555,47.805],[117.455,47.741],[117.384,47.676],[117.351,47.652],[117.286,47.666],[117.197,47.74],[117.07,47.806],[116.952,47.837],[116.901,47.853],[116.761,47.87],[116.652,47.865],[116.513,47.84],[116.378,47.844],[116.317,47.86],[116.231,47.858],[116.075,47.79],[115.994,47.711],[115.898,47.687],[115.812,47.738],[115.712,47.799],[115.616,47.875],[115.558,47.945],[115.525,48.131],[115.639,48.186],[115.786,48.248],[115.797,48.346],[115.792,48.456],[115.821,48.577],[115.954,48.689],[116.025,48.782],[116.034,48.84],[116.098,48.936],[116.16,49.037],[116.243,49.17],[116.402,49.406],[116.59,49.685],[116.683,49.824],[116.889,49.738],[117.022,49.693],[117.246,49.625],[117.477,49.609],[117.698,49.536],[117.813,49.514],[117.873,49.513],[118.187,49.693],[118.452,49.844],[118.756,49.963],[118.979,49.979],[119.147,50.013],[119.26,50.066],[119.326,50.155],[119.346,50.279],[119.302,50.354],[119.192,50.38],[119.164,50.406],[119.217,50.433],[119.256,50.484],[119.281,50.561],[119.344,50.634],[119.446,50.703],[119.502,50.779],[119.512,50.863],[119.573,50.947],[119.685,51.03],[119.746,51.108],[119.757,51.179],[119.813,51.267],[119.967,51.422],[120.067,51.601],[120.237,51.723],[120.511,51.849],[120.681,51.973],[120.75,52.097],[120.745,52.205],[120.665,52.3],[120.65,52.396],[120.699,52.494],[120.656,52.567],[120.521,52.615],[120.36,52.627],[120.173,52.602],[120.068,52.633],[120.044,52.718],[120.095,52.787],[120.218,52.84],[120.421,52.968],[120.704,53.172],[120.985,53.285],[121.405,53.317],[121.744,53.384],[122.089,53.451],[122.338,53.485],[122.38,53.462],[122.516,53.457],[122.745,53.469],[122.958,53.498],[123.154,53.545],[123.31,53.556],[123.424,53.531],[123.489,53.529],[123.535,53.526],[123.56,53.527],[123.608,53.547],[123.741,53.511],[123.995,53.406],[124.154,53.359],[124.22,53.37],[124.291,53.341],[124.369,53.271],[124.466,53.23],[124.64,53.211],[124.812,53.134],[124.882,53.13],[124.907,53.173],[124.971,53.197],[125.075,53.204],[125.226,53.166],[125.422,53.084],[125.546,53.048],[125.596,53.057],[125.649,53.042],[125.692,53.004],[125.695,52.956],[125.681,52.931],[125.728,52.891],[125.783,52.891],[125.872,52.872],[125.942,52.801],[126.004,52.768],[126.048,52.739],[126.056,52.716],[126.06,52.692],[126.047,52.673],[126.023,52.643],[126.016,52.61],[126.046,52.573],[126.157,52.547],[126.194,52.519],[126.203,52.484],[126.238,52.445],[126.313,52.4],[126.342,52.362],[126.324,52.332],[126.346,52.306],[126.383,52.287],[126.392,52.215],[126.395,52.173],[126.456,52.126],[126.468,52.031],[126.511,51.926],[126.654,51.781],[126.701,51.703],[126.689,51.61],[126.709,51.566],[126.775,51.545],[126.805,51.506],[126.802,51.448],[126.827,51.412],[126.848,51.374],[126.834,51.315],[126.854,51.261],[126.888,51.23],[126.912,51.172],[126.925,51.1],[127.02,50.986],[127.198,50.829],[127.307,50.708],[127.347,50.621],[127.347,50.55],[127.308,50.494],[127.306,50.454],[127.341,50.428],[127.351,50.394],[127.337,50.35],[127.395,50.299],[127.59,50.209],[127.512,50.072],[127.492,49.975],[127.502,49.873],[127.551,49.802],[127.637,49.76],[127.69,49.717],[127.711,49.672],[127.814,49.622],[128.0,49.569],[128.237,49.559],[128.527,49.594],[128.704,49.6],[128.769,49.577],[128.791,49.542],[128.77,49.495],[128.819,49.464],[128.938,49.449],[129.02,49.419],[129.065,49.375],[129.12,49.362],[129.185,49.381],[129.248,49.379],[129.31,49.354],[129.35,49.362],[129.385,49.389],[129.441,49.389],[129.498,49.389],[129.534,49.323],[129.591,49.287],[129.671,49.279],[129.793,49.199],[130.037,48.972],[130.196,48.892],[130.355,48.866],[130.553,48.861],[130.617,48.773],[130.566,48.68],[130.552,48.602],[130.597,48.575],[130.659,48.483],[130.747,48.43],[130.763,48.388],[130.804,48.342],[130.787,48.255],[130.712,48.128],[130.733,48.019],[130.849,47.929],[130.915,47.843],[130.933,47.76],[130.962,47.709],[131.003,47.691],[131.122,47.698],[131.319,47.728],[131.464,47.723],[131.557,47.682],[131.785,47.681],[132.15,47.718],[132.38,47.729],[132.476,47.715],[132.562,47.769],[132.637,47.89],[132.707,47.947],[132.773,47.94],[132.877,47.979],[133.02,48.064],[133.144,48.106],[133.301,48.102],[133.468,48.097],[133.573,48.133],[133.672,48.208],[133.842,48.274],[134.206,48.36],[134.293,48.373],[134.335,48.369],[134.456,48.355],[134.564,48.322],[134.665,48.254],[134.681,48.21],[134.669,48.153],[134.647,48.12],[134.605,48.083],[134.566,48.023],[134.591,47.975],[134.65,47.874],[134.699,47.801],[134.752,47.715],[134.728,47.684],[134.696,47.625],[134.596,47.524],[134.542,47.485],[134.483,47.447],[134.383,47.438],[134.339,47.429],[134.291,47.414],[134.26,47.378],[134.225,47.353],[134.168,47.302],[134.163,47.259],[134.189,47.194],[134.202,47.128],[134.137,47.069],[134.086,46.978],[134.071,46.951],[134.046,46.882],[134.039,46.858],[134.023,46.713],[133.958,46.614],[133.867,46.499],[133.887,46.431],[133.903,46.367],[133.88,46.336],[133.875,46.309],[133.861,46.248],[133.833,46.224],[133.75,46.186],[133.701,46.14],[133.711,46.07],[133.686,46.009],[133.648,45.955],[133.608,45.92],[133.551,45.898],[133.513,45.879],[133.485,45.81],[133.476,45.758],[133.449,45.705],[133.466,45.651],[133.436,45.605],[133.355,45.572],[133.31,45.553],[133.267,45.545],[133.186,45.495],[133.113,45.321],[133.097,45.22],[133.113,45.131],[133.012,45.075],[132.936,45.03],[132.889,45.046],[132.839,45.061],[132.723,45.081],[132.666,45.094],[132.549,45.123],[132.363,45.16],[132.181,45.203],[132.067,45.226],[131.978,45.244],[131.909,45.274],[131.852,45.327],[131.795,45.305],[131.742,45.243],[131.654,45.205],[131.614,45.137],[131.579,45.084],[131.488,45.013],[131.447,44.984],[131.268,44.936],[131.228,44.92],[131.082,44.91],[131.033,44.889],[130.982,44.844],[130.968,44.8],[131.004,44.753],[131.061,44.66],[131.087,44.596],[131.126,44.469],[131.255,44.072],[131.213,44.003],[131.174,43.705],[131.184,43.651],[131.18,43.567],[131.182,43.506],[131.209,43.49],[131.244,43.469],[131.262,43.433],[131.257,43.378],[131.239,43.338],[131.212,43.258],[131.176,43.142],[131.136,43.098],[131.109,43.062],[131.086,43.038],[131.083,42.956],[131.069,42.902],[131.006,42.883],[130.943,42.852],[130.869,42.863],[130.803,42.857],[130.722,42.836],[130.577,42.812],[130.493,42.779],[130.453,42.755],[130.425,42.727],[130.42,42.7],[130.439,42.686],[130.521,42.674],[130.577,42.623],[130.584,42.567],[130.527,42.535],[130.498,42.571],[130.45,42.582],[130.361,42.631],[130.296,42.685],[130.247,42.745],[130.249,42.873],[130.24,42.892],[130.151,42.918],[130.125,42.956],[130.083,42.974],[130.022,42.963],[129.977,42.975],[129.941,42.996],[129.898,42.998],[129.861,42.965],[129.842,42.894],[129.779,42.777],[129.773,42.705],[129.746,42.604],[129.72,42.475],[129.698,42.448],[129.628,42.444],[129.604,42.436],[129.568,42.392],[129.524,42.385],[129.485,42.41],[129.424,42.436],[129.366,42.439],[129.314,42.414],[129.253,42.358],[129.218,42.313],[129.205,42.271],[129.196,42.218],[129.134,42.169],[129.077,42.142],[128.961,42.069],[128.923,42.038],[128.84,42.038],[128.749,42.041],[128.627,42.021],[128.427,42.011],[128.308,42.026],[128.16,42.012],[128.045,41.987],[128.029,41.952],[128.033,41.898],[128.056,41.864],[128.084,41.841],[128.132,41.769],[128.182,41.7],[128.258,41.655],[128.289,41.607],[128.291,41.563],[128.255,41.507],[128.2,41.433],[128.149,41.388],[128.111,41.389],[128.053,41.416],[128.013,41.449],[127.919,41.461],[127.688,41.44],[127.572,41.455],[127.517,41.482],[127.42,41.484],[127.271,41.52],[127.18,41.531],[127.137,41.555],[127.128,41.607],[127.085,41.644],[127.061,41.687],[127.007,41.742],[126.955,41.769],[126.904,41.781],[126.847,41.748],[126.788,41.718],[126.743,41.725],[126.722,41.717],[126.697,41.692],[126.601,41.641],[126.578,41.594],[126.54,41.496],[126.514,41.394],[126.49,41.358],[126.451,41.352],[126.412,41.321],[126.329,41.226],[126.254,41.138],[126.145,41.078],[126.093,41.024],[126.067,40.974],[125.989,40.905],[125.875,40.892],[125.784,40.872],[125.728,40.867],[125.688,40.839],[125.659,40.796],[125.645,40.779],[125.594,40.779],[125.543,40.743],[125.417,40.66],[125.314,40.645],[125.186,40.589],[125.073,40.547],[125.026,40.524],[125.013,40.498],[124.997,40.465],[124.942,40.458],[124.889,40.46],[124.772,40.384],[124.712,40.319],[124.481,40.182],[124.387,40.104],[124.362,40.004],[124.35,40.012],[124.267,39.924],[124.106,39.841],[123.76,39.822],[123.651,39.882],[123.611,39.841],[123.581,39.786],[123.49,39.768],[123.348,39.763],[123.269,39.727],[123.227,39.687],[123.032,39.674],[122.961,39.62],[122.84,39.601],[122.335,39.366],[122.225,39.267],[122.121,39.152],[122.048,39.094],[121.982,39.053],[121.923,39.037],[121.864,38.996],[121.805,38.991],[121.745,39.01],[121.677,39.003],[121.633,38.955],[121.67,38.892],[121.65,38.865],[121.517,38.831],[121.32,38.808],[121.236,38.767],[121.207,38.744],[121.164,38.732],[121.122,38.813],[121.107,38.921],[121.188,38.947],[121.263,38.96],[121.68,39.109],[121.628,39.22],[121.665,39.269],[121.758,39.348],[121.818,39.387],[121.785,39.401],[121.513,39.375],[121.356,39.377],[121.275,39.385],[121.3,39.452],[121.286,39.519],[121.267,39.545],[121.406,39.621],[121.47,39.64],[121.518,39.639],[121.514,39.685],[121.474,39.755],[121.517,39.845],[121.801,39.951],[121.869,40.046],[121.983,40.136],[122.191,40.358],[122.203,40.396],[122.264,40.5],[122.275,40.542],[122.179,40.603],[122.14,40.688],[121.859,40.842],[121.835,40.974],[121.809,40.969],[121.766,40.876],[121.729,40.846],[121.599,40.843],[121.537,40.878],[121.175,40.901],[121.086,40.842],[121.003,40.749],[120.922,40.683],[120.841,40.649],[120.771,40.589],[120.479,40.231],[120.369,40.204],[119.85,39.987],[119.591,39.903],[119.391,39.752],[119.322,39.662],[119.261,39.561],[119.225,39.408],[119.04,39.222],[118.977,39.183],[118.912,39.166],[118.826,39.172],[118.752,39.16],[118.626,39.177],[118.472,39.118],[118.298,39.067],[118.148,39.195],[118.041,39.227],[117.866,39.191],[117.785,39.134],[117.617,38.853],[117.554,38.691],[117.558,38.625],[117.656,38.424],[117.767,38.312],[118.015,38.183],[118.543,38.095],[118.667,38.126],[118.8,38.127],[118.94,38.043],[119.028,37.904],[119.036,37.809],[119.038,37.777],[119.07,37.749],[119.089,37.701],[119.033,37.661],[118.991,37.641],[118.955,37.494],[118.953,37.331],[118.998,37.277],[119.112,37.201],[119.287,37.138],[119.45,37.125],[119.761,37.155],[119.888,37.253],[119.88,37.296],[119.883,37.351],[120.156,37.495],[120.312,37.623],[120.287,37.656],[120.257,37.679],[120.285,37.692],[120.37,37.701],[120.75,37.834],[121.049,37.725],[121.22,37.6],[121.388,37.579],[121.505,37.515],[121.64,37.46],[121.816,37.457],[121.965,37.445],[122.01,37.496],[122.057,37.529],[122.11,37.522],[122.169,37.456],[122.338,37.405],[122.493,37.408],[122.602,37.426],[122.667,37.403],[122.573,37.318],[122.587,37.181],[122.516,37.138],[122.447,37.068],[122.487,37.022],[122.523,37.003],[122.52,36.947],[122.457,36.915],[122.341,36.832],[122.274,36.834],[122.242,36.85],[122.22,36.88],[122.203,36.927],[122.162,36.959],[122.05,36.971],[121.933,36.959],[121.67,36.836],[121.413,36.738],[121.144,36.66],[121.054,36.611],[120.99,36.598],[120.879,36.635],[120.811,36.633],[120.797,36.607],[120.883,36.539],[120.905,36.485],[120.896,36.444],[120.847,36.426],[120.776,36.456],[120.712,36.413],[120.682,36.341],[120.681,36.168],[120.638,36.13],[120.519,36.109],[120.393,36.054],[120.348,36.079],[120.33,36.11],[120.343,36.189],[120.328,36.228],[120.27,36.226],[120.183,36.202],[120.117,36.15],[120.094,36.119],[120.181,36.017],[120.265,36.007],[120.285,35.984],[120.219,35.935],[120.055,35.861],[120.027,35.799],[119.979,35.74],[119.912,35.693],[119.866,35.644],[119.811,35.618],[119.72,35.589],[119.608,35.47],[119.526,35.359],[119.43,35.301],[119.353,35.114],[119.216,35.012],[119.165,34.849],[119.201,34.748],[119.351,34.749],[119.427,34.714],[119.583,34.582],[119.77,34.496],[119.964,34.448],[120.201,34.326],[120.267,34.274],[120.323,34.169],[120.426,33.866],[120.5,33.716],[120.505,33.638],[120.616,33.491],[120.734,33.237],[120.871,33.017],[120.897,32.843],[120.853,32.764],[120.853,32.661],[120.99,32.567],[121.293,32.457],[121.342,32.425],[121.401,32.372],[121.404,32.206],[121.451,32.153],[121.491,32.121],[121.674,32.051],[121.751,31.993],[121.832,31.9],[121.856,31.816],[121.866,31.704],[121.764,31.7],[121.681,31.712],[121.352,31.859],[121.266,31.863],[121.146,31.842],[120.974,31.869],[120.792,32.032],[120.661,32.081],[120.52,32.106],[120.184,31.966],[120.099,31.976],[120.074,31.96],[120.036,31.936],[120.192,31.906],[120.347,31.952],[120.497,32.02],[120.716,31.984],[120.752,31.923],[120.788,31.82],[120.938,31.75],[121.055,31.719],[121.205,31.628],[121.351,31.485],[121.661,31.32],[121.786,31.163],[121.834,31.062],[121.878,30.917],[121.769,30.87],[121.675,30.864],[121.528,30.841],[121.419,30.79],[121.31,30.7],[120.998,30.558],[120.938,30.47],[120.897,30.393],[120.821,30.355],[120.63,30.391],[120.45,30.388],[120.246,30.284],[120.195,30.241],[120.229,30.25],[120.261,30.263],[120.353,30.247],[120.495,30.303],[120.633,30.133],[120.904,30.161],[121.159,30.302],[121.258,30.304],[121.341,30.282],[121.433,30.227],[121.678,29.979],[121.812,29.952],[121.944,29.894],[122.017,29.888],[122.083,29.87],[121.906,29.78],[121.677,29.584],[121.575,29.537],[121.506,29.485],[121.69,29.511],[121.822,29.605],[121.888,29.628],[121.941,29.606],[121.968,29.491],[121.918,29.135],[121.854,29.129],[121.791,29.226],[121.717,29.256],[121.656,29.236],[121.534,29.237],[121.487,29.193],[121.448,29.131],[121.521,29.118],[121.665,29.011],[121.68,28.953],[121.641,28.916],[121.54,28.932],[121.662,28.851],[121.63,28.768],[121.59,28.735],[121.519,28.714],[121.475,28.641],[121.538,28.521],[121.602,28.367],[121.61,28.292],[121.51,28.324],[121.355,28.23],[121.272,28.222],[121.217,28.346],[121.146,28.327],[121.098,28.291],[121.035,28.157],[120.959,28.037],[120.892,28.004],[120.813,28.013],[120.748,28.01],[120.763,27.977],[120.833,27.938],[120.833,27.891],[120.685,27.745],[120.661,27.688],[120.665,27.639],[120.588,27.581],[120.629,27.482],[120.608,27.412],[120.54,27.318],[120.469,27.256],[120.385,27.156],[120.279,27.097],[120.139,26.886],[120.097,26.781],[120.087,26.672],[120.043,26.634],[119.968,26.586],[119.882,26.61],[119.879,26.683],[119.842,26.689],[119.821,26.737],[119.815,26.798],[119.824,26.846],[119.789,26.831],[119.767,26.775],[119.71,26.729],[119.652,26.747],[119.588,26.785],[119.59,26.73],[119.624,26.676],[119.638,26.621],[119.726,26.609],[119.785,26.547],[119.831,26.45],[119.84,26.414],[119.876,26.371],[119.881,26.334],[119.797,26.3],[119.693,26.236],[119.567,26.127],[119.463,26.055],[119.37,26.054],[119.313,26.063],[119.232,26.104],[119.139,26.122],[119.264,25.975],[119.332,25.949],[119.418,25.954],[119.501,26.009],[119.619,26.004],[119.648,25.919],[119.617,25.823],[119.553,25.699],[119.539,25.591],[119.619,25.437],[119.622,25.391],[119.593,25.368],[119.499,25.409],[119.422,25.46],[119.344,25.446],[119.263,25.468],[119.18,25.45],[119.146,25.414],[119.169,25.356],[119.244,25.307],[119.286,25.232],[119.236,25.206],[119.025,25.223],[118.978,25.209],[118.914,25.127],[118.956,25.005],[118.909,24.929],[118.822,24.911],[118.708,24.85],[118.637,24.836],[118.64,24.809],[118.692,24.782],[118.719,24.746],[118.657,24.621],[118.56,24.58],[118.412,24.601],[118.295,24.573],[118.195,24.626],[118.087,24.627],[118.014,24.56],[118.006,24.482],[117.935,24.474],[117.897,24.48],[117.843,24.474],[117.848,24.432],[117.879,24.396],[118.024,24.38],[118.051,24.327],[118.056,24.246],[117.904,24.106],[117.839,24.012],[117.742,24.015],[117.668,23.939],[117.628,23.837],[117.579,23.857],[117.466,23.841],[117.433,23.792],[117.46,23.771],[117.462,23.736],[117.417,23.621],[117.368,23.589],[117.347,23.636],[117.331,23.709],[117.291,23.714],[117.225,23.647],[117.148,23.599],[117.083,23.579],[117.033,23.623],[116.911,23.647],[116.861,23.453],[116.76,23.383],[116.712,23.36],[116.629,23.354],[116.682,23.327],[116.699,23.278],[116.669,23.228],[116.586,23.218],[116.538,23.18],[116.52,23.007],[116.471,22.946],[116.346,22.941],[116.252,22.981],[116.222,22.95],[116.206,22.919],[116.157,22.887],[116.063,22.879],[115.852,22.802],[115.756,22.824],[115.64,22.853],[115.561,22.825],[115.535,22.765],[115.498,22.719],[115.383,22.719],[115.29,22.776],[115.196,22.817],[115.092,22.782],[115.012,22.709],[114.914,22.685],[114.896,22.64],[114.854,22.617],[114.75,22.626],[114.711,22.739],[114.652,22.755],[114.593,22.698],[114.572,22.654],[114.544,22.621],[114.554,22.529],[114.496,22.527],[114.42,22.583],[114.341,22.593],[114.266,22.541],[114.228,22.554],[114.188,22.565],[114.123,22.565],[114.098,22.551],[114.05,22.543],[114.018,22.514],[114.015,22.512],[113.931,22.531],[113.828,22.607],[113.754,22.734],[113.661,22.802],[113.62,22.861],[113.603,22.969],[113.586,23.02],[113.592,23.077],[113.621,23.127],[113.52,23.102],[113.445,23.055],[113.46,22.996],[113.442,22.941],[113.331,22.912],[113.338,22.889],[113.345,22.865],[113.432,22.789],[113.45,22.726],[113.485,22.692],[113.553,22.594],[113.551,22.404],[113.589,22.35],[113.576,22.297],[113.549,22.225],[113.547,22.224],[113.527,22.246],[113.494,22.242],[113.481,22.217],[113.479,22.196],[113.473,22.194],[113.416,22.178],[113.367,22.165],[113.328,22.145],[113.266,22.089],[113.149,22.075],[113.089,22.208],[113.008,22.119],[112.984,21.938],[112.954,21.907],[112.904,21.881],[112.809,21.945],[112.725,21.902],[112.661,21.859],[112.634,21.82],[112.586,21.777],[112.495,21.818],[112.421,21.881],[112.439,21.927],[112.429,21.958],[112.396,21.981],[112.36,21.978],[112.377,21.917],[112.39,21.801],[112.356,21.768],[112.305,21.742],[112.193,21.763],[112.117,21.806],[112.025,21.843],[111.944,21.85],[111.926,21.776],[111.873,21.717],[111.825,21.71],[111.776,21.719],[111.712,21.655],[111.682,21.608],[111.603,21.559],[111.392,21.535],[111.319,21.486],[111.221,21.494],[111.144,21.482],[111.101,21.485],[111.061,21.511],[111.017,21.512],[110.997,21.43],[110.878,21.396],[110.771,21.387],[110.652,21.279],[110.567,21.214],[110.504,21.207],[110.458,21.231],[110.435,21.327],[110.411,21.338],[110.397,21.248],[110.375,21.172],[110.331,21.131],[110.194,21.038],[110.154,20.945],[110.18,20.859],[110.365,20.838],[110.388,20.791],[110.371,20.752],[110.326,20.72],[110.313,20.672],[110.512,20.518],[110.518,20.46],[110.487,20.427],[110.45,20.355],[110.345,20.295],[110.123,20.264],[109.938,20.295],[109.883,20.364],[109.886,20.413],[109.932,20.399],[109.984,20.403],[109.968,20.448],[109.946,20.474],[109.861,20.514],[109.792,20.622],[109.805,20.711],[109.767,20.781],[109.726,20.839],[109.685,20.874],[109.663,20.917],[109.704,21.053],[109.681,21.132],[109.76,21.228],[109.78,21.337],[109.921,21.376],[109.931,21.481],[109.83,21.484],[109.759,21.56],[109.743,21.528],[109.687,21.525],[109.594,21.672],[109.566,21.691],[109.521,21.693],[109.544,21.538],[109.436,21.479],[109.347,21.454],[109.22,21.443],[109.149,21.426],[109.082,21.44],[109.098,21.487],[109.133,21.544],[109.102,21.59],[109.031,21.627],[108.922,21.624],[108.846,21.634],[108.772,21.63],[108.744,21.651],[108.675,21.725],[108.616,21.77],[108.589,21.816],[108.616,21.869],[108.594,21.901],[108.48,21.905],[108.481,21.829],[108.493,21.739],[108.526,21.671],[108.502,21.633],[108.444,21.607],[108.383,21.679],[108.355,21.697],[108.325,21.694],[108.302,21.622],[108.246,21.558],[108.146,21.565],[108.067,21.526],[107.973,21.508]]],[[[110.889,19.992],[110.938,19.948],[110.971,19.883],[110.998,19.765],[111.014,19.655],[110.913,19.586],[110.822,19.558],[110.641,19.291],[110.603,19.207],[110.572,19.172],[110.562,19.135],[110.566,19.099],[110.519,18.97],[110.478,18.813],[110.451,18.748],[110.4,18.698],[110.334,18.673],[110.291,18.67],[110.252,18.656],[110.156,18.57],[110.049,18.505],[110.066,18.476],[110.067,18.448],[110.02,18.416],[109.968,18.422],[109.816,18.397],[109.76,18.348],[109.703,18.259],[109.681,18.247],[109.59,18.226],[109.519,18.218],[109.4,18.281],[109.341,18.3],[109.183,18.325],[109.03,18.368],[108.922,18.416],[108.702,18.535],[108.676,18.75],[108.638,18.866],[108.636,18.908],[108.65,19.265],[108.666,19.304],[108.694,19.338],[108.791,19.418],[108.903,19.481],[109.063,19.614],[109.179,19.674],[109.277,19.761],[109.22,19.757],[109.177,19.768],[109.219,19.843],[109.263,19.883],[109.315,19.904],[109.418,19.889],[109.514,19.904],[109.584,19.97],[109.651,19.984],[109.906,19.963],[110.083,19.993],[110.172,20.054],[110.213,20.056],[110.344,20.039],[110.392,19.976],[110.388,20.018],[110.394,20.059],[110.418,20.055],[110.588,19.976],[110.589,20.072],[110.598,20.098],[110.652,20.138],[110.679,20.137],[110.745,20.059],[110.809,20.014],[110.889,19.992]]]]}},{"type":"Feature","properties":{"code":"MAC","name":"Macau","continent":"Asia"},"geometry":{"type":"Polygon","coordinates":[[[113.479,22.196],[113.481,22.217],[113.494,22.242],[113.527,22.246],[113.548,22.223],[113.546,22.221],[113.499,22.202],[113.484,22.198],[113.479,22.196]]]}},{"type":"Feature","properties":{"code":"HKG","name":"Hong Kong","continent":"Asia"},"geometry":{"type":"MultiPolygon","coordinates":[[[[114.015,22.512],[114.018,22.514],[114.05,22.543],[114.098,22.551],[114.123,22.565],[114.188,22.565],[114.228,22.554],[114.266,22.541],[114.27,22.537],[114.291,22.499],[114.285,22.458],[114.325,22.437],[114.335,22.396],[114.291,22.374],[114.288,22.325],[114.268,22.296],[114.139,22.348],[114.033,22.376],[113.937,22.365],[113.903,22.396],[113.896,22.428],[114.007,22.484],[114.015,22.512]]],[[[114.232,22.211],[114.207,22.195],[114.139,22.268],[114.134,22.292],[114.187,22.297],[114.247,22.264],[114.244,22.234],[114.232,22.211]]],[[[113.998,22.21],[113.877,22.21],[113.852,22.22],[113.839,22.242],[113.882,22.28],[114.044,22.333],[114.003,22.278],[113.998,22.21]]]]}},{"type":"Feature","properties":{"code":"TCD","name":"Chad","continent":"Africa"},"geometry":{"type":"Polygon","coordinates":[[[23.98,19.497],[23.981,19.051],[23.981,18.605],[23.981,18.158],[23.982,17.712],[23.982,17.266],[23.983,16.82],[23.983,16.374],[23.983,15.928],[23.983,15.78],[23.971,15.722],[23.965,15.713],[23.946,15.704],[23.708,15.745],[23.604,15.746],[23.458,15.714],[23.243,15.697],[23.105,15.703],[23.009,15.626],[22.934,15.533],[22.97,15.311],[22.961,15.238],[22.932,15.162],[22.867,15.097],[22.802,15.044],[22.763,14.999],[22.715,14.898],[22.679,14.851],[22.682,14.789],[22.671,14.722],[22.632,14.688],[22.532,14.663],[22.468,14.633],[22.416,14.585],[22.382,14.55],[22.4,14.504],[22.425,14.441],[22.439,14.342],[22.449,14.284],[22.498,14.237],[22.528,14.203],[22.539,14.162],[22.51,14.127],[22.388,14.056],[22.339,14.029],[22.283,13.992],[22.262,13.979],[22.173,13.911],[22.128,13.85],[22.106,13.8],[22.108,13.73],[22.153,13.626],[22.202,13.538],[22.221,13.472],[22.233,13.399],[22.228,13.33],[22.203,13.269],[22.158,13.215],[21.99,13.113],[21.908,13.001],[21.842,12.865],[21.825,12.791],[21.843,12.741],[21.878,12.699],[21.928,12.678],[22.001,12.672],[22.121,12.695],[22.233,12.709],[22.352,12.66],[22.414,12.546],[22.39,12.463],[22.435,12.312],[22.475,12.129],[22.472,12.068],[22.49,12.045],[22.564,12.033],[22.581,11.99],[22.556,11.67],[22.591,11.58],[22.641,11.516],[22.697,11.483],[22.754,11.44],[22.783,11.41],[22.849,11.403],[22.923,11.345],[22.943,11.267],[22.938,11.192],[22.895,11.029],[22.86,10.92],[22.817,10.927],[22.73,10.954],[22.624,10.977],[22.494,10.996],[22.37,10.952],[22.236,10.894],[22.194,10.851],[22.156,10.826],[22.097,10.83],[22.043,10.823],[22.014,10.782],[21.965,10.737],[21.771,10.643],[21.731,10.609],[21.707,10.575],[21.707,10.538],[21.726,10.462],[21.726,10.367],[21.683,10.29],[21.633,10.238],[21.576,10.219],[21.528,10.208],[21.497,10.176],[21.396,10.001],[21.352,9.969],[21.264,9.975],[21.009,9.713],[20.984,9.636],[20.891,9.527],[20.773,9.406],[20.668,9.347],[20.66,9.325],[20.631,9.301],[20.567,9.275],[20.342,9.127],[20.073,9.133],[19.954,9.075],[19.838,9.049],[19.668,9.021],[19.617,9.024],[19.4,9.012],[19.146,9.016],[19.048,8.995],[18.956,8.939],[18.888,8.89],[18.878,8.873],[18.889,8.852],[18.886,8.836],[19.064,8.715],[19.109,8.656],[19.064,8.599],[19.042,8.59],[19.04,8.587],[19.011,8.541],[18.906,8.405],[18.747,8.244],[18.666,8.198],[18.634,8.168],[18.592,8.061],[18.564,8.046],[18.455,8.032],[18.239,8.02],[17.94,7.985],[17.761,7.974],[17.649,7.984],[17.493,7.91],[17.436,7.891],[17.402,7.885],[17.247,7.813],[17.118,7.702],[17.072,7.681],[16.89,7.634],[16.818,7.557],[16.785,7.551],[16.668,7.652],[16.589,7.743],[16.55,7.836],[16.545,7.865],[16.523,7.86],[16.459,7.819],[16.404,7.772],[16.379,7.684],[16.191,7.623],[16.031,7.572],[15.958,7.508],[15.845,7.475],[15.701,7.488],[15.589,7.515],[15.48,7.524],[15.532,7.604],[15.553,7.665],[15.558,7.738],[15.55,7.788],[15.484,7.813],[15.443,7.852],[15.349,8.084],[15.252,8.322],[15.116,8.557],[14.968,8.707],[14.861,8.799],[14.826,8.81],[14.771,8.839],[14.733,8.866],[14.536,9.025],[14.332,9.204],[14.28,9.285],[14.178,9.406],[14.064,9.532],[14.005,9.589],[13.977,9.692],[14.056,9.784],[14.14,9.902],[14.243,9.98],[14.377,9.985],[14.598,9.953],[14.836,9.942],[15.072,9.966],[15.133,9.983],[15.193,9.981],[15.32,9.954],[15.541,9.96],[15.655,10.008],[15.532,10.088],[15.4,10.217],[15.276,10.357],[15.201,10.485],[15.132,10.648],[15.069,10.851],[15.03,11.114],[15.036,11.262],[15.055,11.369],[15.122,11.541],[15.078,11.643],[15.088,11.724],[15.081,11.846],[15.06,11.907],[14.974,12.108],[14.957,12.13],[14.881,12.269],[14.847,12.502],[14.761,12.656],[14.623,12.73],[14.545,12.82],[14.516,12.98],[14.462,13.022],[14.245,13.077],[14.064,13.079],[13.932,13.258],[13.763,13.49],[13.606,13.705],[13.506,14.134],[13.448,14.381],[13.514,14.456],[13.642,14.631],[13.807,14.966],[14.178,15.485],[14.368,15.75],[14.747,16.147],[15.212,16.634],[15.474,16.908],[15.517,17.408],[15.562,17.937],[15.596,18.337],[15.638,18.811],[15.673,19.207],[15.699,19.495],[15.735,19.904],[15.766,19.983],[15.949,20.303],[15.963,20.346],[15.929,20.4],[15.668,20.672],[15.587,20.733],[15.54,20.875],[15.607,20.954],[15.294,21.412],[15.216,21.467],[15.182,21.523],[15.178,21.606],[15.172,21.922],[15.089,22.418],[14.979,22.996],[15.347,23.161],[15.627,23.286],[15.984,23.445],[16.315,23.282],[16.794,23.045],[17.273,22.809],[17.752,22.572],[18.231,22.336],[18.71,22.099],[19.189,21.862],[19.669,21.626],[20.148,21.389],[20.627,21.153],[21.106,20.916],[21.585,20.679],[22.064,20.443],[22.543,20.206],[23.022,19.97],[23.501,19.733],[23.98,19.497]]]}},{"type":"Feature","properties":{"code":"CAF","name":"Central African Republic","continent":"Africa"},"geometry":{"type":"Polygon","coordinates":[[[24.147,8.666],[24.195,8.653],[24.221,8.608],[24.18,8.461],[24.208,8.369],[24.291,8.291],[24.375,8.258],[24.456,8.239],[24.737,8.192],[24.853,8.138],[25.007,7.965],[25.2,7.808],[25.247,7.725],[25.239,7.649],[25.181,7.557],[25.19,7.519],[25.279,7.427],[25.381,7.333],[25.567,7.229],[25.889,7.065],[26.037,6.955],[26.087,6.872],[26.169,6.782],[26.285,6.699],[26.362,6.635],[26.309,6.455],[26.325,6.396],[26.353,6.345],[26.421,6.274],[26.447,6.183],[26.514,6.069],[26.594,6.018],[26.726,5.998],[26.796,5.946],[26.942,5.855],[27.083,5.777],[27.144,5.723],[27.181,5.675],[27.213,5.619],[27.229,5.562],[27.233,5.441],[27.257,5.29],[27.332,5.186],[27.403,5.109],[27.115,5.198],[27.072,5.2],[27.021,5.184],[26.87,5.076],[26.822,5.062],[26.768,5.072],[26.633,5.085],[26.174,5.171],[25.82,5.254],[25.714,5.284],[25.525,5.312],[25.4,5.256],[25.283,5.063],[25.249,5.025],[25.065,4.967],[24.978,4.983],[24.766,4.93],[24.437,5.01],[24.32,4.994],[24.228,4.954],[23.992,4.866],[23.848,4.816],[23.682,4.771],[23.524,4.701],[23.417,4.663],[23.313,4.664],[23.219,4.703],[23.116,4.737],[22.993,4.744],[22.865,4.724],[22.756,4.647],[22.712,4.592],[22.617,4.446],[22.506,4.208],[22.462,4.16],[22.45,4.155],[22.422,4.135],[21.908,4.254],[21.687,4.281],[21.538,4.245],[21.35,4.311],[21.268,4.323],[21.23,4.302],[21.126,4.332],[20.956,4.413],[20.793,4.447],[20.647,4.436],[20.558,4.463],[20.487,4.542],[20.394,4.686],[20.226,4.83],[20.002,4.945],[19.863,5.031],[19.807,5.089],[19.686,5.121],[19.501,5.127],[19.323,5.071],[19.069,4.891],[18.832,4.523],[18.7,4.383],[18.594,4.346],[18.567,4.258],[18.62,4.117],[18.634,3.954],[18.597,3.679],[18.61,3.478],[18.554,3.51],[18.5,3.604],[18.474,3.623],[18.318,3.581],[18.237,3.543],[18.194,3.505],[18.161,3.5],[18.111,3.551],[18.072,3.56],[18.011,3.551],[17.948,3.552],[17.907,3.558],[17.88,3.554],[17.807,3.584],[17.538,3.662],[17.492,3.687],[17.438,3.685],[17.298,3.617],[17.225,3.598],[17.003,3.557],[16.764,3.536],[16.673,3.535],[16.611,3.505],[16.57,3.463],[16.543,3.37],[16.496,3.209],[16.477,3.165],[16.48,3.101],[16.466,2.993],[16.46,2.897],[16.469,2.832],[16.401,2.701],[16.32,2.543],[16.252,2.407],[16.183,2.27],[16.136,2.364],[16.107,2.473],[16.096,2.599],[16.102,2.633],[16.083,2.67],[16.082,2.678],[16.059,2.773],[16.082,2.839],[16.063,2.909],[16.008,2.977],[15.958,3.029],[15.929,3.076],[15.905,3.096],[15.849,3.103],[15.775,3.127],[15.677,3.23],[15.581,3.329],[15.458,3.457],[15.36,3.567],[15.24,3.702],[15.129,3.827],[15.062,3.947],[15.035,4.016],[15.067,4.023],[15.115,4.024],[15.136,4.037],[15.137,4.069],[15.088,4.164],[15.064,4.285],[15.023,4.359],[14.894,4.472],[14.77,4.558],[14.731,4.602],[14.709,4.666],[14.662,5.066],[14.641,5.179],[14.602,5.229],[14.574,5.252],[14.563,5.28],[14.568,5.351],[14.584,5.415],[14.584,5.44],[14.617,5.496],[14.617,5.865],[14.599,5.884],[14.577,5.916],[14.542,5.914],[14.503,5.917],[14.464,5.971],[14.431,6.039],[14.441,6.087],[14.475,6.127],[14.512,6.162],[14.559,6.191],[14.7,6.25],[14.739,6.28],[14.764,6.316],[14.78,6.366],[14.862,6.556],[14.983,6.745],[15.035,6.784],[15.086,6.91],[15.157,7.064],[15.186,7.135],[15.207,7.206],[15.246,7.264],[15.379,7.358],[15.48,7.524],[15.589,7.515],[15.701,7.488],[15.845,7.475],[15.958,7.508],[16.031,7.572],[16.191,7.623],[16.379,7.684],[16.404,7.772],[16.459,7.819],[16.523,7.86],[16.545,7.865],[16.55,7.836],[16.589,7.743],[16.668,7.652],[16.785,7.551],[16.818,7.557],[16.89,7.634],[17.072,7.681],[17.118,7.702],[17.247,7.813],[17.402,7.885],[17.436,7.891],[17.493,7.91],[17.649,7.984],[17.761,7.974],[17.94,7.985],[18.239,8.02],[18.455,8.032],[18.564,8.046],[18.592,8.061],[18.634,8.168],[18.666,8.198],[18.747,8.244],[18.906,8.405],[19.011,8.541],[19.04,8.587],[19.042,8.59],[19.064,8.599],[19.109,8.656],[19.064,8.715],[18.886,8.836],[18.889,8.852],[18.878,8.873],[18.888,8.89],[18.956,8.939],[19.048,8.995],[19.146,9.016],[19.4,9.012],[19.617,9.024],[19.668,9.021],[19.838,9.049],[19.954,9.075],[20.073,9.133],[20.342,9.127],[20.567,9.275],[20.631,9.301],[20.66,9.325],[20.668,9.347],[20.773,9.406],[20.891,9.527],[20.984,9.636],[21.009,9.713],[21.264,9.975],[21.352,9.969],[21.396,10.001],[21.497,10.176],[21.528,10.208],[21.576,10.219],[21.633,10.238],[21.683,10.29],[21.726,10.367],[21.726,10.462],[21.707,10.538],[21.707,10.575],[21.731,10.609],[21.771,10.643],[21.965,10.737],[22.014,10.782],[22.043,10.823],[22.097,10.83],[22.156,10.826],[22.194,10.851],[22.236,10.894],[22.37,10.952],[22.494,10.996],[22.624,10.977],[22.73,10.954],[22.817,10.927],[22.86,10.92],[22.931,10.795],[22.964,10.752],[23.256,10.458],[23.312,10.388],[23.457,10.174],[23.545,10.03],[23.646,9.823],[23.656,9.71],[23.643,9.614],[23.623,9.341],[23.596,9.262],[23.468,9.115],[23.463,9.048],[23.489,8.993],[23.528,8.971],[23.552,8.943],[23.537,8.816],[23.583,8.766],[23.679,8.732],[23.922,8.71],[24.048,8.691],[24.147,8.666]]]}},{"type":"Feature","properties":{"code":"CPV","name":"Cape Verde","continent":"Africa"},"geometry":{"type":"MultiPolygon","coordinates":[[[[-25.17,16.946],[-25.267,16.926],[-25.308,16.936],[-25.322,17.015],[-25.342,17.068],[-25.337,17.091],[-25.113,17.194],[-25.035,17.176],[-24.98,17.095],[-25.017,17.049],[-25.17,16.946]]],[[[-23.444,15.008],[-23.505,14.916],[-23.637,14.923],[-23.705,14.961],[-23.785,15.077],[-23.783,15.166],[-23.754,15.244],[-23.759,15.311],[-23.748,15.329],[-23.707,15.317],[-23.701,15.272],[-23.58,15.161],[-23.535,15.139],[-23.444,15.008]]],[[[-24.887,16.818],[-24.969,16.794],[-25.02,16.797],[-25.093,16.833],[-25.07,16.871],[-24.991,16.913],[-24.936,16.922],[-24.892,16.846],[-24.887,16.818]]],[[[-22.918,16.237],[-22.834,16.219],[-22.803,16.226],[-22.749,16.222],[-22.693,16.169],[-22.682,16.113],[-22.71,16.043],[-22.821,15.986],[-22.884,15.993],[-22.959,16.045],[-22.916,16.148],[-22.918,16.237]]],[[[-24.308,14.856],[-24.386,14.818],[-24.441,14.835],[-24.492,14.874],[-24.517,14.931],[-24.497,14.98],[-24.392,15.038],[-24.329,15.019],[-24.296,14.93],[-24.308,14.856]]],[[[-24.088,16.623],[-24.046,16.593],[-24.033,16.572],[-24.094,16.561],[-24.243,16.599],[-24.283,16.576],[-24.322,16.493],[-24.398,16.618],[-24.393,16.664],[-24.377,16.678],[-24.271,16.645],[-24.088,16.623]]],[[[-22.888,16.659],[-22.92,16.608],[-22.959,16.683],[-22.981,16.701],[-22.991,16.809],[-22.933,16.841],[-22.905,16.844],[-22.904,16.732],[-22.888,16.659]]],[[[-23.182,15.137],[-23.21,15.133],[-23.252,15.178],[-23.242,15.241],[-23.247,15.257],[-23.21,15.324],[-23.138,15.318],[-23.119,15.268],[-23.116,15.167],[-23.182,15.137]]]]}},{"type":"Feature","properties":{"code":"CMR","name":"Cameroon","continent":"Africa"},"geometry":{"type":"Polygon","coordinates":[[[8.556,4.755],[8.585,4.833],[8.641,4.927],[8.716,5.047],[8.801,5.197],[8.859,5.464],[8.899,5.63],[8.935,5.781],[8.997,5.918],[9.06,6.009],[9.239,6.186],[9.373,6.32],[9.442,6.373],[9.49,6.419],[9.574,6.47],[9.66,6.532],[9.726,6.65],[9.78,6.76],[9.821,6.784],[9.874,6.803],[10.039,6.921],[10.144,6.996],[10.168,6.959],[10.186,6.913],[10.205,6.892],[10.293,6.877],[10.413,6.878],[10.482,6.891],[10.519,6.93],[10.556,7.037],[10.578,7.058],[10.606,7.063],[10.738,6.988],[10.846,6.882],[10.954,6.777],[11.009,6.739],[11.033,6.698],[11.08,6.506],[11.106,6.458],[11.153,6.438],[11.237,6.451],[11.325,6.485],[11.402,6.534],[11.478,6.597],[11.529,6.655],[11.552,6.697],[11.563,6.855],[11.58,6.889],[11.658,6.952],[11.787,7.056],[11.861,7.116],[11.855,7.138],[11.809,7.202],[11.767,7.272],[11.809,7.345],[11.852,7.401],[12.016,7.59],[12.017,7.652],[12.025,7.728],[12.156,7.942],[12.231,8.227],[12.233,8.282],[12.311,8.42],[12.404,8.596],[12.583,8.624],[12.652,8.668],[12.731,8.746],[12.782,8.818],[12.807,8.887],[12.824,9.019],[12.856,9.171],[12.876,9.304],[12.929,9.426],[13.019,9.488],[13.175,9.54],[13.199,9.564],[13.221,9.645],[13.239,9.814],[13.244,9.916],[13.25,9.96],[13.27,10.036],[13.415,10.171],[13.479,10.383],[13.535,10.605],[13.7,10.873],[13.892,11.14],[13.981,11.212],[14.057,11.245],[14.143,11.249],[14.202,11.268],[14.409,11.401],[14.496,11.446],[14.56,11.492],[14.575,11.532],[14.582,11.591],[14.562,11.729],[14.597,11.83],[14.618,11.987],[14.627,12.109],[14.62,12.151],[14.587,12.209],[14.581,12.222],[14.519,12.298],[14.415,12.344],[14.273,12.356],[14.197,12.384],[14.185,12.447],[14.178,12.484],[14.17,12.524],[14.16,12.613],[14.064,13.079],[14.245,13.077],[14.462,13.022],[14.516,12.98],[14.545,12.82],[14.623,12.73],[14.761,12.656],[14.847,12.502],[14.881,12.269],[14.957,12.13],[14.974,12.108],[15.06,11.907],[15.081,11.846],[15.088,11.724],[15.078,11.643],[15.122,11.541],[15.055,11.369],[15.036,11.262],[15.03,11.114],[15.069,10.851],[15.132,10.648],[15.201,10.485],[15.276,10.357],[15.4,10.217],[15.532,10.088],[15.655,10.008],[15.541,9.96],[15.32,9.954],[15.193,9.981],[15.133,9.983],[15.072,9.966],[14.836,9.942],[14.598,9.953],[14.377,9.985],[14.243,9.98],[14.14,9.902],[14.056,9.784],[13.977,9.692],[14.005,9.589],[14.064,9.532],[14.178,9.406],[14.28,9.285],[14.332,9.204],[14.536,9.025],[14.733,8.866],[14.771,8.839],[14.826,8.81],[14.861,8.799],[14.968,8.707],[15.116,8.557],[15.252,8.322],[15.349,8.084],[15.443,7.852],[15.484,7.813],[15.55,7.788],[15.558,7.738],[15.553,7.665],[15.532,7.604],[15.48,7.524],[15.379,7.358],[15.246,7.264],[15.207,7.206],[15.186,7.135],[15.157,7.064],[15.086,6.91],[15.035,6.784],[14.983,6.745],[14.862,6.556],[14.78,6.366],[14.764,6.316],[14.739,6.28],[14.7,6.25],[14.559,6.191],[14.512,6.162],[14.475,6.127],[14.441,6.087],[14.431,6.039],[14.464,5.971],[14.503,5.917],[14.542,5.914],[14.577,5.916],[14.599,5.884],[14.617,5.865],[14.617,5.496],[14.584,5.44],[14.584,5.415],[14.568,5.351],[14.563,5.28],[14.574,5.252],[14.602,5.229],[14.641,5.179],[14.662,5.066],[14.709,4.666],[14.731,4.602],[14.77,4.558],[14.894,4.472],[15.023,4.359],[15.064,4.285],[15.088,4.164],[15.137,4.069],[15.136,4.037],[15.115,4.024],[15.067,4.023],[15.035,4.016],[15.062,3.947],[15.129,3.827],[15.24,3.702],[15.36,3.567],[15.458,3.457],[15.581,3.329],[15.677,3.23],[15.775,3.127],[15.849,3.103],[15.905,3.096],[15.929,3.076],[15.958,3.029],[16.008,2.977],[16.063,2.909],[16.082,2.839],[16.059,2.773],[16.082,2.678],[16.083,2.67],[16.102,2.633],[16.096,2.599],[16.107,2.473],[16.136,2.364],[16.183,2.27],[16.183,2.262],[16.177,2.205],[16.116,2.168],[16.08,2.107],[16.07,2.022],[16.088,1.918],[16.135,1.796],[16.136,1.724],[16.12,1.714],[16.09,1.691],[16.059,1.676],[15.975,1.76],[15.882,1.817],[15.742,1.915],[15.6,1.95],[15.417,1.957],[15.339,1.945],[15.282,1.982],[15.204,2.024],[15.16,2.036],[15.1,2.002],[15.058,2.001],[15.006,2.014],[14.902,2.012],[14.893,2.069],[14.875,2.08],[14.763,2.075],[14.728,2.122],[14.713,2.117],[14.669,2.132],[14.579,2.199],[14.484,2.155],[14.287,2.16],[14.034,2.159],[13.773,2.157],[13.533,2.16],[13.294,2.162],[13.27,2.224],[13.22,2.256],[13.131,2.259],[12.867,2.247],[12.666,2.257],[12.601,2.265],[12.53,2.281],[12.361,2.296],[12.153,2.284],[12.106,2.288],[11.94,2.285],[11.559,2.302],[11.348,2.3],[11.353,2.261],[11.34,2.234],[11.329,2.167],[11.097,2.167],[10.791,2.168],[10.502,2.168],[10.307,2.168],[9.98,2.168],[9.87,2.213],[9.837,2.242],[9.83,2.275],[9.826,2.298],[9.801,2.304],[9.822,2.539],[9.868,2.735],[9.885,2.917],[9.948,3.079],[9.915,3.24],[9.876,3.31],[9.672,3.538],[9.766,3.624],[9.642,3.612],[9.616,3.696],[9.556,3.798],[9.593,3.814],[9.628,3.87],[9.74,3.853],[9.736,3.88],[9.64,3.965],[9.649,4.008],[9.689,4.056],[9.67,4.077],[9.6,4.027],[9.551,4.028],[9.512,4.061],[9.484,4.066],[9.501,4.001],[9.462,3.943],[9.425,3.922],[9.362,3.926],[9.311,3.94],[9.297,3.973],[9.249,3.998],[9.114,4.041],[9.0,4.092],[8.977,4.23],[8.932,4.29],[8.914,4.358],[8.903,4.435],[8.918,4.554],[8.889,4.573],[8.856,4.579],[8.807,4.573],[8.762,4.58],[8.708,4.646],[8.66,4.671],[8.69,4.55],[8.656,4.516],[8.574,4.526],[8.54,4.572],[8.533,4.606],[8.571,4.752],[8.556,4.755]]]}},{"type":"Feature","properties":{"code":"KHM","name":"Cambodia","continent":"Asia"},"geometry":{"type":"MultiPolygon","coordinates":[[[[103.045,11.285],[103.027,11.275],[103.011,11.276],[102.993,11.29],[102.995,11.348],[103.008,11.383],[103.037,11.39],[103.045,11.285]]],[[[103.318,10.719],[103.281,10.68],[103.223,10.76],[103.223,10.782],[103.318,10.719]]],[[[107.519,14.705],[107.535,14.65],[107.493,14.546],[107.448,14.451],[107.364,14.369],[107.36,14.308],[107.331,14.127],[107.343,14.069],[107.362,14.019],[107.389,13.993],[107.462,13.816],[107.529,13.654],[107.594,13.522],[107.605,13.438],[107.546,13.225],[107.475,13.03],[107.482,12.933],[107.512,12.836],[107.544,12.706],[107.555,12.54],[107.538,12.432],[107.506,12.365],[107.446,12.296],[107.393,12.26],[107.33,12.319],[107.28,12.322],[107.212,12.304],[107.159,12.277],[107.051,12.176],[106.931,12.077],[106.765,12.052],[106.7,11.979],[106.631,11.969],[106.5,11.966],[106.414,11.948],[106.418,11.912],[106.411,11.738],[106.412,11.698],[106.399,11.687],[106.34,11.682],[106.239,11.708],[106.103,11.751],[106.006,11.758],[105.956,11.682],[105.927,11.653],[105.89,11.648],[105.851,11.635],[105.838,11.601],[105.835,11.559],[105.854,11.487],[105.861,11.372],[105.856,11.294],[105.892,11.245],[106.1,11.079],[106.161,11.037],[106.168,11.012],[106.132,10.922],[106.164,10.795],[106.099,10.797],[105.99,10.852],[105.938,10.885],[105.875,10.858],[105.853,10.864],[105.811,10.926],[105.755,10.99],[105.698,10.994],[105.577,10.969],[105.453,10.951],[105.406,10.952],[105.387,10.94],[105.315,10.845],[105.284,10.861],[105.159,10.898],[105.046,10.911],[105.022,10.887],[105.036,10.809],[105.061,10.734],[105.046,10.702],[104.984,10.662],[104.901,10.59],[104.851,10.534],[104.815,10.521],[104.69,10.523],[104.564,10.516],[104.514,10.463],[104.467,10.422],[104.426,10.411],[104.262,10.541],[103.937,10.587],[103.902,10.644],[103.871,10.655],[103.841,10.581],[103.662,10.509],[103.587,10.552],[103.532,10.605],[103.54,10.669],[103.592,10.721],[103.681,10.759],[103.722,10.89],[103.654,11.059],[103.595,11.108],[103.532,11.147],[103.467,11.084],[103.411,10.977],[103.354,10.922],[103.272,10.909],[103.153,10.914],[103.106,11.074],[103.091,11.211],[103.107,11.368],[103.125,11.461],[103.011,11.589],[103.004,11.711],[102.949,11.773],[102.932,11.742],[102.934,11.707],[102.918,11.732],[102.737,12.09],[102.706,12.256],[102.737,12.383],[102.756,12.426],[102.703,12.494],[102.63,12.57],[102.5,12.67],[102.491,12.828],[102.462,13.015],[102.423,13.078],[102.363,13.193],[102.331,13.288],[102.32,13.54],[102.336,13.56],[102.429,13.568],[102.547,13.586],[102.566,13.626],[102.545,13.66],[102.62,13.717],[102.729,13.842],[102.813,13.972],[102.873,14.055],[102.909,14.137],[103.031,14.253],[103.199,14.333],[103.313,14.351],[103.432,14.379],[103.546,14.417],[103.6,14.421],[103.742,14.374],[103.818,14.362],[103.899,14.363],[103.982,14.358],[104.054,14.363],[104.228,14.396],[104.412,14.37],[104.576,14.39],[104.779,14.428],[104.879,14.404],[104.97,14.366],[104.982,14.289],[105.003,14.254],[105.034,14.227],[105.074,14.227],[105.126,14.281],[105.169,14.336],[105.183,14.346],[105.186,14.319],[105.207,14.259],[105.246,14.201],[105.285,14.161],[105.35,14.11],[105.393,14.107],[105.532,14.156],[105.74,14.085],[105.764,14.049],[105.831,13.977],[105.904,13.925],[106.067,13.921],[106.125,14.049],[106.097,14.127],[106.004,14.263],[105.979,14.343],[106.008,14.357],[106.165,14.372],[106.191,14.388],[106.225,14.476],[106.268,14.466],[106.355,14.455],[106.447,14.515],[106.501,14.578],[106.531,14.549],[106.564,14.505],[106.599,14.479],[106.665,14.441],[106.738,14.388],[106.783,14.335],[106.82,14.315],[106.913,14.329],[106.938,14.327],[106.992,14.391],[107.03,14.426],[107.062,14.416],[107.109,14.417],[107.207,14.498],[107.262,14.572],[107.293,14.592],[107.38,14.555],[107.415,14.563],[107.465,14.665],[107.519,14.705]]]]}},{"type":"Feature","properties":{"code":"MMR","name":"Myanmar","continent":"Asia"},"geometry":{"type":"MultiPolygon","coordinates":[[[[100.122,20.317],[100.004,20.38],[99.954,20.415],[99.89,20.424],[99.825,20.384],[99.773,20.341],[99.72,20.325],[99.639,20.32],[99.532,20.343],[99.459,20.363],[99.448,20.352],[99.487,20.261],[99.502,20.188],[99.486,20.15],[99.452,20.118],[99.399,20.093],[99.338,20.079],[99.284,20.08],[99.197,20.115],[99.131,20.117],[99.074,20.099],[99.04,20.074],[99.021,20.042],[98.987,19.861],[98.958,19.805],[98.917,19.773],[98.876,19.77],[98.82,19.778],[98.761,19.771],[98.494,19.701],[98.455,19.694],[98.371,19.689],[98.294,19.687],[98.239,19.691],[98.111,19.762],[98.049,19.77],[98.015,19.75],[97.991,19.654],[97.916,19.593],[97.817,19.46],[97.794,19.266],[97.804,19.13],[97.714,18.996],[97.706,18.932],[97.754,18.621],[97.746,18.588],[97.728,18.572],[97.672,18.561],[97.577,18.529],[97.515,18.498],[97.485,18.494],[97.397,18.518],[97.374,18.518],[97.381,18.494],[97.451,18.36],[97.524,18.296],[97.599,18.303],[97.632,18.29],[97.622,18.258],[97.652,18.174],[97.72,18.037],[97.74,17.935],[97.699,17.834],[97.706,17.797],[97.729,17.776],[97.793,17.681],[97.929,17.533],[98.063,17.373],[98.175,17.24],[98.257,17.148],[98.439,16.976],[98.471,16.895],[98.478,16.732],[98.523,16.638],[98.565,16.571],[98.594,16.515],[98.661,16.33],[98.689,16.305],[98.835,16.418],[98.869,16.394],[98.888,16.352],[98.888,16.298],[98.866,16.237],[98.818,16.181],[98.592,16.051],[98.574,15.939],[98.558,15.769],[98.554,15.56],[98.565,15.404],[98.557,15.368],[98.537,15.351],[98.452,15.357],[98.329,15.279],[98.286,15.272],[98.232,15.241],[98.191,15.204],[98.178,15.147],[98.202,14.976],[98.246,14.815],[98.332,14.696],[98.4,14.603],[98.495,14.473],[98.57,14.36],[98.721,14.236],[98.934,14.05],[99.015,13.947],[99.086,13.823],[99.137,13.717],[99.156,13.576],[99.172,13.497],[99.176,13.233],[99.137,13.173],[99.107,13.104],[99.124,13.031],[99.174,12.961],[99.174,12.882],[99.22,12.74],[99.297,12.653],[99.372,12.594],[99.405,12.548],[99.394,12.474],[99.416,12.395],[99.432,12.309],[99.463,12.19],[99.523,12.09],[99.615,11.781],[99.612,11.75],[99.573,11.687],[99.515,11.631],[99.478,11.613],[99.443,11.554],[99.359,11.389],[99.19,11.105],[99.025,10.92],[98.887,10.788],[98.787,10.708],[98.757,10.661],[98.757,10.624],[98.775,10.557],[98.768,10.431],[98.747,10.351],[98.718,10.266],[98.703,10.19],[98.658,10.179],[98.563,10.035],[98.521,10.107],[98.497,10.183],[98.523,10.353],[98.465,10.676],[98.501,10.719],[98.536,10.741],[98.599,10.864],[98.676,10.987],[98.683,11.133],[98.745,11.24],[98.73,11.33],[98.733,11.435],[98.746,11.521],[98.741,11.592],[98.791,11.665],[98.876,11.72],[98.84,11.739],[98.805,11.779],[98.694,11.718],[98.636,11.738],[98.625,11.801],[98.639,11.869],[98.645,11.91],[98.689,11.957],[98.686,12.047],[98.664,12.127],[98.696,12.225],[98.631,12.225],[98.6,12.245],[98.619,12.3],[98.679,12.348],[98.624,12.441],[98.665,12.54],[98.663,12.662],[98.636,12.771],[98.637,12.848],[98.595,12.986],[98.576,13.162],[98.487,13.293],[98.421,13.484],[98.245,13.733],[98.248,13.84],[98.239,13.934],[98.2,13.98],[98.15,13.648],[98.111,13.713],[98.098,13.898],[98.073,13.986],[98.1,14.162],[97.998,14.335],[97.977,14.461],[97.91,14.653],[97.929,14.696],[98.019,14.653],[97.937,14.764],[97.869,14.739],[97.812,14.859],[97.8,15.185],[97.744,15.307],[97.774,15.431],[97.71,15.876],[97.584,16.02],[97.609,16.144],[97.641,16.254],[97.634,16.458],[97.665,16.52],[97.726,16.569],[97.668,16.552],[97.62,16.537],[97.505,16.525],[97.376,16.523],[97.331,16.672],[97.267,16.743],[97.212,16.893],[97.178,17.062],[97.2,17.095],[97.1,17.165],[97.075,17.207],[96.97,17.317],[96.851,17.401],[96.878,17.342],[96.91,17.305],[96.851,17.203],[96.909,17.031],[96.858,16.921],[96.811,16.778],[96.765,16.71],[96.622,16.564],[96.507,16.514],[96.431,16.505],[96.364,16.521],[96.282,16.596],[96.262,16.659],[96.249,16.765],[96.22,16.781],[96.189,16.768],[96.238,16.631],[96.237,16.567],[96.324,16.444],[96.293,16.41],[96.135,16.343],[96.081,16.353],[96.043,16.34],[96.032,16.285],[96.012,16.254],[95.763,16.169],[95.711,16.073],[95.679,15.977],[95.556,15.838],[95.39,15.723],[95.348,15.729],[95.301,15.756],[95.308,15.88],[95.365,15.985],[95.347,16.098],[95.333,16.033],[95.226,15.877],[95.177,15.826],[95.078,15.839],[94.943,15.818],[94.891,15.979],[94.892,16.038],[94.882,16.088],[94.898,16.141],[94.893,16.183],[94.86,16.102],[94.848,16.033],[94.798,15.971],[94.662,15.904],[94.656,15.989],[94.651,16.065],[94.681,16.133],[94.677,16.242],[94.72,16.399],[94.717,16.452],[94.703,16.512],[94.679,16.426],[94.665,16.336],[94.638,16.309],[94.588,16.289],[94.496,16.186],[94.442,16.094],[94.299,16.008],[94.224,16.016],[94.214,16.127],[94.271,16.517],[94.327,16.572],[94.353,16.64],[94.4,16.868],[94.452,16.954],[94.473,17.135],[94.494,17.167],[94.564,17.309],[94.589,17.569],[94.56,17.699],[94.494,17.825],[94.431,18.202],[94.266,18.507],[94.252,18.609],[94.171,18.732],[94.246,18.741],[94.091,18.849],[94.07,18.893],[94.039,19.146],[94.045,19.287],[94.022,19.269],[94.002,19.182],[93.941,19.146],[93.968,18.995],[93.961,18.958],[93.929,18.9],[93.8,18.961],[93.705,19.027],[93.598,19.188],[93.493,19.369],[93.531,19.398],[93.579,19.401],[93.728,19.267],[93.825,19.238],[93.886,19.272],[93.962,19.329],[93.998,19.441],[93.961,19.482],[93.888,19.504],[93.84,19.534],[93.77,19.61],[93.761,19.648],[93.74,19.697],[93.669,19.732],[93.612,19.776],[93.66,19.854],[93.707,19.912],[93.582,19.91],[93.439,20.009],[93.41,20.038],[93.362,20.058],[93.25,20.07],[93.157,20.041],[93.199,19.898],[93.191,19.851],[93.129,19.858],[93.002,20.075],[93.04,20.13],[93.096,20.181],[93.068,20.189],[93.015,20.185],[93.067,20.378],[93.035,20.406],[93.019,20.346],[92.991,20.288],[92.882,20.152],[92.828,20.178],[92.791,20.211],[92.844,20.283],[92.872,20.302],[92.891,20.34],[92.851,20.415],[92.787,20.469],[92.736,20.563],[92.709,20.564],[92.733,20.453],[92.723,20.296],[92.608,20.47],[92.378,20.718],[92.324,20.792],[92.312,20.864],[92.286,20.932],[92.268,21.005],[92.264,21.061],[92.215,21.113],[92.192,21.202],[92.18,21.293],[92.208,21.358],[92.28,21.428],[92.331,21.44],[92.373,21.409],[92.472,21.363],[92.539,21.32],[92.569,21.263],[92.6,21.27],[92.632,21.306],[92.625,21.351],[92.593,21.467],[92.584,21.609],[92.583,21.94],[92.575,21.978],[92.63,22.011],[92.653,22.049],[92.675,22.106],[92.689,22.131],[92.721,22.132],[92.771,22.105],[92.854,22.01],[92.909,21.989],[92.965,22.004],[93.022,22.146],[93.043,22.184],[93.071,22.209],[93.121,22.205],[93.151,22.231],[93.162,22.292],[93.162,22.36],[93.105,22.547],[93.088,22.633],[93.079,22.718],[93.114,22.806],[93.162,22.908],[93.151,22.997],[93.164,23.032],[93.204,23.037],[93.254,23.015],[93.308,23.03],[93.349,23.085],[93.366,23.133],[93.391,23.339],[93.408,23.528],[93.415,23.682],[93.373,23.774],[93.307,24.022],[93.326,24.064],[93.356,24.074],[93.452,23.987],[93.494,23.973],[93.564,23.986],[93.633,24.005],[93.683,24.007],[93.756,23.977],[93.855,23.944],[94.011,23.903],[94.075,23.872],[94.128,23.876],[94.17,23.973],[94.22,24.113],[94.293,24.322],[94.377,24.474],[94.399,24.514],[94.493,24.638],[94.584,24.767],[94.663,24.931],[94.708,25.049],[94.704,25.098],[94.675,25.139],[94.616,25.165],[94.567,25.192],[94.553,25.216],[94.554,25.243],[94.58,25.32],[94.623,25.41],[94.668,25.459],[94.786,25.519],[94.861,25.597],[94.946,25.7],[94.992,25.77],[95.015,25.913],[95.041,25.941],[95.093,25.987],[95.132,26.041],[95.129,26.07],[95.108,26.091],[95.069,26.191],[95.051,26.347],[95.06,26.474],[95.089,26.525],[95.129,26.597],[95.201,26.641],[95.305,26.672],[95.464,26.756],[95.738,26.95],[95.837,27.014],[95.905,27.047],[95.971,27.128],[96.061,27.217],[96.191,27.261],[96.274,27.278],[96.666,27.339],[96.732,27.331],[96.798,27.296],[96.88,27.178],[96.953,27.133],[97.038,27.102],[97.102,27.115],[97.104,27.163],[96.902,27.44],[96.884,27.515],[96.877,27.587],[96.9,27.644],[96.963,27.698],[97.05,27.76],[97.158,27.837],[97.226,27.89],[97.306,27.907],[97.335,27.938],[97.344,27.982],[97.339,28.031],[97.303,28.086],[97.31,28.155],[97.322,28.218],[97.356,28.254],[97.431,28.354],[97.478,28.426],[97.502,28.456],[97.538,28.51],[97.599,28.517],[97.659,28.5],[97.695,28.469],[97.73,28.407],[97.769,28.356],[97.817,28.356],[97.865,28.364],[97.888,28.356],[97.934,28.314],[98.022,28.212],[98.062,28.186],[98.099,28.142],[98.118,28.055],[98.13,27.968],[98.241,27.663],[98.274,27.599],[98.299,27.55],[98.35,27.538],[98.392,27.587],[98.409,27.639],[98.453,27.657],[98.504,27.648],[98.6,27.599],[98.651,27.572],[98.677,27.422],[98.682,27.245],[98.675,27.191],[98.717,27.045],[98.729,26.877],[98.738,26.786],[98.739,26.698],[98.732,26.583],[98.709,26.43],[98.672,26.299],[98.686,26.189],[98.663,26.139],[98.572,26.114],[98.564,26.072],[98.591,26.004],[98.655,25.918],[98.656,25.864],[98.625,25.827],[98.558,25.823],[98.466,25.789],[98.402,25.678],[98.334,25.587],[98.297,25.569],[98.173,25.595],[98.143,25.571],[98.1,25.416],[98.064,25.349],[98.011,25.293],[97.962,25.259],[97.918,25.236],[97.82,25.252],[97.767,25.158],[97.715,25.034],[97.711,24.97],[97.738,24.87],[97.724,24.842],[97.671,24.82],[97.583,24.775],[97.529,24.631],[97.531,24.492],[97.563,24.444],[97.624,24.423],[97.667,24.38],[97.671,24.313],[97.708,24.229],[97.691,24.131],[97.568,23.988],[97.565,23.911],[97.63,23.887],[97.686,23.898],[97.756,23.932],[97.838,23.986],[98.017,24.065],[98.213,24.111],[98.367,24.119],[98.499,24.116],[98.564,24.099],[98.583,24.07],[98.764,24.116],[98.802,24.119],[98.835,24.121],[98.834,24.091],[98.702,23.964],[98.677,23.905],[98.681,23.842],[98.735,23.783],[98.788,23.738],[98.832,23.624],[98.798,23.52],[98.82,23.483],[98.859,23.44],[98.883,23.38],[98.886,23.307],[98.864,23.191],[99.055,23.131],[99.22,23.103],[99.341,23.096],[99.418,23.069],[99.465,23.046],[99.497,23.005],[99.507,22.959],[99.467,22.927],[99.385,22.825],[99.338,22.689],[99.343,22.587],[99.338,22.498],[99.243,22.37],[99.205,22.283],[99.172,22.192],[99.173,22.153],[99.193,22.126],[99.233,22.11],[99.303,22.101],[99.389,22.111],[99.593,22.089],[99.825,22.05],[99.918,22.028],[99.948,21.988],[99.94,21.902],[99.926,21.821],[99.941,21.759],[99.978,21.702],[100.041,21.683],[100.096,21.661],[100.106,21.617],[100.089,21.558],[100.117,21.511],[100.148,21.481],[100.215,21.463],[100.351,21.501],[100.446,21.484],[100.531,21.458],[100.605,21.472],[100.677,21.505],[100.835,21.655],[101.019,21.736],[101.08,21.756],[101.121,21.746],[101.131,21.736],[101.128,21.705],[101.147,21.582],[101.139,21.567],[101.08,21.469],[100.928,21.366],[100.82,21.314],[100.757,21.313],[100.703,21.251],[100.659,21.13],[100.614,21.059],[100.567,21.038],[100.536,20.992],[100.522,20.922],[100.549,20.884],[100.618,20.879],[100.623,20.86],[100.565,20.825],[100.493,20.813],[100.407,20.823],[100.326,20.796],[100.249,20.73],[100.184,20.589],[100.13,20.372],[100.122,20.317]]],[[[98.21,10.953],[98.293,10.78],[98.284,10.753],[98.271,10.74],[98.252,10.744],[98.218,10.838],[98.155,10.898],[98.08,10.887],[98.143,10.963],[98.167,10.98],[98.21,10.953]]],[[[98.183,9.933],[98.134,9.875],[98.118,9.878],[98.14,9.975],[98.221,10.045],[98.292,10.051],[98.283,10.008],[98.231,9.954],[98.183,9.933]]],[[[98.222,11.478],[98.216,11.456],[98.209,11.457],[98.187,11.472],[98.201,11.567],[98.239,11.645],[98.278,11.758],[98.3,11.783],[98.308,11.723],[98.284,11.594],[98.263,11.524],[98.222,11.478]]],[[[98.516,11.905],[98.474,11.899],[98.454,12.061],[98.466,12.084],[98.525,12.005],[98.61,11.957],[98.576,11.925],[98.516,11.905]]],[[[98.554,11.745],[98.528,11.539],[98.465,11.567],[98.435,11.567],[98.397,11.684],[98.4,11.715],[98.376,11.792],[98.524,11.805],[98.554,11.745]]],[[[98.414,12.598],[98.436,12.571],[98.468,12.571],[98.459,12.474],[98.381,12.354],[98.334,12.336],[98.314,12.336],[98.331,12.511],[98.303,12.612],[98.312,12.678],[98.396,12.647],[98.414,12.598]]],[[[98.137,12.15],[98.125,12.145],[98.108,12.148],[98.075,12.164],[98.037,12.232],[98.057,12.28],[98.071,12.292],[98.105,12.288],[98.122,12.279],[98.128,12.261],[98.118,12.223],[98.12,12.191],[98.137,12.15]]],[[[94.477,15.946],[94.412,15.848],[94.388,15.994],[94.494,16.075],[94.546,16.153],[94.601,16.206],[94.619,16.141],[94.566,16.019],[94.477,15.946]]],[[[97.575,16.253],[97.537,16.24],[97.48,16.306],[97.469,16.461],[97.516,16.497],[97.542,16.505],[97.579,16.486],[97.593,16.461],[97.6,16.43],[97.589,16.397],[97.575,16.253]]],[[[93.691,18.684],[93.674,18.676],[93.57,18.76],[93.487,18.868],[93.618,18.889],[93.745,18.866],[93.746,18.808],[93.718,18.716],[93.691,18.684]]],[[[93.492,19.893],[93.513,19.755],[93.445,19.806],[93.42,19.878],[93.413,19.95],[93.492,19.893]]],[[[93.715,19.558],[93.829,19.475],[93.875,19.481],[93.946,19.429],[93.947,19.408],[93.934,19.365],[93.902,19.332],[93.815,19.299],[93.756,19.326],[93.732,19.416],[93.662,19.459],[93.644,19.495],[93.688,19.544],[93.715,19.558]]],[[[98.542,10.962],[98.519,10.959],[98.498,10.964],[98.477,10.98],[98.527,11.087],[98.542,10.962]]],[[[98.075,11.692],[98.084,11.637],[98.021,11.696],[98.01,11.86],[98.06,11.757],[98.081,11.733],[98.075,11.692]]],[[[98.066,12.39],[98.06,12.354],[98.002,12.279],[97.952,12.322],[97.939,12.346],[97.99,12.394],[98.045,12.387],[98.06,12.398],[98.066,12.39]]],[[[98.315,13.099],[98.309,12.935],[98.259,13.014],[98.251,13.104],[98.255,13.189],[98.265,13.202],[98.269,13.189],[98.299,13.152],[98.315,13.099]]],[[[94.805,15.819],[94.784,15.794],[94.743,15.812],[94.733,15.823],[94.828,15.933],[94.838,15.892],[94.805,15.819]]],[[[93.01,19.924],[93.023,19.829],[92.975,19.868],[92.913,20.0],[92.915,20.086],[92.96,20.046],[93.01,19.924]]]]}},{"type":"Feature","properties":{"code":"BDI","name":"Burundi","continent":"Africa"},"geometry":{"type":"Polygon","coordinates":[[[30.554,-2.4],[30.534,-2.426],[30.442,-2.613],[30.424,-2.642],[30.434,-2.659],[30.473,-2.694],[30.45,-2.753],[30.441,-2.769],[30.424,-2.824],[30.433,-2.875],[30.456,-2.893],[30.515,-2.918],[30.604,-2.935],[30.709,-2.977],[30.78,-2.985],[30.797,-3.015],[30.794,-3.069],[30.811,-3.116],[30.811,-3.201],[30.79,-3.275],[30.682,-3.309],[30.626,-3.347],[30.611,-3.366],[30.625,-3.389],[30.632,-3.419],[30.53,-3.492],[30.425,-3.589],[30.4,-3.654],[30.379,-3.731],[30.348,-3.78],[30.269,-3.85],[30.187,-3.993],[30.147,-4.085],[29.947,-4.307],[29.77,-4.418],[29.718,-4.456],[29.403,-4.449],[29.379,-4.3],[29.331,-4.095],[29.223,-3.911],[29.212,-3.834],[29.217,-3.685],[29.217,-3.476],[29.21,-3.363],[29.212,-3.281],[29.226,-3.139],[29.224,-3.054],[29.153,-2.955],[29.065,-2.851],[29.017,-2.8],[29.014,-2.758],[29.014,-2.72],[29.029,-2.665],[29.063,-2.603],[29.102,-2.596],[29.198,-2.62],[29.297,-2.673],[29.35,-2.792],[29.39,-2.809],[29.464,-2.808],[29.651,-2.793],[29.698,-2.795],[29.783,-2.766],[29.868,-2.716],[29.893,-2.665],[29.912,-2.549],[29.93,-2.34],[29.973,-2.337],[30.092,-2.412],[30.117,-2.417],[30.142,-2.414],[30.183,-2.377],[30.234,-2.347],[30.271,-2.348],[30.408,-2.313],[30.482,-2.376],[30.529,-2.396],[30.554,-2.4]]]}},{"type":"Feature","properties":{"code":"BFA","name":"Burkina Faso","continent":"Africa"},"geometry":{"type":"Polygon","coordinates":[[[0.9,10.993],[0.643,10.983],[0.549,10.955],[0.493,10.955],[0.491,10.978],[0.484,10.992],[0.159,11.07],[-0.069,11.116],[-0.299,11.167],[-0.313,11.119],[-0.346,11.088],[-0.396,11.086],[-0.43,11.093],[-0.454,11.056],[-0.492,11.008],[-0.545,10.984],[-0.598,10.954],[-0.627,10.927],[-0.649,10.927],[-0.701,10.989],[-0.772,10.995],[-0.903,10.985],[-0.962,11.002],[-1.042,11.01],[-1.233,10.997],[-1.537,11.023],[-1.586,11.009],[-1.6,10.998],[-1.901,10.995],[-2.232,10.991],[-2.509,10.989],[-2.752,10.986],[-2.752,10.997],[-2.83,10.998],[-2.839,10.977],[-2.907,10.728],[-2.915,10.592],[-2.878,10.508],[-2.837,10.455],[-2.791,10.432],[-2.787,10.402],[-2.823,10.363],[-2.82,10.323],[-2.777,10.282],[-2.767,10.238],[-2.788,10.193],[-2.783,10.083],[-2.751,9.91],[-2.75,9.797],[-2.781,9.746],[-2.766,9.658],[-2.706,9.534],[-2.696,9.481],[-2.717,9.457],[-2.767,9.425],[-2.817,9.426],[-2.875,9.501],[-2.901,9.535],[-2.948,9.611],[-2.988,9.687],[-3.043,9.721],[-3.096,9.752],[-3.161,9.849],[-3.224,9.895],[-3.29,9.882],[-3.386,9.9],[-3.581,9.924],[-3.791,9.917],[-3.878,9.895],[-3.963,9.86],[-4.181,9.782],[-4.267,9.743],[-4.332,9.646],[-4.406,9.648],[-4.48,9.679],[-4.527,9.723],[-4.626,9.714],[-4.722,9.757],[-4.814,9.841],[-4.883,9.869],[-4.97,9.93],[-4.994,10.046],[-5.049,10.128],[-5.1,10.242],[-5.175,10.293],[-5.262,10.32],[-5.382,10.314],[-5.461,10.36],[-5.524,10.426],[-5.507,10.483],[-5.479,10.565],[-5.476,10.644],[-5.457,10.771],[-5.469,10.931],[-5.49,11.042],[-5.424,11.089],[-5.347,11.13],[-5.3,11.206],[-5.25,11.376],[-5.229,11.522],[-5.245,11.577],[-5.27,11.62],[-5.291,11.683],[-5.302,11.76],[-5.288,11.828],[-5.23,11.89],[-5.158,11.942],[-5.106,11.968],[-4.969,11.993],[-4.798,12.032],[-4.699,12.076],[-4.627,12.12],[-4.587,12.155],[-4.546,12.226],[-4.48,12.282],[-4.429,12.338],[-4.422,12.493],[-4.422,12.582],[-4.46,12.63],[-4.481,12.672],[-4.227,12.794],[-4.225,12.879],[-4.261,12.975],[-4.31,13.052],[-4.329,13.119],[-4.259,13.197],[-4.196,13.256],[-4.151,13.306],[-4.051,13.382],[-3.947,13.402],[-3.853,13.374],[-3.576,13.194],[-3.528,13.183],[-3.47,13.196],[-3.397,13.244],[-3.302,13.281],[-3.267,13.401],[-3.27,13.577],[-3.249,13.658],[-3.198,13.673],[-3.039,13.639],[-2.997,13.637],[-2.951,13.648],[-2.917,13.679],[-2.919,13.736],[-2.926,13.787],[-2.874,13.951],[-2.779,14.074],[-2.587,14.228],[-2.527,14.258],[-2.457,14.274],[-2.113,14.168],[-2.057,14.195],[-1.973,14.457],[-1.88,14.481],[-1.768,14.486],[-1.695,14.508],[-1.657,14.527],[-1.494,14.626],[-1.205,14.762],[-1.05,14.82],[-1.019,14.841],[-0.908,14.937],[-0.76,15.048],[-0.666,15.07],[-0.537,15.078],[-0.454,15.06],[-0.432,15.029],[-0.405,15.012],[-0.236,15.059],[0.007,14.985],[0.217,14.911],[0.204,14.865],[0.203,14.783],[0.185,14.653],[0.164,14.497],[0.251,14.396],[0.355,14.288],[0.383,14.246],[0.355,14.139],[0.374,14.076],[0.429,13.972],[0.522,13.84],[0.618,13.703],[0.685,13.685],[0.748,13.675],[0.786,13.65],[0.842,13.626],[0.898,13.611],[0.947,13.581],[0.978,13.552],[1.018,13.468],[1.126,13.412],[1.201,13.358],[1.171,13.33],[1.077,13.341],[0.988,13.365],[0.977,13.325],[0.973,13.17],[0.987,13.042],[1.008,13.025],[1.097,13.001],[1.309,12.834],[1.5,12.676],[1.565,12.635],[1.671,12.62],[1.79,12.613],[1.841,12.628],[1.956,12.707],[2.017,12.716],[2.074,12.714],[2.105,12.701],[2.16,12.636],[2.212,12.538],[2.226,12.466],[2.221,12.427],[2.204,12.413],[2.109,12.394],[2.069,12.379],[2.058,12.358],[2.073,12.309],[2.091,12.278],[2.194,12.136],[2.343,11.946],[2.389,11.897],[2.363,11.84],[2.287,11.691],[2.231,11.629],[1.98,11.418],[1.858,11.443],[1.6,11.401],[1.561,11.449],[1.501,11.456],[1.427,11.447],[1.4,11.429],[1.392,11.408],[1.365,11.379],[1.317,11.295],[1.28,11.274],[1.235,11.261],[1.179,11.263],[1.146,11.252],[1.146,11.21],[1.136,11.174],[1.098,11.156],[1.082,11.116],[1.085,11.076],[1.062,11.058],[1.014,11.068],[0.985,11.079],[0.958,11.028],[0.925,10.993],[0.9,10.993]]]}},{"type":"Feature","properties":{"code":"BRN","name":"Brunei","continent":"Asia"},"geometry":{"type":"MultiPolygon","coordinates":[[[[115.14,4.9],[115.168,4.867],[115.228,4.751],[115.267,4.634],[115.279,4.456],[115.327,4.381],[115.319,4.365],[115.291,4.353],[115.247,4.347],[115.171,4.364],[115.107,4.39],[115.052,4.583],[115.027,4.691],[115.029,4.821],[115.027,4.9],[115.14,4.9]]],[[[115.027,4.9],[114.945,4.856],[114.865,4.802],[114.784,4.755],[114.747,4.718],[114.76,4.667],[114.779,4.553],[114.79,4.464],[114.818,4.429],[114.84,4.393],[114.831,4.354],[114.783,4.281],[114.81,4.267],[114.776,4.169],[114.725,4.097],[114.654,4.038],[114.608,4.024],[114.572,4.049],[114.512,4.114],[114.447,4.204],[114.417,4.256],[114.323,4.263],[114.29,4.304],[114.288,4.355],[114.261,4.414],[114.224,4.478],[114.169,4.527],[114.095,4.565],[114.064,4.593],[114.178,4.591],[114.299,4.607],[114.424,4.66],[114.545,4.725],[114.646,4.798],[114.741,4.881],[114.841,4.946],[114.995,5.022],[115.048,5.016],[115.047,4.962],[115.027,4.9]]]]}},{"type":"Feature","properties":{"code":"BWA","name":"Botswana","continent":"Africa"},"geometry":{"type":"Polygon","coordinates":[[[25.259,-17.794],[25.239,-17.843],[25.224,-17.915],[25.242,-17.969],[25.282,-18.041],[25.34,-18.104],[25.384,-18.142],[25.437,-18.235],[25.489,-18.351],[25.558,-18.442],[25.761,-18.649],[25.784,-18.724],[25.812,-18.797],[25.939,-18.939],[25.959,-18.986],[25.951,-19.082],[26.082,-19.37],[26.168,-19.538],[26.241,-19.569],[26.475,-19.749],[26.678,-19.893],[26.917,-19.99],[27.092,-20.054],[27.178,-20.101],[27.221,-20.146],[27.257,-20.232],[27.275,-20.382],[27.281,-20.479],[27.469,-20.475],[27.625,-20.484],[27.679,-20.503],[27.7,-20.531],[27.695,-20.595],[27.697,-20.69],[27.704,-20.766],[27.688,-20.848],[27.677,-20.945],[27.669,-21.064],[27.693,-21.111],[27.844,-21.262],[27.907,-21.359],[27.975,-21.507],[28.014,-21.554],[28.046,-21.573],[28.182,-21.589],[28.532,-21.651],[28.748,-21.708],[28.919,-21.766],[28.991,-21.781],[29.026,-21.797],[29.037,-21.811],[29.016,-21.94],[29.023,-21.981],[29.042,-22.018],[29.071,-22.047],[29.107,-22.066],[29.237,-22.079],[29.315,-22.158],[29.365,-22.194],[29.13,-22.213],[29.013,-22.278],[28.946,-22.395],[28.84,-22.481],[28.696,-22.535],[28.543,-22.573],[28.382,-22.593],[28.21,-22.694],[28.028,-22.874],[27.935,-22.987],[27.931,-23.034],[27.891,-23.074],[27.813,-23.108],[27.769,-23.149],[27.758,-23.197],[27.717,-23.22],[27.644,-23.218],[27.593,-23.253],[27.563,-23.325],[27.499,-23.368],[27.399,-23.384],[27.313,-23.424],[27.241,-23.49],[27.186,-23.523],[27.146,-23.524],[27.086,-23.578],[26.987,-23.705],[26.971,-23.763],[26.835,-24.241],[26.761,-24.297],[26.618,-24.396],[26.502,-24.513],[26.452,-24.583],[26.397,-24.614],[26.131,-24.671],[26.032,-24.702],[25.912,-24.747],[25.882,-24.788],[25.852,-24.935],[25.77,-25.146],[25.703,-25.302],[25.659,-25.438],[25.584,-25.606],[25.518,-25.663],[25.444,-25.714],[25.346,-25.74],[25.213,-25.756],[25.092,-25.751],[24.999,-25.754],[24.869,-25.813],[24.748,-25.817],[24.556,-25.783],[24.4,-25.75],[24.331,-25.743],[24.193,-25.633],[24.104,-25.635],[23.97,-25.626],[23.894,-25.601],[23.823,-25.545],[23.671,-25.434],[23.521,-25.344],[23.389,-25.291],[23.266,-25.267],[23.149,-25.289],[23.058,-25.312],[23.022,-25.324],[22.951,-25.37],[22.879,-25.458],[22.819,-25.595],[22.796,-25.679],[22.729,-25.857],[22.64,-26.071],[22.598,-26.133],[22.549,-26.178],[22.471,-26.219],[22.218,-26.389],[22.091,-26.58],[22.011,-26.636],[21.915,-26.662],[21.833,-26.678],[21.788,-26.71],[21.738,-26.807],[21.695,-26.841],[21.646,-26.854],[21.501,-26.843],[21.455,-26.833],[21.071,-26.852],[20.954,-26.821],[20.871,-26.809],[20.74,-26.849],[20.685,-26.822],[20.641,-26.742],[20.62,-26.581],[20.627,-26.444],[20.698,-26.34],[20.757,-26.264],[20.815,-26.165],[20.823,-26.121],[20.811,-26.081],[20.799,-25.999],[20.793,-25.916],[20.711,-25.733],[20.609,-25.491],[20.473,-25.221],[20.431,-25.147],[20.345,-25.03],[20.029,-24.807],[19.98,-24.777],[19.98,-24.752],[19.98,-24.536],[19.98,-24.249],[19.98,-23.962],[19.979,-23.676],[19.979,-23.389],[19.979,-23.103],[19.978,-22.816],[19.978,-22.529],[19.978,-22.243],[19.977,-22.0],[20.205,-22.0],[20.488,-22.0],[20.823,-22.0],[20.971,-22.0],[20.979,-21.962],[20.979,-21.784],[20.979,-21.376],[20.978,-20.968],[20.977,-20.56],[20.977,-20.152],[20.976,-19.744],[20.976,-19.336],[20.975,-18.929],[20.974,-18.521],[20.974,-18.319],[21.233,-18.307],[21.53,-18.266],[22.011,-18.199],[22.46,-18.116],[22.753,-18.067],[23.1,-18.01],[23.219,-18.0],[23.252,-18.008],[23.299,-18.027],[23.46,-18.231],[23.56,-18.386],[23.581,-18.453],[23.6,-18.46],[23.647,-18.449],[23.7,-18.424],[23.864,-18.27],[23.898,-18.229],[24.003,-18.154],[24.129,-18.078],[24.244,-18.023],[24.359,-17.978],[24.412,-17.989],[24.475,-18.029],[24.531,-18.053],[24.792,-17.865],[24.909,-17.821],[25.216,-17.788],[25.259,-17.794]]]}},{"type":"Feature","properties":{"code":"BTN","name":"Bhutan","continent":"Asia"},"geometry":{"type":"Polygon","coordinates":[[[91.632,27.76],[91.626,27.737],[91.598,27.677],[91.579,27.611],[91.595,27.558],[91.658,27.494],[91.743,27.443],[91.851,27.439],[91.951,27.458],[91.991,27.45],[92.045,27.365],[92.083,27.291],[92.031,27.214],[92.003,27.147],[91.992,27.1],[91.999,27.079],[92.031,27.041],[92.068,26.975],[92.073,26.915],[92.05,26.875],[91.998,26.855],[91.944,26.861],[91.899,26.86],[91.842,26.853],[91.754,26.831],[91.672,26.802],[91.518,26.807],[91.456,26.867],[91.427,26.867],[91.287,26.79],[91.134,26.803],[90.856,26.778],[90.74,26.772],[90.62,26.78],[90.56,26.797],[90.448,26.851],[90.346,26.89],[90.242,26.854],[90.206,26.848],[90.123,26.755],[89.943,26.724],[89.764,26.702],[89.711,26.714],[89.61,26.719],[89.606,26.741],[89.609,26.762],[89.586,26.779],[89.545,26.796],[89.475,26.803],[89.384,26.827],[89.332,26.849],[89.148,26.816],[89.041,26.865],[88.919,26.932],[88.858,26.961],[88.835,27.066],[88.814,27.099],[88.766,27.134],[88.739,27.176],[88.76,27.218],[88.882,27.297],[88.891,27.316],[88.948,27.464],[89.025,27.518],[89.102,27.593],[89.16,27.711],[89.273,27.833],[89.396,27.958],[89.481,28.06],[89.537,28.107],[89.653,28.158],[89.75,28.188],[89.817,28.256],[89.898,28.294],[89.981,28.311],[90.104,28.302],[90.221,28.278],[90.348,28.244],[90.363,28.217],[90.352,28.168],[90.334,28.119],[90.333,28.094],[90.353,28.08],[90.477,28.071],[90.63,28.079],[90.716,28.072],[90.907,28.027],[90.963,27.995],[91.021,27.97],[91.078,27.974],[91.15,28.027],[91.226,28.071],[91.273,28.078],[91.307,28.064],[91.368,28.022],[91.493,27.982],[91.606,27.952],[91.642,27.923],[91.629,27.801],[91.632,27.76]]]}},{"type":"Feature","properties":{"code":"BEN","name":"Benin","continent":"Africa"},"geometry":{"type":"Polygon","coordinates":[[[1.623,6.217],[1.611,6.251],[1.778,6.295],[1.743,6.426],[1.639,6.582],[1.599,6.61],[1.578,6.687],[1.603,6.738],[1.591,6.772],[1.582,6.877],[1.531,6.992],[1.625,6.997],[1.625,7.369],[1.625,7.726],[1.625,8.03],[1.625,8.271],[1.607,8.559],[1.604,8.771],[1.6,9.05],[1.566,9.137],[1.424,9.285],[1.386,9.362],[1.379,9.463],[1.347,9.568],[1.345,9.75],[1.343,9.963],[1.33,9.997],[1.176,10.098],[0.958,10.242],[0.792,10.352],[0.78,10.36],[0.763,10.387],[0.787,10.71],[0.822,10.753],[0.875,10.886],[0.9,10.993],[0.925,10.993],[0.958,11.028],[0.985,11.079],[1.014,11.068],[1.062,11.058],[1.085,11.076],[1.082,11.116],[1.098,11.156],[1.136,11.174],[1.146,11.21],[1.146,11.252],[1.179,11.263],[1.235,11.261],[1.28,11.274],[1.317,11.295],[1.365,11.379],[1.392,11.408],[1.4,11.429],[1.427,11.447],[1.501,11.456],[1.561,11.449],[1.6,11.401],[1.858,11.443],[1.98,11.418],[2.231,11.629],[2.287,11.691],[2.363,11.84],[2.389,11.897],[2.413,11.999],[2.363,12.188],[2.366,12.222],[2.469,12.263],[2.598,12.294],[2.648,12.297],[2.681,12.313],[2.729,12.354],[2.805,12.384],[2.85,12.374],[2.878,12.368],[3.15,12.118],[3.267,11.992],[3.299,11.927],[3.36,11.88],[3.45,11.852],[3.532,11.787],[3.595,11.696],[3.554,11.632],[3.491,11.499],[3.488,11.395],[3.639,11.177],[3.656,11.155],[3.695,11.12],[3.716,11.08],[3.734,10.972],[3.745,10.85],[3.757,10.769],[3.83,10.654],[3.834,10.607],[3.784,10.436],[3.772,10.418],[3.758,10.413],[3.68,10.428],[3.647,10.409],[3.604,10.351],[3.578,10.292],[3.577,10.268],[3.646,10.16],[3.602,10.005],[3.557,9.907],[3.477,9.852],[3.405,9.839],[3.354,9.813],[3.325,9.778],[3.329,9.667],[3.223,9.566],[3.165,9.495],[3.136,9.452],[3.148,9.321],[3.11,9.188],[3.045,9.084],[2.898,9.061],[2.775,9.049],[2.733,8.783],[2.735,8.614],[2.724,8.442],[2.703,8.372],[2.712,8.273],[2.702,8.05],[2.686,7.874],[2.708,7.827],[2.72,7.723],[2.719,7.616],[2.751,7.542],[2.785,7.477],[2.784,7.443],[2.766,7.423],[2.75,7.395],[2.751,7.143],[2.757,7.068],[2.748,7.02],[2.721,6.98],[2.732,6.853],[2.753,6.772],[2.775,6.712],[2.754,6.662],[2.736,6.596],[2.708,6.428],[2.706,6.369],[2.287,6.328],[1.818,6.261],[1.623,6.217]]]}},{"type":"Feature","properties":{"code":"BGD","name":"Bangladesh","continent":"Asia"},"geometry":{"type":"MultiPolygon","coordinates":[[[[89.051,22.093],[89.056,22.186],[89.05,22.275],[88.971,22.511],[88.921,22.632],[88.927,22.671],[88.923,22.688],[88.9,22.844],[88.867,22.939],[88.851,23.041],[88.928,23.187],[88.897,23.21],[88.808,23.23],[88.724,23.255],[88.704,23.293],[88.741,23.437],[88.698,23.493],[88.636,23.55],[88.616,23.573],[88.596,23.602],[88.567,23.674],[88.623,23.826],[88.7,24.003],[88.714,24.07],[88.727,24.186],[88.734,24.231],[88.724,24.275],[88.642,24.326],[88.499,24.347],[88.397,24.389],[88.338,24.454],[88.287,24.48],[88.225,24.461],[88.146,24.486],[88.079,24.55],[88.023,24.628],[88.03,24.664],[88.045,24.713],[88.15,24.915],[88.189,24.921],[88.279,24.882],[88.313,24.882],[88.373,24.962],[88.456,25.188],[88.574,25.188],[88.678,25.18],[88.748,25.169],[88.817,25.176],[88.89,25.194],[88.93,25.223],[88.952,25.259],[88.944,25.291],[88.855,25.334],[88.82,25.366],[88.795,25.456],[88.769,25.49],[88.593,25.495],[88.502,25.537],[88.452,25.574],[88.363,25.698],[88.253,25.79],[88.147,25.811],[88.107,25.841],[88.085,25.888],[88.097,25.956],[88.129,26.018],[88.151,26.087],[88.235,26.178],[88.334,26.258],[88.378,26.312],[88.44,26.369],[88.448,26.401],[88.437,26.437],[88.386,26.472],[88.351,26.483],[88.346,26.505],[88.37,26.564],[88.418,26.572],[88.518,26.518],[88.62,26.431],[88.681,26.353],[88.683,26.292],[88.722,26.282],[88.762,26.279],[88.828,26.252],[88.896,26.26],[88.941,26.245],[88.97,26.251],[88.982,26.286],[88.948,26.338],[88.924,26.375],[88.952,26.412],[88.983,26.42],[89.019,26.41],[89.067,26.377],[89.102,26.308],[89.108,26.202],[89.186,26.106],[89.289,26.038],[89.37,26.006],[89.467,25.984],[89.55,26.005],[89.591,26.072],[89.573,26.132],[89.586,26.186],[89.619,26.216],[89.671,26.214],[89.71,26.171],[89.823,25.941],[89.8,25.84],[89.825,25.56],[89.796,25.376],[89.801,25.336],[89.814,25.305],[89.833,25.293],[89.866,25.293],[90.004,25.258],[90.12,25.22],[90.25,25.185],[90.439,25.158],[90.555,25.167],[90.613,25.168],[90.73,25.159],[91.038,25.174],[91.293,25.178],[91.397,25.152],[91.48,25.142],[91.763,25.161],[92.05,25.169],[92.205,25.111],[92.373,25.015],[92.468,24.944],[92.485,24.903],[92.475,24.869],[92.443,24.849],[92.385,24.849],[92.251,24.895],[92.228,24.881],[92.231,24.786],[92.227,24.771],[92.198,24.686],[92.117,24.494],[92.102,24.408],[92.085,24.386],[92.064,24.374],[92.001,24.371],[91.952,24.357],[91.931,24.326],[91.899,24.261],[91.877,24.195],[91.846,24.175],[91.772,24.211],[91.727,24.205],[91.669,24.19],[91.611,24.153],[91.571,24.107],[91.526,24.091],[91.393,24.1],[91.367,24.094],[91.35,24.06],[91.336,24.019],[91.232,23.92],[91.192,23.763],[91.16,23.661],[91.166,23.581],[91.254,23.374],[91.315,23.104],[91.339,23.077],[91.359,23.068],[91.369,23.075],[91.367,23.13],[91.371,23.198],[91.399,23.214],[91.436,23.2],[91.471,23.141],[91.511,23.034],[91.554,22.992],[91.62,22.98],[91.695,23.005],[91.751,23.054],[91.774,23.106],[91.758,23.21],[91.754,23.287],[91.79,23.361],[91.919,23.471],[91.938,23.505],[91.929,23.598],[91.93,23.686],[91.979,23.692],[92.044,23.678],[92.127,23.721],[92.152,23.722],[92.187,23.676],[92.246,23.684],[92.289,23.492],[92.334,23.324],[92.334,23.242],[92.341,23.07],[92.362,22.929],[92.393,22.897],[92.43,22.822],[92.464,22.734],[92.491,22.685],[92.51,22.526],[92.532,22.41],[92.561,22.048],[92.575,21.978],[92.583,21.94],[92.584,21.609],[92.593,21.467],[92.625,21.351],[92.632,21.306],[92.6,21.27],[92.569,21.263],[92.539,21.32],[92.472,21.363],[92.373,21.409],[92.331,21.44],[92.28,21.428],[92.208,21.358],[92.18,21.293],[92.192,21.202],[92.215,21.113],[92.264,21.061],[92.268,21.005],[92.286,20.932],[92.312,20.864],[92.324,20.792],[92.308,20.79],[92.248,20.884],[92.195,20.984],[92.056,21.175],[92.011,21.516],[92.008,21.685],[91.913,21.883],[91.85,22.157],[91.825,22.229],[91.858,22.317],[91.863,22.35],[91.845,22.343],[91.797,22.297],[91.734,22.407],[91.693,22.505],[91.53,22.708],[91.482,22.797],[91.48,22.885],[91.41,22.797],[91.314,22.735],[91.216,22.642],[91.151,22.614],[90.946,22.597],[90.827,22.721],[90.656,23.025],[90.634,23.094],[90.656,23.273],[90.616,23.442],[90.616,23.532],[90.604,23.591],[90.573,23.578],[90.562,23.537],[90.568,23.474],[90.556,23.422],[90.408,23.432],[90.269,23.456],[90.392,23.367],[90.523,23.346],[90.591,23.266],[90.599,23.204],[90.595,23.134],[90.528,23.085],[90.466,23.054],[90.478,22.987],[90.552,22.905],[90.462,22.882],[90.437,22.828],[90.435,22.752],[90.481,22.685],[90.498,22.635],[90.487,22.589],[90.532,22.539],[90.596,22.436],[90.616,22.362],[90.589,22.258],[90.553,22.218],[90.494,22.179],[90.356,22.048],[90.288,21.899],[90.231,21.83],[90.159,21.817],[90.131,21.847],[90.071,21.887],[90.07,21.96],[90.088,22.017],[90.21,22.157],[90.143,22.138],[90.069,22.098],[89.954,22.023],[89.918,22.116],[89.894,22.203],[89.894,22.308],[89.985,22.466],[89.882,22.388],[89.853,22.289],[89.866,22.173],[89.853,22.091],[89.812,21.983],[89.757,21.919],[89.668,21.878],[89.628,21.814],[89.569,21.767],[89.567,21.861],[89.547,21.984],[89.483,22.276],[89.469,22.213],[89.503,22.032],[89.501,21.914],[89.452,21.821],[89.354,21.721],[89.279,21.707],[89.234,21.722],[89.167,21.784],[89.094,21.873],[89.082,22.015],[89.051,22.093]]],[[[91.151,22.175],[91.045,22.105],[91.079,22.52],[91.158,22.365],[91.178,22.283],[91.151,22.175]]],[[[91.557,22.382],[91.51,22.353],[91.467,22.378],[91.411,22.476],[91.439,22.599],[91.456,22.617],[91.484,22.577],[91.523,22.491],[91.548,22.425],[91.557,22.382]]],[[[90.778,22.089],[90.604,22.054],[90.515,22.065],[90.68,22.327],[90.675,22.445],[90.649,22.541],[90.565,22.618],[90.56,22.673],[90.523,22.748],[90.503,22.835],[90.596,22.864],[90.672,22.813],[90.683,22.785],[90.699,22.714],[90.737,22.639],[90.868,22.485],[90.866,22.391],[90.83,22.16],[90.778,22.089]]],[[[91.874,21.832],[91.838,21.75],[91.82,21.81],[91.835,21.885],[91.851,21.927],[91.861,21.927],[91.883,21.884],[91.874,21.832]]],[[[91.949,21.508],[91.889,21.503],[91.859,21.533],[91.873,21.574],[91.857,21.709],[91.908,21.723],[91.934,21.722],[91.949,21.683],[91.962,21.61],[91.949,21.508]]],[[[90.642,22.963],[90.66,22.92],[90.604,22.946],[90.562,22.975],[90.536,23.015],[90.58,23.035],[90.642,22.963]]]]}},{"type":"Feature","properties":{"code":"BHR","name":"Bahrain","continent":"Asia"},"geometry":{"type":"Polygon","coordinates":[[[50.607,25.883],[50.575,25.807],[50.544,25.833],[50.466,25.966],[50.489,26.058],[50.452,26.191],[50.47,26.229],[50.564,26.246],[50.586,26.241],[50.558,26.198],[50.61,26.124],[50.617,26.002],[50.607,25.883]]]}},{"type":"Feature","properties":{"code":"AZE","name":"Azerbaijan","continent":"Asia"},"geometry":{"type":"MultiPolygon","coordinates":[[[[44.817,39.65],[44.783,39.685],[44.768,39.704],[44.867,39.719],[45.032,39.765],[45.076,39.743],[45.125,39.696],[45.149,39.657],[45.153,39.583],[45.173,39.571],[45.253,39.595],[45.288,39.566],[45.35,39.53],[45.457,39.494],[45.611,39.55],[45.687,39.564],[45.75,39.563],[45.784,39.546],[45.796,39.488],[45.784,39.417],[45.766,39.378],[45.799,39.35],[45.925,39.282],[45.977,39.244],[45.952,39.178],[46.046,39.018],[46.077,38.955],[46.114,38.878],[45.922,38.908],[45.575,38.973],[45.48,39.006],[45.389,39.096],[45.336,39.139],[45.256,39.195],[45.191,39.216],[45.141,39.254],[45.113,39.312],[45.072,39.363],[45.0,39.424],[44.838,39.629],[44.817,39.65]]],[[[48.869,38.435],[48.84,38.437],[48.636,38.399],[48.593,38.411],[48.417,38.586],[48.381,38.606],[48.306,38.613],[48.261,38.642],[48.225,38.689],[48.205,38.724],[48.023,38.819],[47.996,38.854],[47.993,38.884],[48.019,38.912],[48.05,38.935],[48.139,38.959],[48.242,38.979],[48.275,38.994],[48.292,39.019],[48.291,39.059],[48.274,39.099],[48.125,39.172],[48.109,39.203],[48.104,39.241],[48.113,39.281],[48.136,39.312],[48.257,39.355],[48.322,39.399],[48.282,39.448],[48.151,39.561],[47.996,39.684],[47.892,39.685],[47.773,39.649],[47.582,39.543],[47.476,39.498],[47.338,39.424],[47.188,39.341],[47.065,39.253],[46.989,39.18],[46.853,39.148],[46.783,39.087],[46.555,38.904],[46.491,38.907],[46.487,38.997],[46.49,39.069],[46.475,39.111],[46.401,39.168],[46.4,39.192],[46.42,39.207],[46.477,39.198],[46.55,39.201],[46.585,39.224],[46.507,39.299],[46.437,39.349],[46.378,39.382],[46.365,39.402],[46.365,39.417],[46.378,39.434],[46.478,39.475],[46.488,39.513],[46.481,39.555],[46.322,39.617],[46.202,39.594],[46.095,39.664],[46.026,39.719],[45.94,39.777],[45.863,39.808],[45.79,39.881],[45.662,39.956],[45.58,39.978],[45.581,39.989],[45.596,40.003],[45.63,40.014],[45.858,40.011],[45.886,40.025],[45.9,40.057],[45.931,40.105],[45.968,40.175],[45.965,40.234],[45.736,40.329],[45.57,40.417],[45.454,40.532],[45.376,40.638],[45.379,40.674],[45.401,40.707],[45.579,40.804],[45.591,40.83],[45.587,40.847],[45.524,40.897],[45.444,40.948],[45.419,40.986],[45.369,41.005],[45.273,41.006],[45.106,41.069],[45.071,41.076],[45.063,41.088],[45.071,41.101],[45.19,41.126],[45.189,41.147],[45.152,41.175],[45.085,41.195],[45.023,41.246],[45.001,41.291],[45.217,41.423],[45.281,41.45],[45.422,41.425],[45.716,41.338],[45.696,41.289],[45.725,41.262],[45.793,41.224],[45.922,41.187],[46.031,41.167],[46.087,41.184],[46.171,41.198],[46.28,41.154],[46.381,41.099],[46.431,41.077],[46.458,41.07],[46.534,41.089],[46.626,41.16],[46.662,41.246],[46.673,41.287],[46.619,41.344],[46.509,41.406],[46.385,41.46],[46.305,41.508],[46.255,41.602],[46.204,41.613],[46.191,41.625],[46.182,41.657],[46.184,41.702],[46.202,41.737],[46.252,41.752],[46.303,41.757],[46.348,41.79],[46.405,41.855],[46.43,41.891],[46.538,41.87],[46.552,41.812],[46.571,41.8],[46.616,41.807],[46.69,41.831],[46.749,41.813],[46.826,41.743],[46.931,41.67],[46.988,41.621],[47.01,41.587],[47.064,41.555],[47.143,41.516],[47.205,41.456],[47.261,41.315],[47.318,41.282],[47.521,41.229],[47.592,41.218],[47.791,41.199],[47.861,41.213],[47.964,41.334],[48.056,41.459],[48.142,41.485],[48.298,41.545],[48.391,41.602],[48.431,41.663],[48.519,41.779],[48.573,41.844],[48.665,41.787],[48.824,41.63],[49.051,41.374],[49.107,41.302],[49.143,41.218],[49.175,41.116],[49.226,41.026],[49.457,40.8],[49.556,40.716],[49.718,40.608],[49.776,40.584],[49.852,40.577],[49.991,40.577],[50.119,40.535],[50.183,40.505],[50.248,40.462],[50.307,40.412],[50.366,40.279],[50.143,40.323],[49.919,40.316],[49.792,40.288],[49.669,40.249],[49.551,40.194],[49.477,40.087],[49.415,39.84],[49.324,39.608],[49.328,39.501],[49.367,39.398],[49.363,39.35],[49.321,39.329],[49.269,39.285],[49.2,39.073],[49.165,39.03],[49.121,39.004],[49.109,39.029],[49.111,39.085],[49.013,39.134],[48.962,39.079],[48.926,38.962],[48.854,38.839],[48.851,38.815],[48.869,38.435]],[[45.552,40.616],[45.562,40.649],[45.534,40.664],[45.504,40.665],[45.479,40.648],[45.479,40.607],[45.514,40.6],[45.552,40.616]]],[[[45.024,41.027],[45.002,41.016],[44.969,41.027],[44.959,41.053],[44.961,41.079],[44.994,41.086],[45.021,41.078],[45.029,41.054],[45.024,41.027]]]]}},{"type":"Feature","properties":{"code":"IOA","name":"Australian Indian Ocean Territories","continent":"Asia"},"geometry":{"type":"MultiPolygon","coordinates":[[[[105.725,-10.493],[105.697,-10.564],[105.644,-10.525],[105.584,-10.512],[105.596,-10.46],[105.646,-10.452],[105.67,-10.449],[105.705,-10.431],[105.725,-10.493]]],[[[96.84,-12.182],[96.852,-12.187],[96.867,-12.181],[96.874,-12.188],[96.85,-12.197],[96.835,-12.18],[96.828,-12.151],[96.826,-12.126],[96.833,-12.126],[96.833,-12.136],[96.834,-12.144],[96.839,-12.16],[96.836,-12.171],[96.84,-12.182]]],[[[96.918,-12.194],[96.907,-12.2],[96.897,-12.196],[96.894,-12.193],[96.893,-12.187],[96.904,-12.187],[96.913,-12.182],[96.919,-12.173],[96.921,-12.162],[96.925,-12.173],[96.924,-12.185],[96.918,-12.194]]]]}},{"type":"Feature","properties":{"code":"ARM","name":"Armenia","continent":"Asia"},"geometry":{"type":"MultiPolygon","coordinates":[[[[44.768,39.704],[44.734,39.746],[44.56,39.888],[44.4,39.996],[44.289,40.04],[44.178,40.036],[44.005,40.014],[43.942,40.023],[43.792,40.07],[43.666,40.126],[43.683,40.15],[43.71,40.167],[43.678,40.239],[43.608,40.357],[43.616,40.393],[43.594,40.444],[43.569,40.482],[43.668,40.574],[43.713,40.648],[43.723,40.72],[43.696,40.794],[43.632,40.929],[43.592,40.968],[43.517,41.005],[43.455,41.065],[43.439,41.107],[43.492,41.116],[43.645,41.117],[43.793,41.131],[43.909,41.159],[44.077,41.183],[44.146,41.203],[44.227,41.213],[44.473,41.191],[44.565,41.208],[44.841,41.211],[44.849,41.22],[44.811,41.249],[44.811,41.259],[44.976,41.277],[45.001,41.291],[45.023,41.246],[45.085,41.195],[45.152,41.175],[45.189,41.147],[45.19,41.126],[45.071,41.101],[45.063,41.088],[45.071,41.076],[45.106,41.069],[45.273,41.006],[45.369,41.005],[45.419,40.986],[45.444,40.948],[45.524,40.897],[45.587,40.847],[45.591,40.83],[45.579,40.804],[45.401,40.707],[45.379,40.674],[45.376,40.638],[45.454,40.532],[45.57,40.417],[45.736,40.329],[45.965,40.234],[45.968,40.175],[45.931,40.105],[45.9,40.057],[45.886,40.025],[45.858,40.011],[45.63,40.014],[45.596,40.003],[45.581,39.989],[45.58,39.978],[45.662,39.956],[45.79,39.881],[45.863,39.808],[45.94,39.777],[46.026,39.719],[46.095,39.664],[46.202,39.594],[46.322,39.617],[46.481,39.555],[46.488,39.513],[46.478,39.475],[46.378,39.434],[46.365,39.417],[46.365,39.402],[46.378,39.382],[46.437,39.349],[46.507,39.299],[46.585,39.224],[46.55,39.201],[46.477,39.198],[46.42,39.207],[46.4,39.192],[46.401,39.168],[46.475,39.111],[46.49,39.069],[46.487,38.997],[46.491,38.907],[46.318,38.913],[46.17,38.869],[46.114,38.878],[46.077,38.955],[46.046,39.018],[45.952,39.178],[45.977,39.244],[45.925,39.282],[45.799,39.35],[45.766,39.378],[45.784,39.417],[45.796,39.488],[45.784,39.546],[45.75,39.563],[45.687,39.564],[45.611,39.55],[45.457,39.494],[45.35,39.53],[45.288,39.566],[45.253,39.595],[45.173,39.571],[45.153,39.583],[45.149,39.657],[45.125,39.696],[45.076,39.743],[45.032,39.765],[44.867,39.719],[44.768,39.704]],[[45.024,41.027],[45.029,41.054],[45.021,41.078],[44.994,41.086],[44.961,41.079],[44.959,41.053],[44.969,41.027],[45.002,41.016],[45.024,41.027]]],[[[45.552,40.616],[45.514,40.6],[45.479,40.607],[45.479,40.648],[45.504,40.665],[45.534,40.664],[45.562,40.649],[45.552,40.616]]]]}},{"type":"Feature","properties":{"code":"AGO","name":"Angola","continent":"Africa"},"geometry":{"type":"MultiPolygon","coordinates":[[[[13.073,-4.635],[13.057,-4.651],[12.947,-4.695],[12.83,-4.737],[12.675,-4.905],[12.596,-4.978],[12.574,-4.997],[12.503,-5.037],[12.451,-5.071],[12.453,-5.091],[12.487,-5.113],[12.522,-5.149],[12.519,-5.425],[12.504,-5.696],[12.485,-5.719],[12.386,-5.728],[12.255,-5.746],[12.214,-5.759],[12.199,-5.732],[12.155,-5.633],[12.18,-5.539],[12.207,-5.468],[12.177,-5.325],[12.111,-5.197],[12.04,-5.035],[12.018,-5.004],[12.078,-4.952],[12.167,-4.838],[12.204,-4.779],[12.308,-4.766],[12.347,-4.724],[12.374,-4.658],[12.385,-4.619],[12.501,-4.588],[12.642,-4.531],[12.719,-4.47],[12.798,-4.431],[12.848,-4.429],[12.881,-4.445],[12.971,-4.552],[13.048,-4.619],[13.073,-4.635]]],[[[23.967,-10.872],[23.988,-11.003],[24.01,-11.185],[24.026,-11.316],[24.041,-11.374],[24.047,-11.405],[24.029,-11.439],[24.015,-11.518],[23.987,-11.587],[23.971,-11.636],[23.984,-11.725],[23.973,-11.853],[23.962,-11.988],[23.959,-12.118],[23.996,-12.351],[23.991,-12.422],[23.945,-12.544],[23.909,-12.636],[23.887,-12.743],[23.882,-12.799],[23.968,-12.957],[23.963,-12.988],[23.897,-12.998],[23.843,-13.001],[23.636,-13.001],[23.339,-13.001],[23.042,-13.001],[22.744,-13.001],[22.471,-13.001],[22.21,-13.001],[21.979,-13.001],[21.979,-13.157],[21.979,-13.478],[21.979,-13.799],[21.979,-14.12],[21.979,-14.441],[21.979,-14.761],[21.98,-15.082],[21.98,-15.403],[21.98,-15.724],[21.98,-15.956],[22.04,-16.263],[22.151,-16.597],[22.194,-16.628],[22.305,-16.69],[22.459,-16.815],[22.546,-16.91],[22.722,-17.075],[22.956,-17.286],[23.182,-17.474],[23.381,-17.641],[23.068,-17.699],[22.624,-17.782],[22.324,-17.837],[21.961,-17.905],[21.718,-17.948],[21.417,-18.001],[21.369,-18.0],[21.288,-17.963],[21.113,-17.956],[20.908,-18.006],[20.746,-18.02],[20.625,-17.997],[20.508,-17.953],[20.393,-17.887],[20.194,-17.864],[19.912,-17.881],[19.639,-17.869],[19.377,-17.825],[19.189,-17.808],[19.076,-17.818],[18.955,-17.804],[18.826,-17.766],[18.718,-17.703],[18.588,-17.57],[18.487,-17.443],[18.46,-17.425],[18.428,-17.405],[18.396,-17.399],[18.109,-17.396],[17.835,-17.393],[17.679,-17.393],[17.296,-17.392],[16.914,-17.391],[16.531,-17.391],[16.148,-17.39],[15.766,-17.39],[15.383,-17.389],[15.001,-17.389],[14.618,-17.388],[14.415,-17.388],[14.226,-17.398],[14.017,-17.409],[13.987,-17.404],[13.938,-17.389],[13.904,-17.361],[13.792,-17.288],[13.694,-17.233],[13.562,-17.141],[13.476,-17.04],[13.404,-17.008],[13.276,-16.99],[13.179,-16.972],[13.101,-16.968],[12.963,-17.015],[12.859,-17.063],[12.785,-17.108],[12.657,-17.161],[12.548,-17.213],[12.359,-17.206],[12.318,-17.213],[12.213,-17.21],[12.114,-17.165],[12.014,-17.169],[11.903,-17.227],[11.743,-17.249],[11.78,-16.871],[11.819,-16.704],[11.82,-16.504],[11.797,-15.986],[11.769,-15.915],[11.751,-15.832],[11.85,-15.768],[11.9,-15.72],[11.968,-15.634],[12.016,-15.514],[12.073,-15.248],[12.28,-14.637],[12.379,-14.039],[12.504,-13.755],[12.55,-13.438],[12.898,-13.028],[12.983,-12.776],[13.163,-12.652],[13.417,-12.52],[13.598,-12.286],[13.686,-12.124],[13.785,-11.813],[13.784,-11.488],[13.847,-11.054],[13.834,-10.93],[13.739,-10.757],[13.721,-10.634],[13.633,-10.512],[13.539,-10.421],[13.495,-10.257],[13.332,-9.999],[13.287,-9.827],[13.209,-9.703],[13.197,-9.551],[13.156,-9.39],[13.076,-9.23],[12.999,-9.048],[12.999,-8.991],[13.047,-8.922],[13.093,-8.9],[13.077,-8.934],[13.047,-8.975],[13.054,-9.007],[13.359,-8.687],[13.378,-8.625],[13.368,-8.555],[13.366,-8.469],[13.379,-8.37],[13.091,-7.78],[12.862,-7.232],[12.823,-6.955],[12.521,-6.59],[12.402,-6.353],[12.334,-6.187],[12.283,-6.124],[12.303,-6.093],[12.38,-6.084],[12.554,-6.046],[12.791,-6.004],[13.01,-5.908],[13.068,-5.865],[13.184,-5.856],[13.303,-5.882],[13.346,-5.863],[13.371,-5.862],[13.649,-5.862],[13.765,-5.855],[13.979,-5.857],[14.114,-5.865],[14.191,-5.876],[14.399,-5.893],[14.658,-5.889],[14.749,-5.88],[15.089,-5.875],[15.425,-5.869],[15.727,-5.864],[16.06,-5.865],[16.315,-5.866],[16.431,-5.9],[16.537,-5.966],[16.585,-6.025],[16.608,-6.052],[16.64,-6.115],[16.697,-6.164],[16.718,-6.241],[16.701,-6.346],[16.709,-6.472],[16.743,-6.618],[16.813,-6.773],[16.919,-6.934],[16.966,-7.062],[16.952,-7.157],[16.985,-7.257],[17.064,-7.363],[17.122,-7.419],[17.155,-7.461],[17.245,-7.623],[17.411,-7.882],[17.536,-8.076],[17.58,-8.099],[17.643,-8.091],[17.779,-8.071],[17.913,-8.068],[18.009,-8.108],[18.047,-8.101],[18.192,-8.024],[18.335,-8.0],[18.485,-7.969],[18.563,-7.936],[18.653,-7.936],[18.898,-7.998],[18.944,-8.001],[19.143,-8.001],[19.341,-7.967],[19.37,-7.707],[19.372,-7.655],[19.419,-7.557],[19.48,-7.472],[19.487,-7.391],[19.484,-7.279],[19.528,-7.144],[19.66,-7.037],[19.875,-6.986],[19.997,-6.976],[20.19,-6.946],[20.482,-6.916],[20.59,-6.92],[20.599,-6.935],[20.537,-7.122],[20.536,-7.183],[20.558,-7.244],[20.608,-7.278],[20.911,-7.281],[21.19,-7.285],[21.511,-7.297],[21.751,-7.305],[21.782,-7.315],[21.806,-7.329],[21.842,-7.421],[21.834,-7.602],[21.78,-7.865],[21.801,-8.112],[21.896,-8.341],[21.905,-8.693],[21.872,-8.904],[21.829,-9.168],[21.813,-9.469],[21.857,-9.594],[21.949,-9.726],[22.089,-9.863],[22.198,-10.041],[22.275,-10.259],[22.302,-10.397],[22.282,-10.453],[22.283,-10.552],[22.307,-10.691],[22.28,-10.784],[22.204,-10.829],[22.178,-10.892],[22.217,-11.013],[22.226,-11.122],[22.257,-11.164],[22.279,-11.194],[22.315,-11.199],[22.393,-11.159],[22.486,-11.087],[22.561,-11.056],[22.667,-11.06],[22.815,-11.08],[23.076,-11.088],[23.157,-11.075],[23.4,-10.976],[23.464,-10.969],[23.56,-10.979],[23.696,-11.008],[23.834,-11.014],[23.901,-10.983],[23.907,-10.943],[23.929,-10.892],[23.967,-10.872]]]]}},{"type":"Feature","properties":{"code":"DZA","name":"Algeria","continent":"Africa"},"geometry":{"type":"Polygon","coordinates":[[[8.577,36.937],[8.598,36.884],[8.601,36.834],[8.507,36.788],[8.444,36.761],[8.37,36.633],[8.231,36.545],[8.208,36.519],[8.209,36.495],[8.303,36.456],[8.334,36.418],[8.349,36.368],[8.307,36.189],[8.28,36.051],[8.246,35.871],[8.247,35.802],[8.283,35.719],[8.318,35.655],[8.329,35.582],[8.316,35.403],[8.36,35.3],[8.394,35.204],[8.312,35.085],[8.277,34.979],[8.255,34.829],[8.246,34.734],[8.193,34.646],[8.123,34.564],[8.046,34.513],[7.949,34.469],[7.838,34.41],[7.749,34.254],[7.554,34.125],[7.514,34.081],[7.496,33.977],[7.5,33.832],[7.534,33.718],[7.628,33.549],[7.709,33.362],[7.731,33.269],[7.763,33.233],[7.877,33.172],[8.076,33.089],[8.113,33.055],[8.211,32.927],[8.304,32.696],[8.333,32.544],[8.515,32.422],[8.683,32.31],[8.844,32.212],[9.019,32.105],[9.044,32.072],[9.102,31.846],[9.16,31.621],[9.224,31.374],[9.288,31.125],[9.363,30.833],[9.406,30.667],[9.458,30.465],[9.519,30.229],[9.421,30.179],[9.31,30.115],[9.391,29.994],[9.546,29.796],[9.64,29.636],[9.673,29.567],[9.746,29.369],[9.805,29.177],[9.821,29.115],[9.843,28.967],[9.816,28.56],[9.858,28.043],[9.916,27.786],[9.825,27.553],[9.748,27.331],[9.753,27.219],[9.795,27.045],[9.837,26.916],[9.894,26.848],[9.883,26.631],[9.859,26.552],[9.685,26.438],[9.491,26.334],[9.438,26.246],[9.422,26.147],[9.448,26.067],[9.581,25.89],[9.781,25.624],[10.001,25.332],[10.019,25.259],[10.028,25.051],[10.12,24.79],[10.219,24.676],[10.256,24.591],[10.326,24.53],[10.396,24.486],[10.439,24.48],[10.686,24.551],[11.108,24.434],[11.508,24.314],[11.537,24.291],[11.624,24.14],[11.767,23.893],[11.873,23.695],[11.968,23.518],[11.45,23.213],[10.932,22.907],[10.414,22.602],[9.896,22.297],[9.379,21.991],[8.861,21.686],[8.343,21.381],[7.825,21.076],[7.482,20.873],[7.263,20.694],[6.989,20.471],[6.731,20.248],[6.527,20.073],[6.263,19.846],[6.131,19.732],[5.837,19.479],[5.748,19.434],[5.359,19.36],[5.001,19.291],[4.671,19.228],[4.446,19.185],[4.228,19.143],[3.91,19.084],[3.683,19.042],[3.439,18.996],[3.401,18.988],[3.356,18.987],[3.323,18.988],[3.256,19.013],[3.174,19.073],[3.12,19.103],[3.106,19.15],[3.138,19.212],[3.177,19.268],[3.192,19.312],[3.22,19.345],[3.254,19.373],[3.256,19.411],[3.227,19.474],[3.202,19.56],[3.203,19.718],[3.203,19.771],[3.204,19.79],[3.13,19.85],[2.992,19.917],[2.866,19.956],[2.808,19.969],[2.668,19.993],[2.474,20.035],[2.406,20.064],[2.281,20.21],[2.219,20.248],[1.929,20.273],[1.832,20.297],[1.753,20.332],[1.685,20.378],[1.647,20.459],[1.636,20.524],[1.611,20.556],[1.29,20.714],[1.209,20.767],[1.166,20.817],[1.164,20.891],[1.173,20.982],[1.159,21.062],[1.146,21.102],[0.999,21.198],[0.672,21.412],[0.344,21.626],[0.017,21.84],[-0.311,22.054],[-0.638,22.268],[-0.965,22.482],[-1.293,22.697],[-1.62,22.911],[-1.948,23.125],[-2.275,23.339],[-2.603,23.553],[-2.93,23.767],[-3.258,23.981],[-3.585,24.195],[-3.913,24.409],[-4.24,24.624],[-4.517,24.804],[-4.823,24.996],[-5.05,25.135],[-5.275,25.275],[-5.517,25.424],[-5.675,25.516],[-5.863,25.627],[-6.051,25.738],[-6.239,25.848],[-6.427,25.959],[-6.615,26.069],[-6.803,26.18],[-6.991,26.291],[-7.179,26.401],[-7.367,26.512],[-7.555,26.622],[-7.743,26.733],[-7.931,26.844],[-8.119,26.954],[-8.307,27.065],[-8.495,27.175],[-8.683,27.286],[-8.683,27.49],[-8.683,27.656],[-8.683,27.9],[-8.683,28.112],[-8.683,28.324],[-8.683,28.469],[-8.683,28.621],[-8.678,28.689],[-8.66,28.719],[-8.558,28.768],[-8.399,28.88],[-8.34,28.93],[-8.265,28.981],[-7.999,29.132],[-7.944,29.175],[-7.685,29.35],[-7.625,29.375],[-7.486,29.392],[-7.428,29.425],[-7.35,29.495],[-7.235,29.575],[-7.16,29.613],[-7.142,29.62],[-7.095,29.625],[-6.856,29.602],[-6.755,29.584],[-6.635,29.569],[-6.598,29.579],[-6.566,29.604],[-6.521,29.66],[-6.511,29.726],[-6.508,29.784],[-6.501,29.809],[-6.48,29.82],[-6.428,29.816],[-6.358,29.808],[-6.215,29.811],[-6.167,29.819],[-6.004,29.831],[-5.775,29.869],[-5.593,29.918],[-5.449,29.957],[-5.294,30.059],[-5.18,30.166],[-5.062,30.326],[-4.968,30.465],[-4.779,30.552],[-4.62,30.605],[-4.529,30.626],[-4.323,30.699],[-4.149,30.81],[-3.985,30.914],[-3.86,30.927],[-3.702,30.944],[-3.667,30.964],[-3.627,31.001],[-3.625,31.066],[-3.673,31.111],[-3.73,31.135],[-3.771,31.162],[-3.812,31.167],[-3.833,31.198],[-3.821,31.255],[-3.815,31.309],[-3.789,31.362],[-3.796,31.437],[-3.837,31.512],[-3.85,31.566],[-3.847,31.62],[-3.827,31.662],[-3.768,31.69],[-3.7,31.7],[-3.605,31.687],[-3.44,31.705],[-3.017,31.834],[-2.988,31.874],[-2.961,31.964],[-2.931,32.043],[-2.887,32.069],[-2.863,32.075],[-2.723,32.096],[-2.523,32.126],[-2.448,32.13],[-2.231,32.121],[-2.073,32.115],[-1.817,32.105],[-1.635,32.1],[-1.477,32.095],[-1.275,32.089],[-1.226,32.107],[-1.226,32.165],[-1.262,32.271],[-1.24,32.338],[-1.163,32.399],[-1.066,32.468],[-1.111,32.552],[-1.188,32.608],[-1.296,32.676],[-1.352,32.703],[-1.45,32.785],[-1.51,32.878],[-1.551,33.074],[-1.625,33.183],[-1.679,33.319],[-1.631,33.567],[-1.703,33.717],[-1.714,33.782],[-1.715,33.858],[-1.693,33.99],[-1.707,34.176],[-1.792,34.368],[-1.752,34.433],[-1.733,34.467],[-1.739,34.496],[-1.817,34.557],[-1.85,34.607],[-1.832,34.655],[-1.792,34.723],[-1.796,34.752],[-1.921,34.836],[-2.132,34.971],[-2.191,35.03],[-2.22,35.104],[-2.018,35.085],[-1.913,35.094],[-1.674,35.183],[-1.484,35.303],[-1.336,35.364],[-1.205,35.496],[-1.088,35.579],[-0.917,35.668],[-0.426,35.862],[-0.351,35.863],[-0.189,35.819],[-0.048,35.833],[0.048,35.901],[0.152,36.063],[0.312,36.162],[0.515,36.262],[0.791,36.357],[0.972,36.444],[1.257,36.52],[1.975,36.568],[2.343,36.61],[2.593,36.601],[2.846,36.739],[2.973,36.784],[3.521,36.795],[3.779,36.896],[4.758,36.896],[4.878,36.862],[4.995,36.808],[5.196,36.677],[5.295,36.648],[5.425,36.675],[5.725,36.8],[6.065,36.864],[6.249,36.938],[6.328,37.046],[6.487,37.086],[6.576,37.003],[6.928,36.919],[7.143,36.943],[7.238,36.969],[7.204,37.092],[7.432,37.059],[7.608,37.0],[7.792,36.88],[7.91,36.856],[8.127,36.91],[8.577,36.937]]]}},{"type":"Feature","properties":{"code":"AFG","name":"Afghanistan","continent":"Asia"},"geometry":{"type":"Polygon","coordinates":[[[66.522,37.348],[66.828,37.371],[67.069,37.335],[67.196,37.235],[67.32,37.21],[67.442,37.258],[67.517,37.267],[67.546,37.236],[67.607,37.223],[67.7,37.227],[67.753,37.2],[67.759,37.172],[67.766,37.14],[67.834,37.064],[67.958,36.972],[68.068,36.95],[68.212,37.022],[68.261,37.013],[68.285,37.036],[68.3,37.088],[68.387,37.138],[68.546,37.183],[68.637,37.224],[68.669,37.258],[68.723,37.268],[68.782,37.258],[68.824,37.271],[68.838,37.303],[68.855,37.317],[68.885,37.328],[68.912,37.334],[68.96,37.325],[69.05,37.267],[69.18,37.158],[69.265,37.108],[69.304,37.117],[69.354,37.15],[69.414,37.208],[69.43,37.291],[69.399,37.399],[69.42,37.487],[69.492,37.553],[69.626,37.594],[69.821,37.61],[69.941,37.6],[69.985,37.566],[70.045,37.547],[70.12,37.544],[70.189,37.582],[70.251,37.664],[70.255,37.765],[70.199,37.886],[70.215,37.924],[70.239,37.941],[70.313,37.985],[70.418,38.075],[70.519,38.192],[70.616,38.334],[70.736,38.423],[70.879,38.456],[71.052,38.418],[71.256,38.307],[71.333,38.17],[71.283,38.008],[71.279,37.918],[71.32,37.902],[71.39,37.906],[71.488,37.932],[71.552,37.933],[71.582,37.91],[71.58,37.864],[71.546,37.796],[71.505,37.603],[71.48,37.436],[71.455,37.272],[71.433,37.128],[71.472,37.015],[71.531,36.845],[71.597,36.733],[71.666,36.697],[71.734,36.684],[71.802,36.694],[71.942,36.766],[72.154,36.901],[72.359,36.983],[72.657,37.029],[72.757,37.173],[72.896,37.268],[73.211,37.408],[73.383,37.462],[73.481,37.472],[73.605,37.446],[73.633,37.437],[73.657,37.43],[73.721,37.419],[73.734,37.376],[73.717,37.329],[73.649,37.291],[73.628,37.262],[73.654,37.239],[73.75,37.232],[73.949,37.283],[74.078,37.316],[74.167,37.329],[74.204,37.372],[74.26,37.415],[74.349,37.419],[74.445,37.396],[74.524,37.382],[74.659,37.394],[74.731,37.357],[74.83,37.286],[74.875,37.242],[74.891,37.232],[74.84,37.225],[74.767,37.249],[74.739,37.286],[74.727,37.291],[74.669,37.267],[74.559,37.237],[74.372,37.158],[74.376,37.137],[74.498,37.057],[74.526,37.031],[74.541,37.022],[74.431,36.984],[74.195,36.897],[74.039,36.826],[74.002,36.823],[73.908,36.853],[73.769,36.888],[73.732,36.888],[73.411,36.882],[73.117,36.869],[72.994,36.852],[72.766,36.835],[72.623,36.83],[72.531,36.802],[72.431,36.766],[72.327,36.742],[72.25,36.735],[72.157,36.701],[72.096,36.634],[71.921,36.534],[71.822,36.486],[71.773,36.432],[71.716,36.427],[71.621,36.436],[71.546,36.378],[71.463,36.293],[71.313,36.171],[71.233,36.122],[71.185,36.042],[71.22,36.001],[71.343,35.939],[71.398,35.88],[71.428,35.834],[71.484,35.715],[71.519,35.598],[71.572,35.547],[71.587,35.461],[71.601,35.408],[71.572,35.37],[71.546,35.329],[71.546,35.289],[71.577,35.248],[71.605,35.212],[71.621,35.183],[71.602,35.151],[71.546,35.101],[71.517,35.051],[71.455,34.967],[71.358,34.91],[71.294,34.868],[71.226,34.78],[71.113,34.682],[71.066,34.6],[71.016,34.555],[70.966,34.53],[70.979,34.486],[71.023,34.431],[71.096,34.369],[71.092,34.273],[71.089,34.204],[71.091,34.12],[71.052,34.05],[70.848,33.982],[70.654,33.952],[70.416,33.95],[70.326,33.961],[70.254,33.976],[69.995,34.052],[69.89,34.007],[69.868,33.898],[70.057,33.72],[70.134,33.621],[70.22,33.455],[70.284,33.369],[70.261,33.289],[70.09,33.198],[69.92,33.112],[69.704,33.095],[69.568,33.064],[69.502,33.02],[69.453,32.833],[69.405,32.764],[69.405,32.683],[69.359,32.59],[69.29,32.531],[69.241,32.434],[69.257,32.249],[69.279,31.937],[69.187,31.838],[69.083,31.738],[68.973,31.667],[68.869,31.634],[68.782,31.646],[68.714,31.708],[68.673,31.76],[68.598,31.803],[68.521,31.794],[68.443,31.754],[68.32,31.768],[68.214,31.807],[68.161,31.803],[68.13,31.763],[68.017,31.678],[67.74,31.548],[67.627,31.539],[67.578,31.506],[67.598,31.453],[67.647,31.41],[67.733,31.379],[67.738,31.344],[67.662,31.313],[67.596,31.278],[67.453,31.235],[67.287,31.218],[67.116,31.243],[67.028,31.3],[66.924,31.306],[66.829,31.264],[66.731,31.195],[66.624,31.046],[66.596,31.02],[66.567,30.997],[66.497,30.965],[66.397,30.912],[66.347,30.803],[66.287,30.608],[66.301,30.503],[66.305,30.321],[66.282,30.193],[66.238,30.11],[66.247,30.044],[66.313,29.969],[66.287,29.92],[66.231,29.866],[66.177,29.836],[65.962,29.779],[65.666,29.701],[65.471,29.652],[65.18,29.578],[65.096,29.559],[64.919,29.553],[64.827,29.564],[64.704,29.567],[64.521,29.565],[64.394,29.544],[64.266,29.507],[64.172,29.46],[64.118,29.414],[64.099,29.392],[63.971,29.43],[63.568,29.498],[62.477,29.408],[62.373,29.425],[62.001,29.53],[61.521,29.666],[61.224,29.749],[60.843,29.859],[61.104,30.128],[61.332,30.364],[61.559,30.599],[61.784,30.832],[61.811,30.913],[61.814,31.073],[61.755,31.285],[61.66,31.382],[61.346,31.422],[61.111,31.451],[60.854,31.483],[60.821,31.495],[60.792,31.661],[60.804,31.734],[60.788,31.877],[60.79,31.987],[60.827,32.168],[60.829,32.249],[60.71,32.6],[60.645,32.794],[60.577,32.995],[60.562,33.059],[60.561,33.138],[60.718,33.324],[60.767,33.364],[60.859,33.456],[60.917,33.505],[60.907,33.539],[60.806,33.559],[60.655,33.56],[60.574,33.588],[60.511,33.639],[60.486,33.712],[60.527,33.842],[60.486,34.095],[60.57,34.22],[60.643,34.307],[60.889,34.319],[60.804,34.418],[60.763,34.475],[60.736,34.492],[60.726,34.518],[60.739,34.545],[60.802,34.555],[60.845,34.588],[60.915,34.634],[60.951,34.654],[60.958,34.71],[60.991,34.75],[61.04,34.799],[61.08,34.856],[61.07,34.922],[61.107,35.001],[61.123,35.051],[61.15,35.094],[61.126,35.157],[61.107,35.209],[61.1,35.272],[61.14,35.289],[61.189,35.312],[61.199,35.362],[61.226,35.424],[61.246,35.474],[61.279,35.514],[61.282,35.553],[61.262,35.62],[61.345,35.629],[61.378,35.593],[61.422,35.546],[61.543,35.458],[61.621,35.432],[61.72,35.419],[61.841,35.431],[61.938,35.448],[61.984,35.444],[62.09,35.38],[62.213,35.29],[62.253,35.25],[62.271,35.189],[62.308,35.171],[62.387,35.231],[62.463,35.251],[62.533,35.24],[62.611,35.233],[62.688,35.255],[62.723,35.271],[62.858,35.35],[62.98,35.409],[63.057,35.446],[63.084,35.568],[63.119,35.638],[63.17,35.678],[63.151,35.728],[63.13,35.767],[63.109,35.819],[63.13,35.846],[63.179,35.858],[63.302,35.858],[63.517,35.913],[63.697,35.968],[63.862,36.012],[63.938,36.02],[64.01,36.012],[64.042,36.025],[64.051,36.068],[64.092,36.113],[64.184,36.149],[64.358,36.226],[64.511,36.341],[64.566,36.428],[64.603,36.555],[64.674,36.75],[64.753,36.965],[64.782,37.059],[64.816,37.132],[64.952,37.194],[65.09,37.238],[65.304,37.247],[65.555,37.251],[65.608,37.368],[65.641,37.468],[65.683,37.519],[65.744,37.561],[65.765,37.569],[65.901,37.508],[66.108,37.415],[66.35,37.368],[66.472,37.345],[66.522,37.348]]]}},{"type":"Feature","properties":{"code":"KAS","name":"Siachen Glacier","continent":"Asia"},"geometry":{"type":"Polygon","coordinates":[[[77.049,35.11],[77.004,35.196],[76.979,35.246],[76.928,35.347],[76.882,35.436],[76.813,35.572],[76.767,35.662],[76.879,35.613],[77.09,35.552],[77.295,35.508],[77.446,35.476],[77.52,35.473],[77.573,35.472],[77.724,35.481],[77.799,35.496],[77.697,35.443],[77.572,35.379],[77.423,35.303],[77.293,35.236],[77.169,35.172],[77.049,35.11]]]}}]}