{"type":"FeatureCollection","features":[{"type":"Feature","properties":{"name":"Eğirdir","feature":"Lake","rank":9,"code":"TUR"},"geometry":{"type":"Polygon","coordinates":[[[30.81,38.271],[30.86,38.281],[30.893,38.275],[30.883,38.24],[30.869,38.208],[30.855,38.176],[30.856,38.15],[30.892,38.144],[30.924,38.122],[30.938,38.092],[30.944,38.068],[30.948,38.051],[30.958,38.023],[30.967,37.99],[30.948,37.964],[30.918,37.928],[30.905,37.895],[30.898,37.868],[30.877,37.852],[30.856,37.862],[30.848,37.877],[30.834,37.886],[30.812,37.91],[30.795,37.932],[30.779,37.94],[30.772,37.959],[30.777,37.98],[30.797,37.996],[30.813,38.017],[30.832,38.05],[30.852,38.077],[30.844,38.111],[30.814,38.138],[30.774,38.149],[30.755,38.171],[30.751,38.195],[30.752,38.223],[30.773,38.251],[30.81,38.271]]]}},{"type":"Feature","properties":{"name":"Beyşehir","feature":"Lake","rank":7,"code":"TUR"},"geometry":{"type":"Polygon","coordinates":[[[31.486,37.61],[31.465,37.608],[31.456,37.628],[31.459,37.67],[31.452,37.688],[31.453,37.699],[31.459,37.718],[31.436,37.757],[31.413,37.801],[31.389,37.833],[31.354,37.869],[31.339,37.895],[31.324,37.918],[31.319,37.95],[31.358,37.962],[31.395,37.966],[31.419,37.977],[31.448,37.957],[31.474,37.932],[31.499,37.91],[31.528,37.887],[31.562,37.869],[31.576,37.848],[31.581,37.834],[31.593,37.818],[31.595,37.794],[31.602,37.781],[31.613,37.785],[31.627,37.795],[31.646,37.796],[31.655,37.772],[31.673,37.744],[31.686,37.728],[31.702,37.705],[31.706,37.676],[31.675,37.666],[31.644,37.658],[31.582,37.641],[31.526,37.636],[31.516,37.628],[31.52,37.617],[31.524,37.605],[31.508,37.601],[31.486,37.61]]]}},{"type":"Feature","properties":{"name":"Balkhash","feature":"Lake","rank":0,"code":"KAZ"},"geometry":{"type":"Polygon","coordinates":[[[79.053,46.464],[79.026,46.434],[78.992,46.407],[78.953,46.385],[78.909,46.368],[78.884,46.365],[78.795,46.378],[78.731,46.396],[78.711,46.395],[78.675,46.38],[78.655,46.375],[78.639,46.374],[78.623,46.375],[78.608,46.377],[78.594,46.382],[78.547,46.406],[78.525,46.409],[78.472,46.407],[78.456,46.402],[78.441,46.395],[78.426,46.383],[78.418,46.367],[78.422,46.348],[78.434,46.338],[78.468,46.329],[78.477,46.32],[78.471,46.294],[78.441,46.287],[78.405,46.295],[78.38,46.313],[78.388,46.313],[78.367,46.34],[78.338,46.357],[78.307,46.362],[78.279,46.354],[78.292,46.348],[78.262,46.331],[78.148,46.346],[78.107,46.341],[78.107,46.334],[78.117,46.332],[78.126,46.333],[78.135,46.336],[78.143,46.341],[78.151,46.334],[78.16,46.329],[78.171,46.327],[78.182,46.327],[78.164,46.312],[78.132,46.312],[78.043,46.325],[78.02,46.337],[77.977,46.368],[77.871,46.426],[77.811,46.439],[77.758,46.423],[77.758,46.415],[77.777,46.422],[77.799,46.424],[77.821,46.422],[77.839,46.415],[77.823,46.41],[77.801,46.405],[77.761,46.402],[77.744,46.396],[77.729,46.384],[77.714,46.375],[77.696,46.382],[77.705,46.391],[77.737,46.409],[77.595,46.42],[77.485,46.46],[77.451,46.488],[77.433,46.499],[77.412,46.506],[77.387,46.506],[77.364,46.499],[77.316,46.476],[77.283,46.468],[77.265,46.454],[77.254,46.451],[77.244,46.453],[77.237,46.459],[77.231,46.465],[77.223,46.471],[77.203,46.478],[77.18,46.484],[77.157,46.484],[77.138,46.475],[77.118,46.46],[77.097,46.452],[77.073,46.45],[77.045,46.451],[76.929,46.478],[76.928,46.457],[76.912,46.458],[76.792,46.519],[76.752,46.533],[76.397,46.541],[76.379,46.545],[76.304,46.576],[76.281,46.579],[76.263,46.574],[76.278,46.568],[76.284,46.566],[76.284,46.56],[76.264,46.563],[76.257,46.566],[76.258,46.545],[76.246,46.544],[76.228,46.551],[76.208,46.554],[76.215,46.532],[76.199,46.527],[76.124,46.535],[76.085,46.545],[76.062,46.547],[76.057,46.543],[76.062,46.533],[76.069,46.524],[76.076,46.519],[76.08,46.517],[76.078,46.513],[76.074,46.508],[76.069,46.506],[76.062,46.507],[76.049,46.511],[76.045,46.512],[75.942,46.506],[75.942,46.512],[75.949,46.513],[75.969,46.519],[75.961,46.531],[75.952,46.535],[75.925,46.533],[75.892,46.545],[75.874,46.548],[75.86,46.526],[75.844,46.521],[75.808,46.519],[75.801,46.517],[75.784,46.508],[75.777,46.506],[75.771,46.51],[75.767,46.516],[75.763,46.523],[75.753,46.526],[75.725,46.53],[75.71,46.531],[75.695,46.526],[75.686,46.515],[75.678,46.491],[75.667,46.485],[75.658,46.485],[75.654,46.491],[75.652,46.496],[75.643,46.499],[75.636,46.497],[75.612,46.485],[75.594,46.478],[75.577,46.474],[75.538,46.471],[75.548,46.485],[75.579,46.502],[75.585,46.516],[75.576,46.526],[75.521,46.557],[75.476,46.604],[75.469,46.615],[75.471,46.627],[75.478,46.632],[75.486,46.635],[75.49,46.639],[75.491,46.649],[75.494,46.655],[75.5,46.66],[75.51,46.663],[75.514,46.65],[75.517,46.642],[75.516,46.627],[75.533,46.621],[75.556,46.624],[75.572,46.635],[75.561,46.642],[75.563,46.648],[75.573,46.653],[75.585,46.656],[75.573,46.671],[75.553,46.677],[75.492,46.676],[75.479,46.673],[75.468,46.669],[75.456,46.663],[75.427,46.639],[75.417,46.635],[75.402,46.626],[75.402,46.605],[75.412,46.582],[75.421,46.566],[75.428,46.561],[75.434,46.556],[75.44,46.55],[75.442,46.536],[75.445,46.525],[75.453,46.517],[75.476,46.506],[75.476,46.503],[75.475,46.501],[75.474,46.5],[75.472,46.499],[75.46,46.494],[75.446,46.497],[75.436,46.495],[75.434,46.478],[75.43,46.484],[75.419,46.493],[75.414,46.499],[75.403,46.482],[75.389,46.466],[75.371,46.455],[75.353,46.457],[75.355,46.46],[75.357,46.468],[75.359,46.471],[75.341,46.475],[75.333,46.489],[75.333,46.505],[75.342,46.512],[75.357,46.516],[75.352,46.523],[75.337,46.53],[75.318,46.533],[75.278,46.529],[75.263,46.522],[75.256,46.509],[75.261,46.505],[75.28,46.496],[75.283,46.492],[75.277,46.486],[75.243,46.478],[75.267,46.46],[75.276,46.449],[75.267,46.443],[75.252,46.439],[75.227,46.419],[75.208,46.415],[75.215,46.423],[75.2,46.423],[75.177,46.417],[75.163,46.415],[75.153,46.42],[75.146,46.427],[75.14,46.428],[75.133,46.415],[75.123,46.424],[75.112,46.431],[75.099,46.435],[75.084,46.438],[75.084,46.443],[75.102,46.454],[75.127,46.479],[75.147,46.485],[75.133,46.498],[75.111,46.491],[75.074,46.461],[75.059,46.44],[75.049,46.42],[75.038,46.402],[75.016,46.389],[74.995,46.385],[74.972,46.387],[74.95,46.394],[74.931,46.406],[74.91,46.415],[74.896,46.404],[74.866,46.332],[74.861,46.314],[74.859,46.29],[74.853,46.268],[74.84,46.249],[74.793,46.205],[74.785,46.191],[74.786,46.177],[74.801,46.159],[74.812,46.139],[74.801,46.12],[74.781,46.105],[74.763,46.095],[74.708,46.074],[74.691,46.091],[74.656,46.083],[74.628,46.06],[74.633,46.033],[74.561,46.009],[74.551,46.013],[74.544,46.009],[74.533,45.995],[74.521,45.989],[74.511,45.992],[74.495,46.005],[74.459,46.029],[74.444,46.036],[74.424,46.039],[74.399,46.036],[74.353,46.021],[74.332,46.018],[74.302,46.02],[74.29,46.018],[74.28,46.014],[74.259,46.001],[74.231,45.989],[74.23,45.968],[74.24,45.945],[74.25,45.93],[74.266,45.91],[74.279,45.89],[74.287,45.869],[74.29,45.844],[74.293,45.834],[74.308,45.815],[74.312,45.81],[74.314,45.804],[74.322,45.795],[74.324,45.789],[74.322,45.786],[74.318,45.783],[74.314,45.781],[74.312,45.779],[74.305,45.768],[74.297,45.759],[74.287,45.753],[74.276,45.752],[74.281,45.762],[74.278,45.77],[74.268,45.775],[74.256,45.779],[74.246,45.775],[74.237,45.768],[74.232,45.759],[74.228,45.752],[74.231,45.732],[74.24,45.721],[74.255,45.721],[74.276,45.732],[74.327,45.702],[74.339,45.691],[74.332,45.683],[74.339,45.676],[74.323,45.66],[74.3,45.662],[74.25,45.683],[74.261,45.667],[74.271,45.65],[74.271,45.631],[74.256,45.608],[74.236,45.595],[74.16,45.581],[74.12,45.562],[74.085,45.539],[74.072,45.521],[74.07,45.505],[74.08,45.49],[74.098,45.477],[74.07,45.426],[74.074,45.412],[74.09,45.39],[74.091,45.375],[74.085,45.363],[74.077,45.357],[74.073,45.35],[74.081,45.337],[74.095,45.328],[74.113,45.325],[74.131,45.326],[74.146,45.334],[74.141,45.34],[74.142,45.346],[74.149,45.351],[74.16,45.354],[74.168,45.319],[74.161,45.287],[74.148,45.257],[74.14,45.224],[74.14,45.205],[74.149,45.134],[74.174,45.087],[74.159,45.073],[74.14,45.063],[74.117,45.055],[74.088,45.053],[74.075,45.05],[74.07,45.043],[74.072,45.033],[74.081,45.022],[74.119,45.036],[74.132,45.039],[74.116,45.015],[74.112,45.005],[74.128,44.999],[74.14,44.985],[74.144,44.97],[74.136,44.964],[74.126,44.967],[74.098,44.991],[74.081,44.986],[74.002,44.998],[74.007,45.007],[74.009,45.011],[74.004,45.014],[73.994,45.022],[73.988,45.025],[73.999,45.032],[74.029,45.046],[74.036,45.053],[74.032,45.06],[73.999,45.084],[73.992,45.095],[73.989,45.106],[73.988,45.131],[73.994,45.138],[74.024,45.14],[74.036,45.142],[74.026,45.146],[74.016,45.151],[74.007,45.159],[74.002,45.169],[74.008,45.178],[74.004,45.186],[73.994,45.193],[73.982,45.196],[73.982,45.203],[74.0,45.201],[74.007,45.207],[74.003,45.216],[73.988,45.224],[73.958,45.214],[73.926,45.213],[73.896,45.221],[73.872,45.237],[73.869,45.243],[73.863,45.253],[73.858,45.258],[73.854,45.261],[73.845,45.262],[73.838,45.265],[73.824,45.272],[73.813,45.281],[73.811,45.292],[73.824,45.307],[73.802,45.32],[73.728,45.354],[73.742,45.358],[73.748,45.358],[73.756,45.354],[73.763,45.361],[73.74,45.368],[73.717,45.38],[73.697,45.397],[73.68,45.416],[73.669,45.436],[73.649,45.483],[73.636,45.501],[73.617,45.515],[73.538,45.557],[73.519,45.564],[73.471,45.567],[73.455,45.573],[73.437,45.588],[73.425,45.607],[73.43,45.625],[73.434,45.633],[73.434,45.644],[73.433,45.666],[73.437,45.676],[73.447,45.679],[73.491,45.675],[73.506,45.675],[73.514,45.686],[73.517,45.725],[73.521,45.732],[73.528,45.736],[73.54,45.737],[73.552,45.742],[73.559,45.75],[73.558,45.756],[73.543,45.752],[73.523,45.767],[73.466,45.772],[73.444,45.782],[73.424,45.796],[73.423,45.802],[73.433,45.813],[73.439,45.816],[73.468,45.827],[73.471,45.831],[73.473,45.837],[73.476,45.843],[73.488,45.847],[73.515,45.819],[73.523,45.813],[73.567,45.811],[73.574,45.81],[73.587,45.822],[73.59,45.83],[73.591,45.857],[73.594,45.868],[73.6,45.874],[73.612,45.875],[73.61,45.88],[73.607,45.891],[73.605,45.896],[73.627,45.897],[73.646,45.909],[73.652,45.926],[73.639,45.944],[73.665,45.963],[73.673,45.973],[73.663,45.978],[73.654,45.982],[73.666,45.989],[73.688,45.996],[73.707,45.998],[73.706,45.993],[73.703,45.982],[73.701,45.978],[73.73,45.973],[73.743,45.973],[73.756,45.978],[73.738,45.986],[73.735,45.994],[73.738,46.005],[73.735,46.018],[73.727,46.027],[73.715,46.034],[73.661,46.058],[73.641,46.073],[73.637,46.092],[73.66,46.115],[73.65,46.118],[73.641,46.122],[73.635,46.129],[73.633,46.139],[73.637,46.142],[73.646,46.143],[73.656,46.148],[73.669,46.179],[73.689,46.188],[73.714,46.189],[73.735,46.183],[73.739,46.207],[73.754,46.225],[73.769,46.231],[73.777,46.221],[73.783,46.205],[73.831,46.162],[73.848,46.192],[73.858,46.199],[73.879,46.205],[73.898,46.207],[73.914,46.207],[73.93,46.204],[73.974,46.185],[73.985,46.184],[74.002,46.19],[74.032,46.208],[74.045,46.219],[74.05,46.231],[74.041,46.223],[74.031,46.221],[74.006,46.224],[73.996,46.227],[73.995,46.236],[74.002,46.256],[73.997,46.265],[73.986,46.264],[73.972,46.259],[73.961,46.259],[73.955,46.267],[73.949,46.289],[73.941,46.299],[73.956,46.31],[73.973,46.315],[73.982,46.323],[73.975,46.341],[74.07,46.415],[74.101,46.433],[74.134,46.441],[74.167,46.44],[74.201,46.43],[74.218,46.44],[74.233,46.456],[74.249,46.472],[74.273,46.478],[74.3,46.482],[74.351,46.498],[74.379,46.499],[74.378,46.51],[74.391,46.534],[74.394,46.55],[74.4,46.563],[74.414,46.571],[74.5,46.591],[74.513,46.598],[74.52,46.6],[74.528,46.598],[74.534,46.597],[74.537,46.604],[74.536,46.628],[74.56,46.722],[74.571,46.739],[74.588,46.748],[74.597,46.747],[74.607,46.742],[74.622,46.739],[74.638,46.743],[74.633,46.753],[74.611,46.773],[74.763,46.78],[74.808,46.773],[74.849,46.773],[74.861,46.779],[74.875,46.809],[74.886,46.821],[74.928,46.805],[74.947,46.804],[74.965,46.831],[74.983,46.835],[74.998,46.828],[74.996,46.807],[74.987,46.801],[74.976,46.798],[74.97,46.793],[74.975,46.78],[74.986,46.772],[74.999,46.772],[75.011,46.777],[75.019,46.783],[75.034,46.799],[75.041,46.805],[75.07,46.811],[75.07,46.82],[75.064,46.832],[75.064,46.841],[75.085,46.85],[75.093,46.832],[75.098,46.806],[75.109,46.794],[75.123,46.789],[75.18,46.759],[75.246,46.742],[75.267,46.728],[75.286,46.721],[75.313,46.723],[75.359,46.732],[75.49,46.734],[75.59,46.764],[75.609,46.766],[75.628,46.77],[75.67,46.789],[75.685,46.794],[75.693,46.793],[75.707,46.787],[75.712,46.786],[75.722,46.788],[75.74,46.797],[75.75,46.8],[75.77,46.8],[75.805,46.789],[75.822,46.786],[75.854,46.798],[75.888,46.821],[75.925,46.835],[75.962,46.821],[75.94,46.81],[75.946,46.797],[75.957,46.783],[75.949,46.773],[75.949,46.766],[75.97,46.767],[75.988,46.769],[76.003,46.774],[76.017,46.78],[76.029,46.788],[76.036,46.794],[76.044,46.799],[76.058,46.8],[76.069,46.786],[76.076,46.781],[76.079,46.79],[76.101,46.804],[76.149,46.802],[76.229,46.786],[76.329,46.745],[76.363,46.739],[76.371,46.73],[76.374,46.711],[76.373,46.673],[76.379,46.659],[76.39,46.646],[76.402,46.645],[76.407,46.663],[76.49,46.629],[76.51,46.615],[76.52,46.614],[76.525,46.625],[76.525,46.639],[76.526,46.646],[76.53,46.65],[76.538,46.656],[76.548,46.661],[76.597,46.676],[76.61,46.675],[76.661,46.666],[76.682,46.666],[76.702,46.671],[76.722,46.684],[76.728,46.675],[76.73,46.666],[76.726,46.656],[76.716,46.649],[76.73,46.632],[76.757,46.618],[76.851,46.591],[76.907,46.568],[76.935,46.56],[76.91,46.585],[76.868,46.618],[76.833,46.653],[76.825,46.684],[76.84,46.691],[76.862,46.682],[76.911,46.641],[76.92,46.637],[76.932,46.635],[76.944,46.636],[76.969,46.642],[77.019,46.647],[77.063,46.636],[77.101,46.611],[77.134,46.574],[77.136,46.566],[77.133,46.56],[77.134,46.554],[77.148,46.547],[77.16,46.547],[77.228,46.559],[77.24,46.571],[77.25,46.587],[77.264,46.601],[77.283,46.612],[77.307,46.618],[77.389,46.624],[77.463,46.642],[77.619,46.632],[77.648,46.642],[77.628,46.647],[77.615,46.657],[77.614,46.666],[77.635,46.67],[77.642,46.668],[77.66,46.658],[77.669,46.656],[77.678,46.657],[77.71,46.67],[77.73,46.655],[77.767,46.649],[77.839,46.649],[77.877,46.658],[77.894,46.658],[77.959,46.627],[78.038,46.601],[78.058,46.597],[78.072,46.598],[78.119,46.611],[78.134,46.612],[78.149,46.607],[78.162,46.594],[78.182,46.56],[78.197,46.551],[78.217,46.56],[78.232,46.545],[78.244,46.499],[78.258,46.478],[78.267,46.473],[78.298,46.46],[78.31,46.457],[78.327,46.462],[78.331,46.473],[78.327,46.503],[78.333,46.509],[78.359,46.523],[78.367,46.533],[78.365,46.544],[78.35,46.567],[78.346,46.577],[78.348,46.633],[78.354,46.663],[78.367,46.684],[78.38,46.671],[78.388,46.653],[78.388,46.633],[78.38,46.615],[78.403,46.604],[78.411,46.618],[78.413,46.641],[78.419,46.659],[78.428,46.667],[78.437,46.673],[78.448,46.675],[78.46,46.676],[78.464,46.672],[78.455,46.661],[78.436,46.642],[78.436,46.633],[78.441,46.62],[78.448,46.608],[78.456,46.601],[78.461,46.605],[78.475,46.624],[78.481,46.629],[78.489,46.634],[78.491,46.645],[78.491,46.657],[78.494,46.667],[78.511,46.682],[78.531,46.697],[78.573,46.717],[78.581,46.728],[78.585,46.739],[78.591,46.748],[78.604,46.752],[78.627,46.749],[78.69,46.732],[78.704,46.732],[78.73,46.738],[78.744,46.739],[78.755,46.735],[78.772,46.72],[78.783,46.717],[78.793,46.708],[78.807,46.687],[78.818,46.662],[78.82,46.642],[78.816,46.639],[78.808,46.635],[78.793,46.629],[78.793,46.622],[78.923,46.63],[78.932,46.636],[78.919,46.653],[78.903,46.661],[78.864,46.67],[78.848,46.676],[78.798,46.73],[78.768,46.747],[78.769,46.766],[78.78,46.785],[78.796,46.794],[78.82,46.796],[78.866,46.806],[78.888,46.807],[78.924,46.793],[78.954,46.77],[78.987,46.75],[79.032,46.745],[79.027,46.754],[79.027,46.763],[79.027,46.774],[79.025,46.786],[79.017,46.805],[79.019,46.812],[79.032,46.821],[79.05,46.822],[79.119,46.816],[79.138,46.81],[79.169,46.786],[79.18,46.776],[79.191,46.757],[79.198,46.749],[79.226,46.736],[79.238,46.714],[79.259,46.663],[79.24,46.623],[79.222,46.604],[79.2,46.611],[79.183,46.613],[79.093,46.601],[79.079,46.596],[79.075,46.594],[79.076,46.588],[79.068,46.555],[79.065,46.495],[79.061,46.48],[79.053,46.464]]]}},{"type":"Feature","properties":{"name":"Albert","feature":"Lake","rank":0,"code":"UGA"},"geometry":{"type":"Polygon","coordinates":[[[31.366,2.271],[31.361,2.262],[31.358,2.253],[31.36,2.208],[31.362,2.199],[31.375,2.184],[31.389,2.161],[31.395,2.137],[31.378,2.121],[31.404,2.058],[31.405,2.025],[31.386,1.997],[31.404,1.953],[31.406,1.939],[31.406,1.915],[31.404,1.909],[31.402,1.905],[31.4,1.9],[31.395,1.863],[31.381,1.838],[31.36,1.824],[31.331,1.833],[31.322,1.812],[31.316,1.76],[31.31,1.737],[31.296,1.712],[31.282,1.696],[31.241,1.668],[31.184,1.614],[31.124,1.582],[31.111,1.579],[31.098,1.581],[31.086,1.585],[31.076,1.586],[31.063,1.579],[31.056,1.583],[31.05,1.586],[31.037,1.556],[31.008,1.542],[30.974,1.533],[30.947,1.518],[30.929,1.493],[30.898,1.433],[30.731,1.24],[30.721,1.224],[30.719,1.209],[30.719,1.193],[30.714,1.175],[30.604,1.058],[30.607,1.052],[30.607,1.048],[30.601,1.046],[30.59,1.045],[30.6,1.039],[30.604,1.038],[30.604,1.032],[30.591,1.027],[30.578,1.028],[30.565,1.034],[30.556,1.045],[30.547,1.038],[30.542,1.03],[30.54,1.022],[30.534,1.014],[30.53,1.024],[30.531,1.035],[30.534,1.046],[30.536,1.058],[30.517,1.042],[30.506,1.035],[30.498,1.035],[30.492,1.045],[30.496,1.055],[30.503,1.064],[30.508,1.072],[30.51,1.095],[30.505,1.108],[30.497,1.121],[30.488,1.141],[30.494,1.16],[30.487,1.181],[30.486,1.199],[30.508,1.209],[30.508,1.216],[30.493,1.223],[30.467,1.251],[30.466,1.256],[30.461,1.266],[30.455,1.271],[30.452,1.261],[30.452,1.23],[30.448,1.23],[30.447,1.231],[30.448,1.233],[30.446,1.236],[30.436,1.226],[30.433,1.223],[30.43,1.24],[30.421,1.254],[30.408,1.261],[30.392,1.257],[30.391,1.268],[30.392,1.279],[30.394,1.289],[30.399,1.298],[30.386,1.31],[30.393,1.324],[30.409,1.335],[30.422,1.339],[30.452,1.401],[30.466,1.421],[30.477,1.442],[30.485,1.464],[30.488,1.486],[30.491,1.497],[30.499,1.509],[30.509,1.519],[30.518,1.524],[30.526,1.529],[30.542,1.555],[30.549,1.565],[30.596,1.587],[30.621,1.603],[30.632,1.624],[30.638,1.646],[30.654,1.663],[30.725,1.707],[30.734,1.716],[30.745,1.746],[30.751,1.75],[30.766,1.757],[30.816,1.799],[30.913,1.907],[30.954,1.929],[30.984,1.932],[30.995,1.935],[31.005,1.941],[31.012,1.949],[31.018,1.958],[31.025,1.966],[31.067,2.003],[31.111,2.032],[31.121,2.035],[31.143,2.04],[31.152,2.045],[31.161,2.055],[31.175,2.08],[31.183,2.09],[31.202,2.107],[31.211,2.112],[31.224,2.113],[31.237,2.117],[31.24,2.126],[31.239,2.137],[31.241,2.148],[31.294,2.191],[31.303,2.206],[31.306,2.226],[31.314,2.245],[31.325,2.262],[31.368,2.31],[31.386,2.323],[31.439,2.341],[31.451,2.348],[31.461,2.36],[31.466,2.372],[31.469,2.398],[31.475,2.408],[31.474,2.359],[31.468,2.336],[31.451,2.326],[31.432,2.321],[31.412,2.309],[31.378,2.285],[31.373,2.279],[31.366,2.271]]]}},{"type":"Feature","properties":{"name":"Malawi","feature":"Lake","rank":0,"code":"MOZ"},"geometry":{"type":"Polygon","coordinates":[[[35.225,-14.385],[35.223,-14.381],[35.175,-14.34],[35.156,-14.311],[35.144,-14.297],[35.127,-14.292],[35.123,-14.285],[35.098,-14.257],[35.092,-14.247],[35.084,-14.219],[35.065,-14.186],[35.041,-14.165],[35.018,-14.169],[35.013,-14.163],[35.001,-14.153],[34.997,-14.147],[34.964,-14.155],[34.942,-14.128],[34.933,-14.086],[34.942,-14.052],[34.929,-14.044],[34.906,-14.021],[34.893,-14.011],[34.863,-14.002],[34.844,-14.015],[34.84,-14.041],[34.856,-14.07],[34.863,-14.093],[34.845,-14.117],[34.822,-14.141],[34.812,-14.169],[34.817,-14.178],[34.825,-14.188],[34.831,-14.198],[34.829,-14.206],[34.818,-14.213],[34.814,-14.218],[34.812,-14.227],[34.806,-14.238],[34.79,-14.248],[34.772,-14.254],[34.757,-14.257],[34.742,-14.262],[34.725,-14.271],[34.709,-14.275],[34.695,-14.265],[34.693,-14.25],[34.698,-14.237],[34.699,-14.224],[34.682,-14.209],[34.664,-14.203],[34.649,-14.202],[34.634,-14.198],[34.617,-14.185],[34.609,-14.175],[34.601,-14.16],[34.595,-14.143],[34.593,-14.13],[34.587,-14.12],[34.551,-14.079],[34.546,-14.065],[34.529,-13.979],[34.534,-13.953],[34.55,-13.932],[34.576,-13.904],[34.583,-13.893],[34.6,-13.846],[34.599,-13.839],[34.592,-13.822],[34.593,-13.812],[34.598,-13.805],[34.615,-13.792],[34.62,-13.784],[34.622,-13.766],[34.619,-13.752],[34.619,-13.738],[34.63,-13.72],[34.635,-13.703],[34.623,-13.69],[34.608,-13.678],[34.6,-13.668],[34.594,-13.654],[34.565,-13.628],[34.551,-13.614],[34.538,-13.586],[34.531,-13.574],[34.517,-13.565],[34.502,-13.564],[34.47,-13.575],[34.452,-13.578],[34.438,-13.574],[34.428,-13.564],[34.42,-13.552],[34.401,-13.529],[34.38,-13.484],[34.325,-13.396],[34.312,-13.363],[34.309,-13.33],[34.322,-13.302],[34.343,-13.272],[34.348,-13.244],[34.339,-13.175],[34.337,-13.012],[34.325,-12.962],[34.327,-12.945],[34.334,-12.915],[34.331,-12.901],[34.328,-12.911],[34.323,-12.922],[34.316,-12.928],[34.308,-12.922],[34.306,-12.91],[34.312,-12.886],[34.311,-12.873],[34.3,-12.856],[34.27,-12.829],[34.264,-12.808],[34.277,-12.76],[34.276,-12.738],[34.238,-12.722],[34.223,-12.705],[34.202,-12.668],[34.186,-12.622],[34.182,-12.596],[34.182,-12.572],[34.185,-12.547],[34.189,-12.538],[34.198,-12.527],[34.205,-12.518],[34.206,-12.509],[34.202,-12.486],[34.171,-12.397],[34.148,-12.382],[34.128,-12.382],[34.108,-12.386],[34.085,-12.38],[34.088,-12.373],[34.086,-12.363],[34.081,-12.356],[34.063,-12.348],[34.06,-12.339],[34.059,-12.328],[34.057,-12.318],[34.04,-12.27],[34.03,-12.206],[34.03,-12.188],[34.042,-12.139],[34.046,-12.107],[34.057,-12.058],[34.062,-12.019],[34.069,-12.002],[34.082,-11.986],[34.195,-11.9],[34.183,-11.88],[34.183,-11.85],[34.191,-11.82],[34.202,-11.798],[34.212,-11.789],[34.235,-11.775],[34.246,-11.767],[34.25,-11.761],[34.254,-11.749],[34.257,-11.743],[34.264,-11.737],[34.275,-11.731],[34.316,-11.692],[34.324,-11.672],[34.325,-11.64],[34.32,-11.613],[34.315,-11.599],[34.308,-11.589],[34.303,-11.579],[34.304,-11.55],[34.284,-11.479],[34.277,-11.354],[34.257,-11.297],[34.249,-11.287],[34.239,-11.281],[34.232,-11.272],[34.229,-11.256],[34.232,-11.231],[34.232,-11.221],[34.226,-11.212],[34.215,-11.186],[34.222,-11.16],[34.25,-11.112],[34.236,-11.093],[34.229,-11.06],[34.233,-10.934],[34.216,-10.742],[34.202,-10.688],[34.203,-10.672],[34.209,-10.638],[34.209,-10.626],[34.201,-10.609],[34.189,-10.593],[34.183,-10.578],[34.191,-10.56],[34.198,-10.554],[34.223,-10.54],[34.229,-10.533],[34.229,-10.525],[34.225,-10.518],[34.223,-10.509],[34.221,-10.477],[34.226,-10.468],[34.243,-10.454],[34.252,-10.451],[34.259,-10.452],[34.265,-10.451],[34.271,-10.441],[34.269,-10.438],[34.257,-10.413],[34.247,-10.378],[34.239,-10.364],[34.203,-10.324],[34.193,-10.308],[34.188,-10.293],[34.181,-10.279],[34.165,-10.265],[34.133,-10.242],[34.078,-10.187],[33.995,-10.069],[33.966,-10.002],[33.955,-9.933],[33.955,-9.899],[33.953,-9.89],[33.947,-9.887],[33.939,-9.886],[33.931,-9.882],[33.907,-9.827],[33.9,-9.758],[33.904,-9.725],[33.912,-9.718],[33.928,-9.7],[33.928,-9.693],[33.943,-9.684],[33.951,-9.674],[33.955,-9.661],[33.956,-9.642],[33.963,-9.612],[33.964,-9.595],[33.946,-9.55],[33.961,-9.525],[33.984,-9.506],[33.997,-9.492],[34.013,-9.477],[34.047,-9.49],[34.078,-9.51],[34.089,-9.522],[34.103,-9.53],[34.137,-9.571],[34.145,-9.575],[34.162,-9.594],[34.19,-9.606],[34.288,-9.708],[34.318,-9.719],[34.324,-9.732],[34.327,-9.75],[34.332,-9.769],[34.337,-9.777],[34.36,-9.8],[34.364,-9.802],[34.382,-9.82],[34.383,-9.824],[34.483,-9.946],[34.495,-9.967],[34.525,-10.009],[34.536,-10.043],[34.538,-10.054],[34.536,-10.065],[34.527,-10.085],[34.525,-10.095],[34.532,-10.129],[34.566,-10.203],[34.575,-10.256],[34.583,-10.278],[34.586,-10.29],[34.585,-10.301],[34.565,-10.41],[34.569,-10.431],[34.589,-10.463],[34.593,-10.482],[34.591,-10.491],[34.581,-10.514],[34.579,-10.526],[34.581,-10.54],[34.586,-10.554],[34.592,-10.567],[34.6,-10.578],[34.609,-10.582],[34.618,-10.581],[34.624,-10.583],[34.627,-10.595],[34.626,-10.614],[34.629,-10.62],[34.651,-10.645],[34.66,-10.665],[34.661,-10.687],[34.648,-10.708],[34.654,-10.718],[34.656,-10.722],[34.66,-10.728],[34.666,-10.732],[34.672,-10.739],[34.675,-10.752],[34.663,-10.761],[34.657,-10.77],[34.661,-10.796],[34.648,-10.859],[34.648,-10.903],[34.645,-10.913],[34.627,-10.954],[34.598,-10.991],[34.593,-11.016],[34.597,-11.037],[34.611,-11.078],[34.614,-11.102],[34.621,-11.12],[34.669,-11.16],[34.674,-11.17],[34.677,-11.179],[34.682,-11.185],[34.7,-11.189],[34.708,-11.195],[34.714,-11.203],[34.717,-11.212],[34.72,-11.235],[34.728,-11.254],[34.741,-11.268],[34.757,-11.278],[34.757,-11.284],[34.752,-11.287],[34.743,-11.294],[34.737,-11.297],[34.759,-11.337],[34.766,-11.345],[34.772,-11.344],[34.785,-11.333],[34.792,-11.331],[34.8,-11.332],[34.844,-11.346],[34.868,-11.359],[34.887,-11.375],[34.894,-11.396],[34.898,-11.403],[34.917,-11.419],[34.926,-11.446],[34.935,-11.456],[34.944,-11.464],[34.949,-11.472],[34.951,-11.478],[34.956,-11.487],[34.961,-11.499],[34.963,-11.513],[34.963,-11.565],[34.965,-11.574],[34.967,-11.671],[34.958,-11.715],[34.956,-11.739],[34.959,-11.789],[34.956,-11.814],[34.908,-11.914],[34.888,-12.006],[34.869,-12.043],[34.826,-12.058],[34.819,-12.063],[34.81,-12.088],[34.805,-12.099],[34.797,-12.103],[34.775,-12.11],[34.768,-12.116],[34.75,-12.135],[34.711,-12.169],[34.695,-12.188],[34.71,-12.208],[34.716,-12.237],[34.714,-12.267],[34.7,-12.318],[34.708,-12.379],[34.709,-12.407],[34.706,-12.412],[34.692,-12.422],[34.689,-12.427],[34.691,-12.435],[34.7,-12.447],[34.706,-12.47],[34.72,-12.493],[34.723,-12.502],[34.727,-12.509],[34.754,-12.544],[34.765,-12.567],[34.769,-12.578],[34.774,-12.608],[34.782,-12.618],[34.79,-12.628],[34.799,-12.64],[34.812,-12.695],[34.819,-12.701],[34.823,-12.707],[34.825,-12.715],[34.824,-12.72],[34.818,-12.738],[34.796,-12.778],[34.788,-12.788],[34.784,-12.798],[34.778,-12.846],[34.76,-12.882],[34.757,-12.894],[34.755,-12.922],[34.757,-12.943],[34.763,-12.963],[34.806,-13.048],[34.816,-13.085],[34.809,-13.11],[34.797,-13.136],[34.801,-13.173],[34.809,-13.209],[34.812,-13.236],[34.795,-13.281],[34.792,-13.298],[34.795,-13.316],[34.802,-13.329],[34.826,-13.353],[34.859,-13.374],[34.863,-13.383],[34.862,-13.389],[34.86,-13.394],[34.859,-13.401],[34.866,-13.47],[34.865,-13.489],[34.855,-13.522],[34.853,-13.537],[34.859,-13.603],[34.852,-13.667],[34.857,-13.693],[34.88,-13.716],[34.899,-13.725],[34.914,-13.727],[35.017,-13.723],[35.055,-13.731],[35.069,-13.749],[35.074,-13.778],[35.086,-13.812],[35.097,-13.828],[35.11,-13.843],[35.113,-13.849],[35.115,-13.866],[35.122,-13.889],[35.125,-13.908],[35.127,-13.942],[35.135,-13.971],[35.17,-14.025],[35.181,-14.052],[35.181,-14.067],[35.178,-14.084],[35.177,-14.101],[35.185,-14.117],[35.216,-14.165],[35.221,-14.201],[35.231,-14.231],[35.272,-14.312],[35.288,-14.336],[35.288,-14.346],[35.282,-14.364],[35.275,-14.38],[35.268,-14.388],[35.26,-14.39],[35.245,-14.4],[35.236,-14.401],[35.231,-14.398],[35.227,-14.391],[35.225,-14.385]],[[34.711,-12.066],[34.702,-12.078],[34.708,-12.084],[34.718,-12.091],[34.729,-12.094],[34.74,-12.089],[34.744,-12.076],[34.74,-12.064],[34.741,-12.052],[34.757,-12.044],[34.729,-12.03],[34.718,-12.039],[34.711,-12.066]]]}},{"type":"Feature","properties":{"name":"Tanganyika","feature":"Lake","rank":0,"code":"TZA"},"geometry":{"type":"Polygon","coordinates":[[[30.81,-8.585],[30.803,-8.573],[30.795,-8.56],[30.777,-8.558],[30.754,-8.559],[30.734,-8.556],[30.726,-8.55],[30.722,-8.542],[30.719,-8.535],[30.714,-8.528],[30.703,-8.526],[30.692,-8.527],[30.683,-8.525],[30.68,-8.511],[30.685,-8.492],[30.684,-8.484],[30.676,-8.481],[30.654,-8.481],[30.645,-8.483],[30.638,-8.487],[30.638,-8.488],[30.632,-8.501],[30.644,-8.505],[30.65,-8.504],[30.658,-8.501],[30.643,-8.524],[30.624,-8.543],[30.603,-8.558],[30.583,-8.569],[30.561,-8.578],[30.548,-8.582],[30.532,-8.583],[30.53,-8.578],[30.541,-8.567],[30.558,-8.555],[30.57,-8.549],[30.565,-8.539],[30.562,-8.535],[30.574,-8.516],[30.567,-8.502],[30.55,-8.498],[30.512,-8.514],[30.487,-8.517],[30.47,-8.508],[30.474,-8.487],[30.446,-8.467],[30.442,-8.433],[30.452,-8.396],[30.467,-8.365],[30.487,-8.341],[30.515,-8.323],[30.544,-8.31],[30.57,-8.303],[30.561,-8.291],[30.561,-8.28],[30.566,-8.269],[30.57,-8.255],[30.57,-8.203],[30.575,-8.178],[30.583,-8.158],[30.584,-8.14],[30.57,-8.118],[30.549,-8.098],[30.542,-8.09],[30.515,-8.039],[30.497,-8.027],[30.474,-8.018],[30.452,-8.015],[30.457,-8.005],[30.46,-8.001],[30.419,-7.96],[30.414,-7.952],[30.413,-7.946],[30.41,-7.941],[30.401,-7.939],[30.394,-7.939],[30.386,-7.937],[30.381,-7.934],[30.371,-7.907],[30.353,-7.89],[30.329,-7.882],[30.303,-7.885],[30.276,-7.849],[30.269,-7.836],[30.266,-7.824],[30.266,-7.796],[30.261,-7.782],[30.267,-7.765],[30.264,-7.745],[30.255,-7.728],[30.232,-7.711],[30.2,-7.601],[30.199,-7.578],[30.218,-7.543],[30.217,-7.522],[30.207,-7.479],[30.206,-7.46],[30.204,-7.451],[30.188,-7.405],[30.183,-7.369],[30.175,-7.349],[30.152,-7.309],[30.128,-7.249],[30.114,-7.23],[29.975,-7.111],[29.956,-7.103],[29.947,-7.101],[29.927,-7.092],[29.915,-7.09],[29.903,-7.089],[29.881,-7.085],[29.825,-7.068],[29.79,-7.047],[29.762,-7.02],[29.722,-6.958],[29.678,-6.911],[29.648,-6.854],[29.638,-6.839],[29.626,-6.827],[29.549,-6.771],[29.499,-6.703],[29.494,-6.689],[29.492,-6.666],[29.474,-6.61],[29.49,-6.569],[29.486,-6.546],[29.484,-6.527],[29.487,-6.514],[29.442,-6.518],[29.418,-6.482],[29.392,-6.39],[29.366,-6.333],[29.367,-6.321],[29.351,-6.31],[29.34,-6.286],[29.333,-6.259],[29.326,-6.209],[29.322,-6.199],[29.314,-6.189],[29.304,-6.185],[29.294,-6.182],[29.285,-6.175],[29.278,-6.168],[29.276,-6.161],[29.275,-6.153],[29.275,-6.141],[29.273,-6.126],[29.267,-6.119],[29.258,-6.116],[29.211,-6.09],[29.198,-6.078],[29.193,-6.058],[29.186,-5.98],[29.188,-5.945],[29.186,-5.93],[29.179,-5.918],[29.236,-5.89],[29.312,-5.827],[29.321,-5.816],[29.329,-5.801],[29.346,-5.759],[29.357,-5.746],[29.35,-5.748],[29.345,-5.748],[29.341,-5.747],[29.335,-5.746],[29.349,-5.727],[29.344,-5.708],[29.336,-5.69],[29.342,-5.665],[29.331,-5.643],[29.332,-5.634],[29.344,-5.626],[29.351,-5.63],[29.359,-5.637],[29.37,-5.637],[29.373,-5.61],[29.258,-5.411],[29.249,-5.404],[29.177,-5.292],[29.145,-5.211],[29.127,-5.13],[29.118,-5.122],[29.107,-5.103],[29.1,-5.082],[29.096,-5.068],[29.102,-5.052],[29.111,-5.032],[29.118,-5.012],[29.114,-4.996],[29.106,-4.979],[29.099,-4.77],[29.113,-4.615],[29.119,-4.598],[29.138,-4.568],[29.144,-4.55],[29.149,-4.513],[29.158,-4.5],[29.174,-4.501],[29.19,-4.512],[29.201,-4.516],[29.206,-4.496],[29.2,-4.437],[29.2,-4.417],[29.204,-4.399],[29.218,-4.37],[29.259,-4.119],[29.241,-4.047],[29.234,-4.047],[29.213,-4.126],[29.193,-4.169],[29.181,-4.228],[29.168,-4.249],[29.158,-4.271],[29.152,-4.331],[29.138,-4.349],[29.127,-4.348],[29.113,-4.341],[29.101,-4.331],[29.093,-4.324],[29.084,-4.319],[29.042,-4.307],[29.049,-4.307],[29.054,-4.284],[29.068,-4.26],[29.086,-4.24],[29.1,-4.232],[29.105,-4.224],[29.106,-4.207],[29.104,-4.177],[29.1,-4.17],[29.086,-4.158],[29.083,-4.15],[29.084,-4.142],[29.094,-4.127],[29.096,-4.119],[29.089,-4.041],[29.09,-4.02],[29.102,-3.987],[29.105,-3.939],[29.103,-3.926],[29.096,-3.917],[29.105,-3.898],[29.105,-3.868],[29.124,-3.83],[29.118,-3.813],[29.105,-3.795],[29.096,-3.773],[29.1,-3.755],[29.125,-3.722],[29.13,-3.7],[29.134,-3.695],[29.152,-3.68],[29.135,-3.427],[29.142,-3.384],[29.165,-3.351],[29.206,-3.334],[29.253,-3.333],[29.297,-3.341],[29.329,-3.362],[29.343,-3.403],[29.337,-3.763],[29.37,-3.855],[29.373,-3.887],[29.377,-3.897],[29.387,-3.907],[29.398,-3.913],[29.407,-3.921],[29.416,-3.946],[29.435,-3.965],[29.439,-3.975],[29.437,-3.986],[29.433,-3.994],[29.431,-4.002],[29.432,-4.013],[29.437,-4.022],[29.46,-4.053],[29.47,-4.073],[29.475,-4.082],[29.484,-4.091],[29.494,-4.107],[29.497,-4.123],[29.497,-4.142],[29.501,-4.163],[29.51,-4.176],[29.524,-4.187],[29.536,-4.201],[29.542,-4.222],[29.545,-4.244],[29.554,-4.266],[29.591,-4.329],[29.606,-4.346],[29.641,-4.379],[29.654,-4.399],[29.657,-4.42],[29.65,-4.51],[29.603,-4.761],[29.602,-4.832],[29.603,-4.842],[29.608,-4.85],[29.616,-4.859],[29.621,-4.866],[29.621,-4.873],[29.593,-4.898],[29.593,-4.904],[29.611,-4.91],[29.642,-4.913],[29.652,-4.917],[29.664,-4.924],[29.671,-4.931],[29.675,-4.939],[29.683,-4.948],[29.69,-4.952],[29.716,-4.963],[29.736,-4.969],[29.746,-4.978],[29.762,-4.999],[29.766,-5.001],[29.771,-5.001],[29.777,-5.001],[29.782,-5.006],[29.782,-5.012],[29.779,-5.019],[29.775,-5.026],[29.782,-5.045],[29.806,-5.076],[29.816,-5.097],[29.822,-5.12],[29.823,-5.144],[29.821,-5.155],[29.817,-5.161],[29.813,-5.165],[29.81,-5.17],[29.807,-5.172],[29.803,-5.172],[29.799,-5.173],[29.796,-5.177],[29.796,-5.184],[29.801,-5.185],[29.807,-5.184],[29.81,-5.188],[29.811,-5.199],[29.814,-5.206],[29.814,-5.213],[29.806,-5.222],[29.8,-5.233],[29.807,-5.254],[29.802,-5.267],[29.795,-5.263],[29.792,-5.262],[29.789,-5.264],[29.782,-5.267],[29.784,-5.279],[29.786,-5.303],[29.784,-5.329],[29.778,-5.346],[29.765,-5.363],[29.753,-5.386],[29.745,-5.409],[29.741,-5.431],[29.75,-5.464],[29.77,-5.492],[29.816,-5.534],[29.836,-5.56],[29.943,-5.796],[29.953,-5.842],[29.952,-5.862],[29.946,-5.899],[29.946,-5.918],[29.922,-5.923],[29.9,-5.935],[29.834,-5.996],[29.827,-6.0],[29.816,-5.998],[29.799,-5.987],[29.789,-5.986],[29.771,-5.998],[29.751,-6.02],[29.734,-6.045],[29.728,-6.065],[29.725,-6.129],[29.732,-6.196],[29.728,-6.219],[29.717,-6.237],[29.712,-6.247],[29.717,-6.257],[29.727,-6.265],[29.75,-6.271],[29.757,-6.28],[29.768,-6.301],[29.857,-6.411],[29.905,-6.452],[29.94,-6.47],[29.952,-6.484],[29.953,-6.507],[30.03,-6.465],[30.072,-6.453],[30.117,-6.452],[30.139,-6.458],[30.159,-6.469],[30.174,-6.484],[30.18,-6.504],[30.19,-6.524],[30.292,-6.621],[30.31,-6.633],[30.327,-6.638],[30.336,-6.646],[30.358,-6.699],[30.396,-6.747],[30.394,-6.758],[30.401,-6.783],[30.419,-6.822],[30.484,-6.896],[30.508,-6.911],[30.515,-6.925],[30.565,-6.956],[30.577,-6.977],[30.577,-7.018],[30.574,-7.023],[30.56,-7.034],[30.556,-7.041],[30.557,-7.059],[30.561,-7.082],[30.56,-7.102],[30.546,-7.11],[30.518,-7.11],[30.512,-7.106],[30.506,-7.099],[30.501,-7.098],[30.494,-7.11],[30.508,-7.118],[30.522,-7.133],[30.532,-7.15],[30.536,-7.168],[30.533,-7.174],[30.53,-7.184],[30.532,-7.195],[30.546,-7.199],[30.551,-7.205],[30.562,-7.24],[30.604,-7.332],[30.611,-7.371],[30.608,-7.389],[30.594,-7.436],[30.594,-7.446],[30.605,-7.454],[30.6,-7.473],[30.583,-7.508],[30.623,-7.577],[30.628,-7.589],[30.645,-7.596],[30.653,-7.611],[30.659,-7.63],[30.666,-7.644],[30.677,-7.651],[30.704,-7.664],[30.714,-7.672],[30.72,-7.684],[30.726,-7.7],[30.734,-7.714],[30.745,-7.72],[30.799,-7.874],[30.824,-7.896],[30.834,-7.91],[30.841,-7.945],[30.85,-7.956],[30.872,-7.973],[30.882,-7.987],[30.903,-8.019],[30.906,-8.032],[30.91,-8.074],[30.916,-8.094],[30.926,-8.111],[30.93,-8.107],[30.947,-8.097],[30.955,-8.111],[30.962,-8.129],[30.965,-8.148],[30.96,-8.165],[30.955,-8.156],[30.954,-8.151],[30.947,-8.151],[30.943,-8.166],[30.946,-8.176],[30.951,-8.186],[30.956,-8.205],[30.96,-8.212],[30.965,-8.217],[30.967,-8.221],[30.969,-8.228],[30.969,-8.231],[30.968,-8.235],[30.967,-8.244],[30.971,-8.262],[30.981,-8.27],[30.994,-8.275],[31.008,-8.282],[31.019,-8.295],[31.031,-8.324],[31.043,-8.337],[31.044,-8.332],[31.045,-8.332],[31.046,-8.332],[31.05,-8.33],[31.067,-8.357],[31.127,-8.394],[31.145,-8.426],[31.134,-8.488],[31.135,-8.525],[31.155,-8.542],[31.166,-8.546],[31.169,-8.558],[31.166,-8.587],[31.171,-8.599],[31.195,-8.612],[31.2,-8.628],[31.198,-8.637],[31.189,-8.652],[31.187,-8.659],[31.189,-8.665],[31.198,-8.682],[31.2,-8.689],[31.199,-8.705],[31.194,-8.724],[31.186,-8.74],[31.173,-8.748],[31.17,-8.738],[31.155,-8.727],[31.149,-8.708],[31.143,-8.71],[31.132,-8.721],[31.128,-8.725],[31.125,-8.732],[31.121,-8.738],[31.107,-8.743],[31.103,-8.75],[31.102,-8.759],[31.104,-8.769],[31.087,-8.776],[31.066,-8.79],[31.043,-8.801],[31.025,-8.799],[30.858,-8.618],[30.81,-8.585]]]}},{"type":"Feature","properties":{"name":"Nyanza","feature":"Lake","rank":0,"code":"TZA"},"geometry":{"type":"Polygon","coordinates":[[[33.914,-1.532],[33.905,-1.529],[33.889,-1.521],[33.879,-1.518],[33.87,-1.517],[33.842,-1.518],[33.825,-1.512],[33.817,-1.498],[33.81,-1.482],[33.798,-1.471],[33.793,-1.482],[33.784,-1.482],[33.772,-1.478],[33.756,-1.477],[33.748,-1.479],[33.735,-1.489],[33.726,-1.491],[33.717,-1.489],[33.71,-1.485],[33.706,-1.48],[33.702,-1.477],[33.681,-1.466],[33.667,-1.464],[33.654,-1.471],[33.647,-1.482],[33.653,-1.492],[33.662,-1.501],[33.668,-1.511],[33.682,-1.509],[33.686,-1.519],[33.681,-1.535],[33.671,-1.549],[33.657,-1.555],[33.642,-1.554],[33.627,-1.556],[33.612,-1.566],[33.619,-1.571],[33.627,-1.573],[33.637,-1.571],[33.647,-1.566],[33.648,-1.578],[33.654,-1.584],[33.663,-1.585],[33.675,-1.58],[33.687,-1.598],[33.688,-1.604],[33.688,-1.615],[33.685,-1.618],[33.679,-1.619],[33.668,-1.628],[33.676,-1.632],[33.684,-1.634],[33.693,-1.633],[33.702,-1.628],[33.709,-1.637],[33.711,-1.648],[33.709,-1.66],[33.702,-1.67],[33.695,-1.674],[33.688,-1.675],[33.585,-1.676],[33.549,-1.672],[33.543,-1.675],[33.551,-1.69],[33.557,-1.696],[33.578,-1.71],[33.584,-1.716],[33.59,-1.723],[33.599,-1.738],[33.606,-1.73],[33.615,-1.739],[33.641,-1.757],[33.647,-1.762],[33.641,-1.775],[33.629,-1.778],[33.618,-1.775],[33.612,-1.769],[33.581,-1.761],[33.578,-1.758],[33.567,-1.765],[33.567,-1.772],[33.569,-1.78],[33.565,-1.793],[33.557,-1.803],[33.55,-1.81],[33.541,-1.813],[33.527,-1.813],[33.523,-1.817],[33.515,-1.826],[33.505,-1.836],[33.493,-1.84],[33.471,-1.84],[33.451,-1.837],[33.441,-1.826],[33.448,-1.8],[33.388,-1.799],[33.365,-1.804],[33.338,-1.826],[33.331,-1.837],[33.321,-1.866],[33.311,-1.884],[33.31,-1.891],[33.311,-1.906],[33.307,-1.907],[33.283,-1.922],[33.314,-1.944],[33.353,-1.925],[33.393,-1.897],[33.428,-1.895],[33.43,-1.885],[33.438,-1.88],[33.449,-1.88],[33.462,-1.881],[33.455,-1.894],[33.461,-1.901],[33.482,-1.916],[33.49,-1.927],[33.488,-1.932],[33.462,-1.95],[33.504,-1.954],[33.544,-1.963],[33.542,-1.967],[33.542,-1.968],[33.541,-1.968],[33.537,-1.97],[33.544,-1.973],[33.547,-1.975],[33.55,-1.974],[33.558,-1.97],[33.573,-1.987],[33.569,-2.002],[33.557,-2.015],[33.551,-2.029],[33.543,-2.026],[33.496,-2.025],[33.431,-1.981],[33.4,-1.972],[33.372,-1.998],[33.4,-2.039],[33.386,-2.043],[33.383,-2.046],[33.38,-2.053],[33.34,-2.019],[33.324,-2.017],[33.325,-2.046],[33.318,-2.046],[33.31,-2.031],[33.297,-2.011],[33.282,-2.0],[33.27,-2.012],[33.285,-2.019],[33.292,-2.032],[33.293,-2.045],[33.286,-2.056],[33.281,-2.052],[33.256,-2.046],[33.256,-2.047],[33.228,-2.046],[33.223,-2.045],[33.221,-2.042],[33.219,-2.043],[33.215,-2.053],[33.217,-2.053],[33.219,-2.062],[33.221,-2.073],[33.221,-2.08],[33.218,-2.09],[33.209,-2.104],[33.208,-2.115],[33.21,-2.123],[33.214,-2.13],[33.221,-2.142],[33.239,-2.122],[33.259,-2.111],[33.282,-2.111],[33.311,-2.122],[33.337,-2.136],[33.347,-2.146],[33.352,-2.159],[33.358,-2.168],[33.373,-2.166],[33.4,-2.156],[33.449,-2.151],[33.509,-2.153],[33.566,-2.163],[33.606,-2.183],[33.629,-2.158],[33.642,-2.147],[33.657,-2.142],[33.667,-2.138],[33.712,-2.105],[33.749,-2.086],[33.786,-2.095],[33.816,-2.123],[33.831,-2.163],[33.831,-2.172],[33.826,-2.188],[33.825,-2.197],[33.827,-2.201],[33.832,-2.205],[33.836,-2.211],[33.838,-2.221],[33.78,-2.259],[33.77,-2.261],[33.76,-2.27],[33.715,-2.279],[33.702,-2.287],[33.668,-2.313],[33.649,-2.308],[33.634,-2.319],[33.612,-2.347],[33.597,-2.357],[33.557,-2.372],[33.541,-2.375],[33.532,-2.379],[33.522,-2.387],[33.514,-2.397],[33.51,-2.405],[33.511,-2.414],[33.515,-2.418],[33.521,-2.421],[33.527,-2.426],[33.53,-2.44],[33.515,-2.449],[33.493,-2.448],[33.476,-2.436],[33.466,-2.444],[33.443,-2.452],[33.417,-2.467],[33.408,-2.467],[33.408,-2.468],[33.421,-2.477],[33.456,-2.494],[33.462,-2.502],[33.459,-2.516],[33.451,-2.527],[33.44,-2.531],[33.428,-2.525],[33.422,-2.532],[33.421,-2.539],[33.423,-2.546],[33.428,-2.553],[33.41,-2.554],[33.4,-2.552],[33.394,-2.544],[33.393,-2.529],[33.387,-2.531],[33.373,-2.533],[33.357,-2.531],[33.345,-2.525],[33.347,-2.522],[33.351,-2.514],[33.353,-2.504],[33.352,-2.498],[33.345,-2.496],[33.338,-2.498],[33.334,-2.502],[33.33,-2.517],[33.323,-2.514],[33.316,-2.508],[33.311,-2.505],[33.286,-2.511],[33.234,-2.518],[33.221,-2.518],[33.208,-2.513],[33.186,-2.495],[33.177,-2.491],[33.173,-2.488],[33.174,-2.474],[33.171,-2.47],[33.17,-2.469],[33.151,-2.463],[33.147,-2.463],[33.138,-2.453],[33.127,-2.429],[33.119,-2.416],[33.119,-2.4],[33.08,-2.389],[32.999,-2.38],[32.963,-2.388],[32.927,-2.409],[32.903,-2.438],[32.907,-2.47],[32.892,-2.465],[32.882,-2.467],[32.875,-2.477],[32.873,-2.495],[32.878,-2.508],[32.902,-2.533],[32.907,-2.55],[32.901,-2.554],[32.877,-2.587],[32.876,-2.594],[32.866,-2.601],[32.865,-2.617],[32.87,-2.634],[32.876,-2.646],[32.895,-2.659],[32.899,-2.663],[32.908,-2.675],[32.909,-2.679],[32.906,-2.682],[32.899,-2.69],[32.896,-2.688],[32.888,-2.687],[32.881,-2.691],[32.879,-2.705],[32.883,-2.709],[32.9,-2.724],[32.907,-2.731],[32.911,-2.739],[32.917,-2.753],[32.92,-2.759],[32.926,-2.762],[32.942,-2.77],[32.948,-2.773],[32.955,-2.786],[32.948,-2.794],[32.936,-2.802],[32.927,-2.82],[32.96,-2.819],[32.969,-2.82],[32.97,-2.824],[32.968,-2.837],[32.969,-2.841],[32.982,-2.848],[32.992,-2.85],[33.0,-2.846],[33.01,-2.846],[33.023,-2.855],[33.028,-2.861],[33.029,-2.869],[33.028,-2.876],[33.023,-2.883],[33.011,-2.884],[32.992,-2.878],[32.934,-2.852],[32.918,-2.841],[32.908,-2.825],[32.907,-2.8],[32.899,-2.8],[32.891,-2.822],[32.878,-2.832],[32.861,-2.839],[32.841,-2.851],[32.832,-2.866],[32.825,-2.888],[32.822,-2.91],[32.825,-2.923],[32.809,-2.961],[32.804,-2.971],[32.771,-2.999],[32.763,-3.012],[32.756,-3.012],[32.748,-3.0],[32.746,-2.985],[32.749,-2.969],[32.759,-2.954],[32.763,-2.942],[32.762,-2.928],[32.77,-2.918],[32.797,-2.917],[32.797,-2.91],[32.765,-2.886],[32.746,-2.877],[32.728,-2.883],[32.72,-2.87],[32.725,-2.863],[32.749,-2.855],[32.782,-2.837],[32.793,-2.834],[32.806,-2.833],[32.847,-2.824],[32.848,-2.817],[32.844,-2.806],[32.845,-2.793],[32.866,-2.755],[32.873,-2.729],[32.862,-2.717],[32.834,-2.714],[32.823,-2.705],[32.827,-2.692],[32.845,-2.677],[32.826,-2.666],[32.818,-2.664],[32.811,-2.669],[32.806,-2.661],[32.802,-2.653],[32.797,-2.635],[32.812,-2.639],[32.817,-2.642],[32.821,-2.623],[32.816,-2.604],[32.816,-2.59],[32.838,-2.587],[32.834,-2.576],[32.829,-2.567],[32.821,-2.564],[32.811,-2.566],[32.812,-2.55],[32.821,-2.539],[32.831,-2.53],[32.838,-2.518],[32.838,-2.512],[32.829,-2.509],[32.824,-2.504],[32.821,-2.497],[32.814,-2.488],[32.805,-2.485],[32.788,-2.495],[32.776,-2.491],[32.762,-2.5],[32.747,-2.523],[32.735,-2.533],[32.735,-2.519],[32.732,-2.499],[32.735,-2.491],[32.728,-2.485],[32.687,-2.511],[32.673,-2.518],[32.68,-2.504],[32.69,-2.49],[32.695,-2.473],[32.684,-2.454],[32.67,-2.434],[32.666,-2.418],[32.666,-2.402],[32.66,-2.38],[32.651,-2.389],[32.642,-2.405],[32.635,-2.422],[32.632,-2.433],[32.63,-2.453],[32.625,-2.467],[32.549,-2.538],[32.525,-2.553],[32.502,-2.546],[32.516,-2.518],[32.523,-2.51],[32.54,-2.495],[32.549,-2.482],[32.553,-2.467],[32.554,-2.45],[32.551,-2.436],[32.544,-2.436],[32.538,-2.447],[32.518,-2.46],[32.509,-2.47],[32.501,-2.462],[32.492,-2.456],[32.483,-2.455],[32.475,-2.463],[32.466,-2.459],[32.456,-2.456],[32.445,-2.456],[32.434,-2.457],[32.436,-2.452],[32.439,-2.44],[32.441,-2.436],[32.395,-2.437],[32.371,-2.432],[32.358,-2.416],[32.361,-2.404],[32.338,-2.379],[32.32,-2.354],[32.324,-2.334],[32.33,-2.333],[32.339,-2.335],[32.345,-2.338],[32.344,-2.341],[32.357,-2.334],[32.361,-2.329],[32.355,-2.327],[32.338,-2.323],[32.329,-2.316],[32.31,-2.272],[32.306,-2.271],[32.293,-2.272],[32.281,-2.275],[32.27,-2.281],[32.259,-2.284],[32.242,-2.279],[32.237,-2.274],[32.231,-2.256],[32.228,-2.252],[32.219,-2.251],[32.214,-2.256],[32.214,-2.262],[32.218,-2.266],[32.224,-2.273],[32.225,-2.289],[32.222,-2.321],[32.203,-2.322],[32.177,-2.37],[32.159,-2.388],[32.146,-2.391],[32.133,-2.389],[32.123,-2.382],[32.119,-2.371],[32.082,-2.37],[32.078,-2.367],[32.071,-2.375],[32.066,-2.386],[32.064,-2.399],[32.064,-2.413],[32.068,-2.425],[32.077,-2.43],[32.089,-2.432],[32.098,-2.436],[32.102,-2.442],[32.104,-2.454],[32.108,-2.46],[32.115,-2.464],[32.13,-2.47],[32.146,-2.482],[32.157,-2.488],[32.167,-2.496],[32.174,-2.512],[32.162,-2.521],[32.161,-2.536],[32.157,-2.551],[32.138,-2.56],[32.139,-2.552],[32.132,-2.533],[32.119,-2.536],[32.108,-2.531],[32.102,-2.521],[32.104,-2.512],[32.096,-2.506],[32.087,-2.503],[32.078,-2.503],[32.07,-2.505],[32.074,-2.513],[32.075,-2.516],[32.073,-2.518],[32.07,-2.525],[32.058,-2.509],[32.036,-2.483],[32.03,-2.47],[32.026,-2.479],[32.024,-2.487],[32.023,-2.495],[32.023,-2.505],[32.016,-2.505],[32.007,-2.487],[31.994,-2.491],[31.986,-2.508],[31.992,-2.529],[31.992,-2.537],[31.988,-2.561],[31.992,-2.566],[31.995,-2.569],[31.995,-2.574],[31.994,-2.579],[31.992,-2.584],[31.983,-2.591],[31.978,-2.591],[31.974,-2.588],[31.968,-2.587],[31.957,-2.589],[31.948,-2.588],[31.941,-2.589],[31.934,-2.594],[31.932,-2.601],[31.936,-2.608],[31.942,-2.613],[31.951,-2.615],[31.958,-2.619],[31.965,-2.627],[31.972,-2.637],[31.977,-2.659],[31.984,-2.667],[31.99,-2.672],[31.995,-2.677],[31.996,-2.684],[31.994,-2.703],[31.995,-2.711],[32.001,-2.717],[32.019,-2.732],[32.023,-2.742],[32.015,-2.76],[31.999,-2.768],[31.981,-2.766],[31.968,-2.752],[31.965,-2.73],[31.965,-2.71],[31.96,-2.696],[31.937,-2.69],[31.937,-2.681],[31.939,-2.662],[31.932,-2.649],[31.906,-2.656],[31.907,-2.641],[31.905,-2.635],[31.9,-2.635],[31.893,-2.641],[31.895,-2.644],[31.898,-2.649],[31.9,-2.656],[31.899,-2.668],[31.902,-2.7],[31.906,-2.711],[31.888,-2.712],[31.872,-2.717],[31.874,-2.702],[31.868,-2.687],[31.858,-2.678],[31.848,-2.68],[31.839,-2.687],[31.832,-2.691],[31.827,-2.697],[31.824,-2.707],[31.829,-2.721],[31.831,-2.728],[31.827,-2.731],[31.829,-2.738],[31.842,-2.773],[31.845,-2.786],[31.838,-2.8],[31.825,-2.814],[31.81,-2.827],[31.796,-2.834],[31.783,-2.815],[31.782,-2.791],[31.79,-2.742],[31.789,-2.726],[31.786,-2.719],[31.781,-2.717],[31.762,-2.717],[31.76,-2.716],[31.761,-2.711],[31.764,-2.693],[31.776,-2.669],[31.776,-2.665],[31.774,-2.66],[31.774,-2.654],[31.779,-2.646],[31.785,-2.643],[31.798,-2.644],[31.809,-2.64],[31.813,-2.641],[31.816,-2.64],[31.817,-2.632],[31.817,-2.624],[31.817,-2.62],[31.819,-2.618],[31.824,-2.615],[31.835,-2.615],[31.847,-2.619],[31.856,-2.617],[31.858,-2.601],[31.846,-2.606],[31.83,-2.608],[31.8,-2.608],[31.769,-2.618],[31.755,-2.62],[31.748,-2.611],[31.748,-2.557],[31.743,-2.547],[31.731,-2.544],[31.72,-2.539],[31.714,-2.522],[31.718,-2.508],[31.727,-2.505],[31.74,-2.506],[31.755,-2.505],[31.771,-2.498],[31.783,-2.488],[31.791,-2.476],[31.796,-2.463],[31.795,-2.455],[31.791,-2.448],[31.789,-2.441],[31.796,-2.425],[31.79,-2.42],[31.776,-2.416],[31.759,-2.393],[31.756,-2.381],[31.755,-2.361],[31.771,-2.364],[31.772,-2.357],[31.764,-2.348],[31.748,-2.341],[31.751,-2.337],[31.755,-2.327],[31.725,-2.32],[31.704,-2.332],[31.685,-2.349],[31.659,-2.361],[31.642,-2.362],[31.634,-2.356],[31.632,-2.343],[31.632,-2.324],[31.634,-2.316],[31.639,-2.309],[31.649,-2.296],[31.653,-2.288],[31.652,-2.259],[31.672,-2.199],[31.669,-2.19],[31.675,-2.183],[31.694,-2.142],[31.692,-2.135],[31.682,-2.124],[31.681,-2.115],[31.684,-2.105],[31.698,-2.088],[31.701,-2.077],[31.698,-2.072],[31.688,-2.064],[31.686,-2.06],[31.688,-2.055],[31.693,-2.047],[31.696,-2.034],[31.707,-2.005],[31.689,-2.006],[31.681,-2.012],[31.674,-2.02],[31.666,-2.025],[31.657,-2.028],[31.651,-2.027],[31.645,-2.026],[31.635,-2.025],[31.629,-2.029],[31.626,-2.036],[31.621,-2.041],[31.611,-2.039],[31.613,-2.004],[31.618,-1.974],[31.631,-1.948],[31.674,-1.895],[31.684,-1.867],[31.694,-1.8],[31.698,-1.784],[31.712,-1.755],[31.721,-1.676],[31.736,-1.644],[31.754,-1.62],[31.761,-1.597],[31.742,-1.566],[31.753,-1.538],[31.749,-1.494],[31.755,-1.466],[31.796,-1.484],[31.801,-1.471],[31.803,-1.456],[31.803,-1.425],[31.805,-1.412],[31.815,-1.39],[31.821,-1.347],[31.842,-1.307],[31.851,-1.278],[31.859,-1.182],[31.869,-1.159],[31.87,-1.15],[31.864,-1.138],[31.856,-1.126],[31.851,-1.113],[31.85,-1.099],[31.852,-1.087],[31.851,-1.075],[31.845,-1.059],[31.854,-1.052],[31.867,-1.038],[31.874,-1.025],[31.862,-1.019],[31.854,-1.021],[31.846,-1.025],[31.84,-1.024],[31.838,-1.015],[31.838,-1.004],[31.837,-0.995],[31.834,-0.988],[31.824,-0.984],[31.825,-1.002],[31.821,-1.021],[31.814,-1.04],[31.803,-1.045],[31.781,-1.055],[31.769,-1.048],[31.767,-1.03],[31.785,-0.999],[31.788,-0.989],[31.786,-0.98],[31.772,-0.973],[31.77,-0.965],[31.766,-0.92],[31.769,-0.864],[31.761,-0.846],[31.741,-0.843],[31.718,-0.844],[31.701,-0.839],[31.697,-0.824],[31.699,-0.799],[31.706,-0.775],[31.718,-0.765],[31.718,-0.757],[31.755,-0.716],[31.779,-0.669],[31.786,-0.662],[31.795,-0.659],[31.798,-0.652],[31.797,-0.645],[31.786,-0.626],[31.785,-0.616],[31.793,-0.576],[31.796,-0.566],[31.828,-0.523],[31.835,-0.509],[31.838,-0.494],[31.847,-0.471],[31.868,-0.457],[31.913,-0.436],[31.926,-0.422],[31.961,-0.378],[31.968,-0.363],[31.978,-0.338],[31.998,-0.315],[32.019,-0.306],[32.03,-0.326],[32.037,-0.326],[32.036,-0.311],[32.03,-0.295],[32.021,-0.279],[32.013,-0.267],[32.01,-0.261],[32.009,-0.253],[32.006,-0.247],[31.999,-0.244],[31.99,-0.245],[31.984,-0.244],[31.98,-0.24],[31.975,-0.23],[31.98,-0.205],[31.98,-0.189],[31.971,-0.183],[31.961,-0.184],[31.927,-0.196],[31.935,-0.155],[31.94,-0.14],[31.935,-0.139],[31.92,-0.134],[31.94,-0.125],[31.995,-0.086],[32.012,-0.093],[32.052,-0.095],[32.07,-0.099],[32.062,-0.076],[32.026,-0.067],[32.016,-0.045],[32.031,-0.049],[32.037,-0.052],[32.077,-0.036],[32.104,-0.046],[32.132,-0.063],[32.17,-0.073],[32.188,-0.068],[32.2,-0.058],[32.206,-0.042],[32.208,-0.024],[32.205,-0.016],[32.196,0.002],[32.194,0.014],[32.196,0.018],[32.208,0.037],[32.207,0.031],[32.207,0.026],[32.205,0.022],[32.2,0.017],[32.215,-0.003],[32.241,-0.021],[32.269,-0.029],[32.29,-0.018],[32.292,0.002],[32.28,0.019],[32.248,0.044],[32.256,0.051],[32.286,0.037],[32.324,0.027],[32.352,0.01],[32.352,-0.024],[32.373,-0.025],[32.379,-0.024],[32.369,-0.004],[32.375,0.054],[32.365,0.085],[32.386,0.092],[32.401,0.078],[32.421,0.083],[32.439,0.099],[32.448,0.119],[32.459,0.109],[32.458,0.095],[32.45,0.082],[32.441,0.071],[32.42,0.055],[32.422,0.049],[32.438,0.034],[32.452,0.03],[32.463,0.041],[32.472,0.056],[32.482,0.068],[32.484,0.076],[32.488,0.083],[32.496,0.085],[32.501,0.081],[32.509,0.051],[32.518,0.057],[32.524,0.074],[32.53,0.078],[32.54,0.075],[32.547,0.066],[32.557,0.044],[32.57,0.06],[32.544,0.102],[32.551,0.119],[32.559,0.113],[32.578,0.105],[32.588,0.108],[32.572,0.133],[32.591,0.139],[32.598,0.14],[32.598,0.147],[32.589,0.15],[32.572,0.161],[32.575,0.175],[32.563,0.19],[32.568,0.199],[32.579,0.201],[32.588,0.197],[32.595,0.196],[32.598,0.209],[32.616,0.211],[32.627,0.24],[32.635,0.273],[32.645,0.291],[32.663,0.289],[32.667,0.277],[32.663,0.263],[32.648,0.248],[32.648,0.231],[32.657,0.222],[32.673,0.236],[32.681,0.222],[32.657,0.183],[32.661,0.172],[32.69,0.167],[32.699,0.174],[32.707,0.188],[32.715,0.209],[32.725,0.206],[32.731,0.196],[32.736,0.184],[32.742,0.174],[32.728,0.166],[32.711,0.145],[32.704,0.14],[32.686,0.141],[32.681,0.14],[32.67,0.135],[32.663,0.133],[32.653,0.133],[32.661,0.12],[32.661,0.098],[32.667,0.092],[32.682,0.089],[32.695,0.095],[32.705,0.102],[32.711,0.106],[32.72,0.107],[32.732,0.111],[32.744,0.116],[32.749,0.123],[32.756,0.126],[32.772,0.12],[32.797,0.106],[32.797,0.125],[32.799,0.139],[32.803,0.15],[32.811,0.161],[32.817,0.161],[32.822,0.15],[32.832,0.15],[32.845,0.152],[32.859,0.147],[32.855,0.155],[32.853,0.163],[32.851,0.181],[32.859,0.181],[32.864,0.169],[32.878,0.191],[32.893,0.196],[32.89,0.191],[32.888,0.189],[32.886,0.181],[32.896,0.181],[32.899,0.181],[32.891,0.171],[32.886,0.161],[32.887,0.153],[32.899,0.147],[32.889,0.143],[32.878,0.136],[32.871,0.127],[32.876,0.116],[32.888,0.107],[32.893,0.107],[32.893,0.105],[32.893,0.089],[32.901,0.077],[32.921,0.078],[32.986,0.101],[33.008,0.113],[33.078,0.166],[33.085,0.174],[33.092,0.186],[33.105,0.222],[33.072,0.224],[33.043,0.229],[33.07,0.246],[33.079,0.25],[33.079,0.257],[33.071,0.257],[33.071,0.263],[33.081,0.26],[33.099,0.252],[33.124,0.247],[33.123,0.24],[33.113,0.226],[33.117,0.214],[33.126,0.217],[33.136,0.225],[33.139,0.229],[33.141,0.234],[33.139,0.241],[33.139,0.247],[33.143,0.25],[33.151,0.251],[33.156,0.254],[33.167,0.263],[33.156,0.277],[33.151,0.297],[33.154,0.316],[33.171,0.325],[33.189,0.329],[33.22,0.347],[33.239,0.352],[33.242,0.355],[33.264,0.368],[33.27,0.373],[33.271,0.386],[33.267,0.39],[33.259,0.391],[33.231,0.397],[33.21,0.398],[33.193,0.406],[33.187,0.428],[33.211,0.423],[33.236,0.427],[33.25,0.44],[33.242,0.462],[33.274,0.477],[33.283,0.483],[33.291,0.44],[33.319,0.438],[33.346,0.456],[33.352,0.475],[33.366,0.497],[33.385,0.491],[33.389,0.485],[33.372,0.462],[33.35,0.422],[33.355,0.416],[33.362,0.411],[33.366,0.407],[33.349,0.392],[33.326,0.389],[33.31,0.382],[33.318,0.352],[33.329,0.36],[33.366,0.373],[33.37,0.364],[33.369,0.355],[33.365,0.347],[33.359,0.339],[33.377,0.343],[33.395,0.341],[33.412,0.335],[33.428,0.325],[33.426,0.333],[33.424,0.339],[33.421,0.343],[33.414,0.346],[33.442,0.356],[33.456,0.358],[33.469,0.352],[33.455,0.346],[33.466,0.331],[33.483,0.325],[33.495,0.319],[33.489,0.305],[33.508,0.3],[33.508,0.283],[33.495,0.27],[33.476,0.277],[33.482,0.281],[33.489,0.284],[33.475,0.29],[33.459,0.294],[33.444,0.295],[33.434,0.291],[33.426,0.296],[33.418,0.298],[33.4,0.298],[33.405,0.289],[33.413,0.284],[33.434,0.277],[33.421,0.27],[33.433,0.261],[33.439,0.259],[33.448,0.257],[33.426,0.244],[33.44,0.227],[33.466,0.209],[33.482,0.188],[33.489,0.188],[33.486,0.216],[33.488,0.23],[33.493,0.236],[33.501,0.232],[33.504,0.221],[33.503,0.196],[33.511,0.203],[33.522,0.218],[33.531,0.222],[33.529,0.211],[33.526,0.201],[33.516,0.181],[33.525,0.183],[33.531,0.186],[33.535,0.192],[33.537,0.202],[33.544,0.202],[33.546,0.186],[33.556,0.18],[33.566,0.184],[33.571,0.199],[33.58,0.208],[33.599,0.216],[33.617,0.227],[33.626,0.246],[33.619,0.299],[33.62,0.311],[33.629,0.321],[33.642,0.323],[33.656,0.32],[33.668,0.311],[33.686,0.326],[33.694,0.33],[33.709,0.332],[33.72,0.331],[33.735,0.326],[33.749,0.319],[33.756,0.311],[33.733,0.307],[33.715,0.298],[33.702,0.284],[33.695,0.263],[33.706,0.268],[33.718,0.269],[33.731,0.267],[33.743,0.263],[33.743,0.257],[33.734,0.249],[33.72,0.233],[33.71,0.215],[33.709,0.202],[33.722,0.193],[33.764,0.191],[33.777,0.188],[33.788,0.198],[33.788,0.209],[33.786,0.221],[33.79,0.236],[33.805,0.22],[33.808,0.2],[33.809,0.177],[33.818,0.154],[33.823,0.167],[33.827,0.194],[33.831,0.209],[33.862,0.189],[33.894,0.174],[33.895,0.192],[33.905,0.199],[33.916,0.204],[33.921,0.219],[33.966,0.256],[33.972,0.263],[33.98,0.264],[33.982,0.266],[33.983,0.264],[33.989,0.257],[33.993,0.252],[34.002,0.233],[34.004,0.226],[34.001,0.213],[33.992,0.181],[33.989,0.164],[33.99,0.135],[33.988,0.119],[33.982,0.106],[33.974,0.103],[33.965,0.106],[33.958,0.106],[33.955,0.095],[33.956,0.075],[33.958,0.066],[33.962,0.058],[33.969,0.05],[33.978,0.045],[33.986,0.038],[33.989,0.027],[33.99,0.018],[33.996,-0.011],[33.996,-0.041],[34.0,-0.045],[34.018,-0.046],[34.025,-0.048],[34.03,-0.052],[34.03,-0.058],[34.021,-0.071],[34.027,-0.075],[34.039,-0.075],[34.044,-0.073],[34.055,-0.088],[34.051,-0.086],[34.055,-0.091],[34.055,-0.097],[34.057,-0.102],[34.065,-0.107],[34.065,-0.097],[34.066,-0.089],[34.068,-0.081],[34.072,-0.073],[34.065,-0.073],[34.077,-0.063],[34.095,-0.059],[34.123,-0.058],[34.135,-0.065],[34.131,-0.08],[34.113,-0.107],[34.129,-0.106],[34.138,-0.111],[34.138,-0.117],[34.123,-0.121],[34.115,-0.123],[34.091,-0.136],[34.085,-0.14],[34.094,-0.169],[34.122,-0.185],[34.158,-0.191],[34.188,-0.189],[34.185,-0.209],[34.196,-0.221],[34.229,-0.237],[34.249,-0.252],[34.253,-0.265],[34.236,-0.299],[34.251,-0.299],[34.257,-0.305],[34.254,-0.315],[34.243,-0.326],[34.252,-0.329],[34.263,-0.334],[34.272,-0.34],[34.277,-0.346],[34.279,-0.358],[34.276,-0.368],[34.272,-0.377],[34.271,-0.381],[34.288,-0.396],[34.303,-0.391],[34.314,-0.374],[34.318,-0.357],[34.325,-0.341],[34.376,-0.302],[34.387,-0.285],[34.388,-0.265],[34.383,-0.244],[34.373,-0.223],[34.357,-0.229],[34.346,-0.22],[34.342,-0.204],[34.345,-0.189],[34.36,-0.179],[34.377,-0.179],[34.407,-0.183],[34.447,-0.168],[34.462,-0.168],[34.491,-0.18],[34.506,-0.181],[34.521,-0.172],[34.534,-0.159],[34.548,-0.149],[34.564,-0.143],[34.6,-0.137],[34.624,-0.124],[34.647,-0.117],[34.659,-0.109],[34.67,-0.099],[34.674,-0.09],[34.723,-0.091],[34.737,-0.086],[34.735,-0.11],[34.731,-0.124],[34.731,-0.138],[34.743,-0.162],[34.75,-0.154],[34.757,-0.166],[34.768,-0.179],[34.782,-0.191],[34.795,-0.196],[34.799,-0.206],[34.833,-0.271],[34.837,-0.272],[34.847,-0.28],[34.855,-0.287],[34.849,-0.291],[34.846,-0.295],[34.843,-0.302],[34.838,-0.309],[34.829,-0.312],[34.809,-0.306],[34.783,-0.287],[34.771,-0.291],[34.75,-0.287],[34.748,-0.301],[34.754,-0.32],[34.754,-0.336],[34.74,-0.34],[34.678,-0.346],[34.658,-0.345],[34.613,-0.332],[34.605,-0.333],[34.596,-0.335],[34.587,-0.336],[34.576,-0.329],[34.569,-0.322],[34.562,-0.318],[34.554,-0.319],[34.544,-0.326],[34.527,-0.325],[34.498,-0.329],[34.468,-0.338],[34.449,-0.346],[34.451,-0.367],[34.449,-0.397],[34.457,-0.424],[34.5,-0.441],[34.505,-0.454],[34.506,-0.468],[34.503,-0.477],[34.475,-0.494],[34.472,-0.497],[34.461,-0.501],[34.436,-0.521],[34.424,-0.525],[34.407,-0.522],[34.408,-0.514],[34.416,-0.504],[34.42,-0.497],[34.419,-0.489],[34.41,-0.469],[34.404,-0.46],[34.395,-0.451],[34.386,-0.445],[34.375,-0.441],[34.359,-0.442],[34.366,-0.459],[34.361,-0.473],[34.348,-0.479],[34.331,-0.477],[34.327,-0.471],[34.318,-0.454],[34.311,-0.449],[34.305,-0.452],[34.304,-0.461],[34.308,-0.47],[34.311,-0.477],[34.285,-0.466],[34.244,-0.429],[34.216,-0.428],[34.22,-0.419],[34.223,-0.415],[34.189,-0.422],[34.174,-0.451],[34.161,-0.518],[34.15,-0.532],[34.137,-0.535],[34.103,-0.532],[34.101,-0.535],[34.085,-0.552],[34.078,-0.554],[34.064,-0.556],[34.057,-0.559],[34.066,-0.569],[34.075,-0.577],[34.083,-0.586],[34.085,-0.6],[34.081,-0.608],[34.073,-0.617],[34.062,-0.625],[34.055,-0.627],[34.048,-0.641],[34.037,-0.73],[34.057,-0.728],[34.068,-0.749],[34.071,-0.776],[34.072,-0.795],[34.078,-0.798],[34.12,-0.826],[34.166,-0.842],[34.175,-0.847],[34.183,-0.871],[34.17,-0.887],[34.15,-0.898],[34.14,-0.912],[34.128,-0.954],[34.125,-0.978],[34.133,-0.997],[34.133,-1.004],[34.118,-0.999],[34.072,-0.97],[34.066,-0.996],[34.058,-1.002],[34.037,-0.997],[34.048,-1.012],[34.063,-1.016],[34.08,-1.012],[34.092,-1.004],[34.098,-1.019],[34.087,-1.023],[34.073,-1.025],[34.065,-1.035],[34.068,-1.044],[34.073,-1.046],[34.075,-1.048],[34.072,-1.059],[34.041,-1.08],[34.034,-1.082],[34.03,-1.089],[34.028,-1.096],[34.023,-1.101],[34.016,-1.102],[33.993,-1.101],[33.976,-1.105],[33.98,-1.116],[33.99,-1.128],[33.993,-1.138],[33.963,-1.173],[33.948,-1.183],[33.916,-1.199],[33.901,-1.209],[33.886,-1.223],[33.873,-1.256],[33.886,-1.278],[33.909,-1.286],[33.928,-1.278],[33.934,-1.278],[33.932,-1.283],[33.93,-1.289],[33.928,-1.292],[33.928,-1.299],[33.947,-1.304],[33.967,-1.316],[33.983,-1.333],[33.989,-1.35],[33.989,-1.36],[33.986,-1.37],[33.979,-1.376],[33.969,-1.374],[33.967,-1.37],[33.969,-1.362],[33.972,-1.355],[33.976,-1.354],[33.962,-1.34],[33.954,-1.337],[33.934,-1.335],[33.916,-1.324],[33.905,-1.321],[33.883,-1.32],[33.821,-1.326],[33.804,-1.32],[33.793,-1.334],[33.799,-1.349],[33.825,-1.374],[33.821,-1.378],[33.82,-1.379],[33.82,-1.382],[33.818,-1.388],[33.832,-1.383],[33.844,-1.388],[33.853,-1.398],[33.859,-1.408],[33.798,-1.388],[33.781,-1.398],[33.781,-1.41],[33.791,-1.421],[33.804,-1.429],[33.813,-1.43],[33.83,-1.428],[33.838,-1.429],[33.847,-1.433],[33.85,-1.437],[33.852,-1.442],[33.859,-1.45],[33.867,-1.471],[33.871,-1.471],[33.876,-1.469],[33.879,-1.471],[33.891,-1.48],[33.894,-1.486],[33.894,-1.498],[33.909,-1.488],[33.919,-1.484],[33.928,-1.484],[33.936,-1.49],[33.94,-1.499],[33.943,-1.508],[33.945,-1.511],[33.953,-1.514],[33.956,-1.519],[33.953,-1.524],[33.945,-1.526],[33.94,-1.524],[33.933,-1.519],[33.928,-1.518],[33.927,-1.52],[33.923,-1.525],[33.918,-1.53],[33.914,-1.532]],[[34.146,-0.405],[34.12,-0.415],[34.12,-0.428],[34.133,-0.432],[34.15,-0.433],[34.161,-0.436],[34.204,-0.407],[34.217,-0.389],[34.223,-0.36],[34.214,-0.368],[34.207,-0.389],[34.202,-0.395],[34.191,-0.395],[34.182,-0.387],[34.167,-0.367],[34.158,-0.394],[34.154,-0.401],[34.146,-0.405]],[[33.947,-0.464],[33.946,-0.473],[33.952,-0.477],[33.972,-0.48],[33.999,-0.498],[34.017,-0.505],[34.027,-0.498],[34.049,-0.49],[34.057,-0.483],[34.062,-0.474],[34.059,-0.471],[34.054,-0.467],[34.051,-0.46],[34.045,-0.437],[34.03,-0.432],[33.996,-0.442],[33.964,-0.445],[33.955,-0.449],[33.951,-0.455],[33.947,-0.464]],[[31.816,-1.801],[31.811,-1.819],[31.841,-1.795],[31.849,-1.78],[31.851,-1.758],[31.845,-1.753],[31.842,-1.752],[31.838,-1.752],[31.837,-1.775],[31.827,-1.788],[31.816,-1.801]],[[31.775,-2.14],[31.786,-2.148],[31.798,-2.151],[31.803,-2.146],[31.821,-2.136],[31.825,-2.13],[31.807,-2.128],[31.793,-2.124],[31.785,-2.115],[31.781,-2.102],[31.783,-2.088],[31.776,-2.08],[31.769,-2.094],[31.764,-2.107],[31.764,-2.121],[31.769,-2.135],[31.775,-2.14]],[[31.92,-2.416],[31.921,-2.398],[31.914,-2.383],[31.905,-2.37],[31.9,-2.355],[31.902,-2.337],[31.907,-2.327],[31.908,-2.322],[31.896,-2.321],[31.869,-2.31],[31.86,-2.284],[31.856,-2.252],[31.845,-2.224],[31.84,-2.216],[31.828,-2.21],[31.818,-2.203],[31.817,-2.183],[31.811,-2.183],[31.791,-2.234],[31.788,-2.26],[31.811,-2.252],[31.808,-2.268],[31.801,-2.281],[31.79,-2.289],[31.776,-2.286],[31.783,-2.321],[31.803,-2.316],[31.822,-2.317],[31.83,-2.323],[31.817,-2.334],[31.825,-2.347],[31.845,-2.365],[31.851,-2.375],[31.851,-2.389],[31.841,-2.411],[31.838,-2.426],[31.841,-2.441],[31.848,-2.455],[31.86,-2.46],[31.875,-2.454],[31.913,-2.424],[31.92,-2.416]],[[31.9,-1.635],[31.94,-1.662],[31.937,-1.651],[31.933,-1.644],[31.92,-1.628],[31.896,-1.615],[31.892,-1.611],[31.888,-1.61],[31.858,-1.621],[31.868,-1.636],[31.872,-1.653],[31.872,-1.69],[31.867,-1.691],[31.866,-1.689],[31.866,-1.686],[31.865,-1.683],[31.865,-1.7],[31.858,-1.745],[31.889,-1.691],[31.898,-1.663],[31.9,-1.635]],[[32.07,-2.293],[32.071,-2.278],[32.068,-2.267],[32.06,-2.265],[32.05,-2.279],[32.044,-2.279],[32.046,-2.27],[32.048,-2.261],[32.052,-2.253],[32.057,-2.245],[32.05,-2.252],[32.046,-2.247],[32.045,-2.243],[32.044,-2.231],[32.026,-2.234],[32.01,-2.243],[31.993,-2.255],[31.975,-2.266],[31.96,-2.271],[31.951,-2.277],[31.947,-2.286],[31.951,-2.292],[31.972,-2.29],[31.981,-2.293],[31.985,-2.309],[31.975,-2.322],[31.961,-2.335],[31.955,-2.347],[31.966,-2.341],[31.97,-2.344],[31.971,-2.35],[31.975,-2.355],[31.975,-2.358],[31.975,-2.362],[31.974,-2.366],[31.978,-2.367],[31.982,-2.367],[31.987,-2.365],[31.99,-2.362],[31.989,-2.361],[32.004,-2.361],[32.021,-2.358],[32.038,-2.351],[32.05,-2.341],[32.07,-2.293]],[[32.283,-0.353],[32.324,-0.354],[32.319,-0.338],[32.297,-0.314],[32.29,-0.299],[32.281,-0.303],[32.277,-0.309],[32.278,-0.317],[32.283,-0.326],[32.273,-0.33],[32.264,-0.331],[32.256,-0.327],[32.248,-0.318],[32.256,-0.305],[32.213,-0.321],[32.187,-0.328],[32.166,-0.326],[32.153,-0.312],[32.156,-0.292],[32.174,-0.257],[32.172,-0.24],[32.157,-0.234],[32.112,-0.237],[32.086,-0.232],[32.074,-0.23],[32.064,-0.235],[32.066,-0.245],[32.065,-0.255],[32.05,-0.257],[32.05,-0.264],[32.077,-0.273],[32.092,-0.28],[32.098,-0.288],[32.099,-0.296],[32.102,-0.298],[32.107,-0.3],[32.112,-0.305],[32.112,-0.309],[32.106,-0.316],[32.104,-0.322],[32.116,-0.33],[32.144,-0.338],[32.172,-0.341],[32.187,-0.332],[32.194,-0.332],[32.202,-0.341],[32.218,-0.35],[32.228,-0.36],[32.222,-0.374],[32.231,-0.378],[32.241,-0.386],[32.248,-0.397],[32.248,-0.408],[32.242,-0.413],[32.233,-0.413],[32.225,-0.409],[32.217,-0.399],[32.206,-0.408],[32.197,-0.421],[32.197,-0.428],[32.186,-0.429],[32.177,-0.431],[32.171,-0.436],[32.166,-0.442],[32.166,-0.449],[32.171,-0.458],[32.168,-0.471],[32.153,-0.497],[32.136,-0.515],[32.132,-0.525],[32.138,-0.538],[32.166,-0.538],[32.166,-0.531],[32.167,-0.523],[32.174,-0.505],[32.178,-0.506],[32.189,-0.509],[32.194,-0.511],[32.19,-0.497],[32.19,-0.478],[32.187,-0.47],[32.225,-0.463],[32.242,-0.464],[32.242,-0.47],[32.236,-0.477],[32.239,-0.484],[32.247,-0.489],[32.259,-0.49],[32.263,-0.487],[32.266,-0.48],[32.272,-0.472],[32.283,-0.47],[32.275,-0.433],[32.271,-0.387],[32.283,-0.353]],[[32.343,-0.262],[32.347,-0.266],[32.352,-0.271],[32.37,-0.27],[32.365,-0.258],[32.352,-0.242],[32.344,-0.227],[32.34,-0.216],[32.328,-0.204],[32.313,-0.198],[32.297,-0.203],[32.306,-0.206],[32.315,-0.212],[32.324,-0.22],[32.331,-0.23],[32.322,-0.235],[32.319,-0.242],[32.323,-0.25],[32.331,-0.257],[32.333,-0.252],[32.334,-0.252],[32.338,-0.25],[32.339,-0.257],[32.343,-0.262]],[[32.388,-0.368],[32.401,-0.366],[32.413,-0.367],[32.413,-0.36],[32.4,-0.357],[32.395,-0.348],[32.39,-0.339],[32.379,-0.332],[32.369,-0.334],[32.369,-0.344],[32.373,-0.357],[32.379,-0.367],[32.373,-0.365],[32.358,-0.363],[32.352,-0.36],[32.354,-0.37],[32.357,-0.375],[32.361,-0.375],[32.388,-0.368]],[[32.531,-2.327],[32.537,-2.307],[32.533,-2.284],[32.524,-2.282],[32.513,-2.288],[32.502,-2.286],[32.496,-2.286],[32.499,-2.312],[32.502,-2.321],[32.475,-2.324],[32.465,-2.314],[32.468,-2.272],[32.462,-2.272],[32.455,-2.283],[32.446,-2.284],[32.438,-2.277],[32.434,-2.266],[32.408,-2.342],[32.41,-2.355],[32.426,-2.362],[32.432,-2.379],[32.434,-2.4],[32.441,-2.416],[32.452,-2.42],[32.463,-2.418],[32.472,-2.412],[32.482,-2.402],[32.492,-2.404],[32.507,-2.397],[32.519,-2.383],[32.523,-2.367],[32.519,-2.37],[32.519,-2.371],[32.518,-2.372],[32.516,-2.375],[32.512,-2.359],[32.52,-2.343],[32.531,-2.327]],[[32.538,-0.39],[32.544,-0.374],[32.529,-0.378],[32.524,-0.381],[32.516,-0.387],[32.509,-0.383],[32.504,-0.384],[32.502,-0.391],[32.503,-0.406],[32.502,-0.408],[32.49,-0.418],[32.47,-0.421],[32.454,-0.428],[32.477,-0.442],[32.473,-0.461],[32.456,-0.479],[32.441,-0.49],[32.444,-0.498],[32.448,-0.502],[32.454,-0.504],[32.462,-0.505],[32.471,-0.5],[32.481,-0.492],[32.486,-0.482],[32.482,-0.47],[32.493,-0.466],[32.501,-0.459],[32.521,-0.421],[32.524,-0.41],[32.523,-0.395],[32.53,-0.395],[32.537,-0.408],[32.537,-0.398],[32.538,-0.39]],[[32.754,-0.018],[32.75,-0.027],[32.753,-0.04],[32.763,-0.052],[32.782,-0.037],[32.803,-0.009],[32.811,0.019],[32.789,0.037],[32.789,0.017],[32.783,0.017],[32.773,0.021],[32.767,0.012],[32.765,-0.004],[32.77,-0.018],[32.754,-0.018]],[[32.804,-0.106],[32.817,-0.086],[32.804,-0.08],[32.793,-0.08],[32.785,-0.087],[32.783,-0.099],[32.773,-0.097],[32.763,-0.093],[32.766,-0.077],[32.759,-0.06],[32.747,-0.046],[32.735,-0.038],[32.737,-0.049],[32.743,-0.06],[32.756,-0.08],[32.756,-0.086],[32.746,-0.083],[32.739,-0.078],[32.736,-0.069],[32.735,-0.058],[32.73,-0.068],[32.724,-0.072],[32.716,-0.071],[32.708,-0.065],[32.71,-0.077],[32.714,-0.088],[32.714,-0.098],[32.708,-0.107],[32.699,-0.106],[32.692,-0.098],[32.684,-0.094],[32.673,-0.107],[32.66,-0.099],[32.665,-0.111],[32.674,-0.118],[32.686,-0.121],[32.701,-0.121],[32.719,-0.126],[32.741,-0.115],[32.756,-0.121],[32.742,-0.127],[32.742,-0.134],[32.766,-0.131],[32.786,-0.121],[32.804,-0.106]],[[33.006,-1.805],[33.009,-1.819],[32.995,-1.819],[32.999,-1.826],[33.002,-1.838],[33.004,-1.849],[32.999,-1.854],[32.997,-1.859],[33.005,-1.87],[33.023,-1.888],[33.027,-1.889],[33.03,-1.89],[33.034,-1.891],[33.037,-1.895],[33.07,-1.87],[33.084,-1.856],[33.088,-1.854],[33.091,-1.849],[33.092,-1.837],[33.09,-1.833],[33.081,-1.821],[33.079,-1.813],[33.085,-1.813],[33.093,-1.817],[33.098,-1.814],[33.097,-1.808],[33.092,-1.8],[33.083,-1.796],[33.072,-1.796],[33.051,-1.8],[33.016,-1.801],[33.006,-1.805]],[[33.187,-2.132],[33.187,-2.125],[33.186,-2.117],[33.183,-2.116],[33.179,-2.117],[33.174,-2.115],[33.144,-2.088],[33.135,-2.074],[33.147,-2.067],[33.147,-2.06],[33.109,-2.051],[33.101,-2.043],[33.12,-2.011],[33.118,-1.996],[33.11,-1.981],[33.105,-1.967],[33.097,-1.965],[33.047,-1.977],[33.044,-1.976],[33.036,-1.973],[33.027,-1.973],[33.023,-1.981],[33.019,-1.982],[32.992,-1.991],[32.941,-1.963],[32.932,-1.948],[32.936,-1.937],[32.945,-1.926],[32.948,-1.909],[32.943,-1.904],[32.925,-1.896],[32.92,-1.895],[32.912,-1.896],[32.907,-1.9],[32.899,-1.909],[32.88,-1.927],[32.868,-1.935],[32.851,-1.943],[32.846,-1.935],[32.841,-1.931],[32.835,-1.93],[32.825,-1.929],[32.831,-1.943],[32.846,-1.959],[32.851,-1.97],[32.859,-1.97],[32.864,-1.972],[32.892,-1.974],[32.899,-1.977],[32.897,-1.989],[32.887,-2.003],[32.85,-2.042],[32.845,-2.051],[32.845,-2.06],[32.853,-2.072],[32.862,-2.07],[32.871,-2.066],[32.883,-2.07],[32.904,-2.085],[32.929,-2.092],[32.979,-2.094],[32.996,-2.099],[33.043,-2.135],[33.056,-2.141],[33.067,-2.139],[33.075,-2.133],[33.079,-2.122],[33.102,-2.134],[33.121,-2.152],[33.142,-2.167],[33.174,-2.169],[33.164,-2.154],[33.168,-2.148],[33.176,-2.147],[33.181,-2.149],[33.186,-2.138],[33.187,-2.132]],[[33.184,0.15],[33.195,0.161],[33.177,0.161],[33.166,0.147],[33.164,0.126],[33.174,0.106],[33.181,0.117],[33.184,0.15]],[[33.296,0.031],[33.304,0.044],[33.283,0.044],[33.285,0.049],[33.288,0.06],[33.29,0.064],[33.264,0.058],[33.25,0.05],[33.248,0.035],[33.256,0.01],[33.284,0.022],[33.296,0.031]],[[33.387,0.251],[33.4,0.257],[33.388,0.272],[33.381,0.287],[33.371,0.298],[33.352,0.298],[33.352,0.291],[33.36,0.289],[33.366,0.285],[33.37,0.279],[33.372,0.27],[33.366,0.27],[33.357,0.274],[33.35,0.267],[33.347,0.254],[33.352,0.243],[33.343,0.246],[33.342,0.247],[33.338,0.25],[33.329,0.239],[33.32,0.24],[33.315,0.248],[33.318,0.257],[33.318,0.263],[33.296,0.263],[33.294,0.274],[33.304,0.288],[33.318,0.298],[33.298,0.305],[33.278,0.304],[33.239,0.298],[33.233,0.294],[33.211,0.267],[33.205,0.256],[33.209,0.25],[33.221,0.243],[33.255,0.208],[33.259,0.202],[33.263,0.199],[33.262,0.191],[33.256,0.184],[33.246,0.181],[33.236,0.182],[33.208,0.188],[33.228,0.154],[33.235,0.154],[33.247,0.165],[33.264,0.153],[33.279,0.13],[33.283,0.106],[33.294,0.11],[33.301,0.118],[33.305,0.128],[33.304,0.14],[33.311,0.14],[33.31,0.1],[33.316,0.085],[33.332,0.078],[33.339,0.08],[33.342,0.082],[33.345,0.085],[33.325,0.097],[33.319,0.119],[33.325,0.142],[33.338,0.154],[33.325,0.16],[33.318,0.171],[33.317,0.184],[33.325,0.196],[33.318,0.211],[33.325,0.219],[33.336,0.217],[33.345,0.202],[33.352,0.211],[33.359,0.217],[33.366,0.219],[33.372,0.216],[33.379,0.228],[33.382,0.24],[33.387,0.251]],[[33.726,-0.13],[33.729,-0.109],[33.719,-0.099],[33.705,-0.104],[33.671,-0.127],[33.654,-0.134],[33.654,-0.14],[33.671,-0.138],[33.682,-0.14],[33.689,-0.147],[33.695,-0.162],[33.702,-0.154],[33.715,-0.168],[33.726,-0.13]],[[33.77,0.078],[33.781,0.073],[33.82,0.065],[33.831,0.064],[33.843,0.068],[33.852,0.073],[33.864,0.074],[33.879,0.064],[33.883,0.079],[33.867,0.09],[33.844,0.096],[33.825,0.092],[33.812,0.115],[33.786,0.116],[33.765,0.101],[33.77,0.078]]]}},{"type":"Feature","properties":{"name":"Chad","feature":"Lake","rank":1,"code":"TCD"},"geometry":{"type":"Polygon","coordinates":[[[14.734,13.081],[14.745,13.076],[14.768,13.07],[14.721,13.052],[14.705,13.045],[14.699,13.039],[14.691,13.01],[14.689,13.007],[14.687,13.004],[14.681,13.002],[14.679,12.995],[14.681,12.99],[14.684,12.983],[14.681,12.978],[14.667,12.975],[14.653,12.974],[14.645,12.972],[14.637,12.973],[14.619,12.99],[14.609,12.994],[14.599,12.996],[14.588,12.991],[14.581,12.982],[14.579,12.974],[14.571,12.972],[14.565,12.977],[14.561,12.985],[14.551,12.986],[14.541,12.984],[14.509,12.978],[14.496,12.97],[14.486,12.957],[14.479,12.952],[14.477,12.944],[14.473,12.937],[14.469,12.939],[14.465,12.952],[14.462,12.957],[14.456,12.951],[14.453,12.944],[14.452,12.933],[14.45,12.93],[14.449,12.927],[14.441,12.933],[14.433,12.936],[14.423,12.931],[14.415,12.923],[14.406,12.916],[14.398,12.907],[14.41,12.894],[14.407,12.882],[14.4,12.882],[14.395,12.883],[14.387,12.882],[14.372,12.873],[14.363,12.874],[14.354,12.879],[14.343,12.879],[14.319,12.87],[14.313,12.875],[14.31,12.885],[14.3,12.888],[14.269,12.888],[14.276,12.899],[14.288,12.904],[14.273,12.938],[14.284,12.941],[14.294,12.947],[14.286,12.962],[14.272,12.974],[14.27,12.98],[14.271,12.985],[14.261,12.994],[14.247,12.999],[14.251,13.005],[14.258,13.01],[14.263,13.012],[14.283,13.013],[14.294,13.02],[14.294,13.027],[14.292,13.035],[14.29,13.042],[14.285,13.049],[14.279,13.053],[14.274,13.058],[14.285,13.062],[14.325,13.057],[14.321,13.07],[14.306,13.099],[14.302,13.109],[14.297,13.118],[14.285,13.125],[14.279,13.136],[14.307,13.127],[14.346,13.089],[14.351,13.082],[14.363,13.068],[14.381,13.064],[14.376,13.073],[14.373,13.083],[14.371,13.103],[14.36,13.112],[14.345,13.119],[14.303,13.166],[14.3,13.173],[14.309,13.172],[14.318,13.168],[14.327,13.162],[14.337,13.159],[14.347,13.158],[14.356,13.159],[14.364,13.163],[14.367,13.17],[14.364,13.18],[14.374,13.194],[14.438,13.224],[14.447,13.222],[14.457,13.216],[14.469,13.214],[14.463,13.222],[14.464,13.231],[14.513,13.251],[14.537,13.254],[14.544,13.249],[14.551,13.242],[14.571,13.228],[14.599,13.199],[14.608,13.193],[14.612,13.197],[14.614,13.203],[14.611,13.209],[14.61,13.217],[14.632,13.212],[14.651,13.216],[14.667,13.206],[14.674,13.189],[14.668,13.181],[14.667,13.177],[14.671,13.164],[14.675,13.157],[14.693,13.149],[14.703,13.135],[14.719,13.128],[14.72,13.122],[14.72,13.116],[14.717,13.109],[14.719,13.099],[14.724,13.089],[14.734,13.081]]]}},{"type":"Feature","properties":{"name":"Tana","feature":"Lake","rank":1,"code":"ETH"},"geometry":{"type":"Polygon","coordinates":[[[37.302,11.74],[37.296,11.786],[37.292,11.799],[37.285,11.808],[37.272,11.816],[37.259,11.822],[37.225,11.83],[37.21,11.83],[37.195,11.824],[37.182,11.816],[37.167,11.81],[37.149,11.81],[37.132,11.816],[37.123,11.826],[37.12,11.839],[37.121,11.858],[37.102,11.85],[37.095,11.835],[37.092,11.819],[37.086,11.804],[37.072,11.827],[37.07,11.83],[37.066,11.832],[37.044,11.84],[37.039,11.841],[37.036,11.862],[37.026,11.88],[37.011,11.89],[36.991,11.885],[36.987,11.905],[36.993,11.922],[37.001,11.935],[37.001,11.944],[36.999,11.955],[37.015,12.171],[37.024,12.188],[37.068,12.242],[37.081,12.252],[37.097,12.256],[37.11,12.262],[37.123,12.273],[37.137,12.281],[37.155,12.277],[37.167,12.259],[37.17,12.239],[37.176,12.22],[37.196,12.208],[37.212,12.221],[37.227,12.219],[37.24,12.212],[37.251,12.208],[37.268,12.209],[37.276,12.216],[37.295,12.265],[37.302,12.275],[37.313,12.283],[37.327,12.289],[37.338,12.291],[37.348,12.285],[37.361,12.269],[37.378,12.285],[37.395,12.29],[37.429,12.29],[37.446,12.295],[37.462,12.304],[37.479,12.309],[37.499,12.304],[37.505,12.296],[37.525,12.256],[37.534,12.245],[37.538,12.237],[37.546,12.208],[37.56,12.18],[37.592,12.138],[37.601,12.112],[37.601,12.093],[37.598,12.076],[37.58,12.016],[37.575,12.006],[37.569,12.0],[37.567,11.992],[37.574,11.981],[37.561,11.968],[37.549,11.935],[37.539,11.92],[37.526,11.914],[37.5,11.913],[37.491,11.906],[37.493,11.898],[37.508,11.869],[37.512,11.858],[37.506,11.838],[37.49,11.83],[37.471,11.824],[37.457,11.81],[37.455,11.802],[37.453,11.78],[37.45,11.769],[37.444,11.762],[37.429,11.746],[37.429,11.735],[37.429,11.722],[37.424,11.712],[37.412,11.695],[37.409,11.69],[37.409,11.669],[37.406,11.662],[37.402,11.653],[37.387,11.632],[37.37,11.624],[37.351,11.626],[37.327,11.632],[37.316,11.648],[37.303,11.656],[37.294,11.664],[37.293,11.68],[37.299,11.698],[37.308,11.698],[37.319,11.692],[37.333,11.694],[37.344,11.705],[37.337,11.712],[37.313,11.722],[37.305,11.731],[37.302,11.74]]]}},{"type":"Feature","properties":{"name":"","feature":"Lake","rank":3,"code":"MWI"},"geometry":{"type":"Polygon","coordinates":[[[35.304,-14.559],[35.324,-14.592],[35.326,-14.628],[35.321,-14.638],[35.298,-14.668],[35.296,-14.67],[35.288,-14.673],[35.284,-14.675],[35.284,-14.68],[35.285,-14.691],[35.284,-14.696],[35.281,-14.702],[35.277,-14.705],[35.273,-14.711],[35.271,-14.723],[35.271,-14.732],[35.276,-14.747],[35.278,-14.758],[35.216,-14.714],[35.191,-14.685],[35.202,-14.655],[35.191,-14.609],[35.193,-14.558],[35.214,-14.517],[35.257,-14.504],[35.304,-14.559]]]}},{"type":"Feature","properties":{"name":"Hongze Lake","feature":"Lake","rank":3,"code":"CHN"},"geometry":{"type":"Polygon","coordinates":[[[118.669,33.181],[118.652,33.191],[118.614,33.173],[118.604,33.178],[118.593,33.186],[118.579,33.184],[118.574,33.178],[118.558,33.153],[118.559,33.143],[118.564,33.128],[118.565,33.119],[118.563,33.108],[118.557,33.102],[118.549,33.097],[118.544,33.088],[118.545,33.078],[118.549,33.069],[118.55,33.059],[118.544,33.047],[118.525,33.057],[118.514,33.045],[118.5,33.009],[118.481,32.985],[118.47,32.979],[118.426,32.976],[118.41,32.971],[118.334,32.938],[118.319,32.937],[118.323,32.953],[118.315,32.956],[118.295,32.95],[118.291,32.947],[118.29,32.94],[118.288,32.933],[118.281,32.93],[118.274,32.932],[118.27,32.935],[118.266,32.937],[118.261,32.933],[118.256,32.922],[118.253,32.891],[118.25,32.882],[118.238,32.879],[118.229,32.887],[118.225,32.899],[118.223,32.909],[118.206,32.901],[118.191,32.871],[118.175,32.862],[118.174,32.878],[118.169,32.888],[118.163,32.896],[118.161,32.906],[118.168,32.918],[118.181,32.925],[118.191,32.934],[118.189,32.95],[118.2,32.949],[118.211,32.95],[118.221,32.953],[118.229,32.958],[118.205,32.972],[118.151,33.023],[118.135,33.03],[118.129,33.017],[118.127,32.985],[118.116,32.972],[118.105,32.969],[118.093,32.967],[118.082,32.961],[118.055,32.927],[118.042,32.917],[118.015,32.905],[118.003,32.896],[117.993,32.872],[117.986,32.86],[117.983,32.865],[117.98,32.877],[117.977,32.887],[117.976,32.895],[117.983,32.903],[117.975,32.896],[117.99,32.919],[118.051,32.971],[118.07,32.994],[118.084,33.017],[118.1,33.037],[118.127,33.047],[118.173,33.034],[118.243,32.972],[118.291,32.971],[118.291,32.978],[118.255,32.989],[118.231,33.026],[118.216,33.074],[118.205,33.14],[118.199,33.155],[118.184,33.161],[118.158,33.163],[118.135,33.161],[118.117,33.156],[118.085,33.142],[118.062,33.136],[118.043,33.134],[117.924,33.141],[117.907,33.136],[117.903,33.121],[117.907,33.05],[117.897,33.038],[117.871,33.028],[117.844,33.021],[117.826,33.019],[117.807,33.024],[117.786,33.034],[117.768,33.047],[117.757,33.06],[117.838,33.045],[117.877,33.05],[117.894,33.088],[117.89,33.105],[117.882,33.126],[117.878,33.148],[117.884,33.167],[117.902,33.184],[117.92,33.193],[117.941,33.197],[117.966,33.197],[117.988,33.195],[118.031,33.185],[118.051,33.184],[118.071,33.191],[118.1,33.218],[118.116,33.224],[118.154,33.228],[118.173,33.227],[118.195,33.218],[118.211,33.206],[118.219,33.194],[118.237,33.163],[118.229,33.118],[118.238,33.065],[118.26,33.018],[118.291,32.991],[118.316,32.984],[118.343,32.979],[118.37,32.979],[118.394,32.985],[118.415,33.0],[118.439,33.04],[118.456,33.06],[118.434,33.045],[118.403,33.031],[118.369,33.026],[118.339,33.032],[118.357,33.045],[118.383,33.059],[118.41,33.07],[118.457,33.081],[118.472,33.096],[118.47,33.106],[118.443,33.101],[118.485,33.138],[118.491,33.15],[118.483,33.166],[118.468,33.172],[118.432,33.17],[118.427,33.168],[118.421,33.163],[118.414,33.158],[118.405,33.156],[118.394,33.157],[118.314,33.179],[118.287,33.195],[118.249,33.201],[118.233,33.208],[118.222,33.224],[118.224,33.243],[118.228,33.261],[118.229,33.28],[118.225,33.288],[118.213,33.305],[118.209,33.314],[118.208,33.323],[118.209,33.352],[118.206,33.372],[118.199,33.389],[118.198,33.405],[118.209,33.423],[118.21,33.395],[118.231,33.348],[118.242,33.291],[118.255,33.269],[118.277,33.253],[118.305,33.239],[118.32,33.266],[118.331,33.276],[118.36,33.285],[118.38,33.308],[118.398,33.314],[118.409,33.327],[118.397,33.39],[118.412,33.403],[118.426,33.401],[118.436,33.397],[118.446,33.394],[118.456,33.397],[118.467,33.408],[118.471,33.422],[118.472,33.436],[118.477,33.445],[118.489,33.446],[118.495,33.434],[118.497,33.403],[118.493,33.39],[118.487,33.38],[118.49,33.373],[118.51,33.369],[118.518,33.385],[118.537,33.392],[118.557,33.388],[118.575,33.358],[118.596,33.351],[118.619,33.354],[118.634,33.369],[118.615,33.37],[118.604,33.38],[118.595,33.393],[118.586,33.403],[118.58,33.406],[118.542,33.413],[118.54,33.419],[118.542,33.428],[118.541,33.434],[118.518,33.458],[118.497,33.488],[118.48,33.521],[118.47,33.554],[118.462,33.619],[118.462,33.63],[118.469,33.639],[118.548,33.65],[118.559,33.653],[118.562,33.657],[118.565,33.658],[118.572,33.65],[118.575,33.643],[118.575,33.629],[118.579,33.623],[118.564,33.607],[118.558,33.602],[118.577,33.604],[118.583,33.596],[118.582,33.583],[118.579,33.567],[118.607,33.578],[118.616,33.563],[118.613,33.537],[118.607,33.513],[118.622,33.508],[118.619,33.495],[118.61,33.475],[118.607,33.451],[118.613,33.451],[118.618,33.474],[118.633,33.478],[118.668,33.465],[118.782,33.446],[118.794,33.439],[118.812,33.41],[118.82,33.4],[118.828,33.393],[118.846,33.382],[118.867,33.373],[118.877,33.367],[118.881,33.359],[118.875,33.346],[118.861,33.329],[118.846,33.313],[118.836,33.307],[118.831,33.297],[118.821,33.249],[118.816,33.235],[118.788,33.215],[118.785,33.208],[118.784,33.199],[118.778,33.174],[118.775,33.167],[118.758,33.148],[118.744,33.13],[118.738,33.11],[118.744,33.088],[118.724,33.084],[118.701,33.085],[118.686,33.08],[118.688,33.06],[118.668,33.077],[118.661,33.106],[118.669,33.133],[118.696,33.142],[118.696,33.15],[118.669,33.181]]]}},{"type":"Feature","properties":{"name":"Khövsgöl Nuur","feature":"Lake","rank":3,"code":"MNG"},"geometry":{"type":"Polygon","coordinates":[[[100.767,51.447],[100.785,51.432],[100.796,51.412],[100.795,51.39],[100.781,51.343],[100.789,51.316],[100.769,51.302],[100.772,51.293],[100.778,51.283],[100.779,51.272],[100.776,51.255],[100.767,51.238],[100.74,51.205],[100.734,51.189],[100.728,51.163],[100.716,51.146],[100.708,51.128],[100.714,51.104],[100.724,51.083],[100.731,51.075],[100.742,51.069],[100.722,51.056],[100.701,51.049],[100.682,51.039],[100.672,51.021],[100.693,51.016],[100.702,51.011],[100.71,51.004],[100.712,50.996],[100.692,50.979],[100.687,50.97],[100.682,50.956],[100.672,50.937],[100.657,50.92],[100.642,50.912],[100.624,50.907],[100.571,50.87],[100.56,50.866],[100.538,50.86],[100.529,50.857],[100.519,50.85],[100.512,50.844],[100.506,50.837],[100.502,50.829],[100.495,50.811],[100.494,50.8],[100.498,50.795],[100.505,50.796],[100.514,50.801],[100.519,50.802],[100.524,50.8],[100.528,50.795],[100.529,50.791],[100.517,50.784],[100.51,50.765],[100.498,50.761],[100.486,50.76],[100.473,50.756],[100.46,50.75],[100.45,50.744],[100.44,50.733],[100.441,50.731],[100.44,50.72],[100.442,50.696],[100.44,50.685],[100.422,50.649],[100.423,50.632],[100.447,50.63],[100.446,50.646],[100.46,50.65],[100.48,50.647],[100.495,50.638],[100.497,50.626],[100.483,50.612],[100.488,50.603],[100.481,50.593],[100.471,50.589],[100.459,50.59],[100.447,50.597],[100.433,50.589],[100.433,50.583],[100.464,50.572],[100.474,50.569],[100.474,50.562],[100.462,50.558],[100.45,50.556],[100.423,50.555],[100.417,50.551],[100.41,50.541],[100.4,50.532],[100.389,50.528],[100.322,50.543],[100.296,50.542],[100.286,50.537],[100.275,50.529],[100.263,50.526],[100.241,50.537],[100.228,50.535],[100.218,50.529],[100.211,50.51],[100.198,50.488],[100.193,50.479],[100.196,50.469],[100.197,50.461],[100.193,50.453],[100.178,50.466],[100.167,50.489],[100.161,50.515],[100.159,50.534],[100.165,50.562],[100.178,50.575],[100.194,50.586],[100.207,50.603],[100.196,50.613],[100.196,50.624],[100.203,50.635],[100.214,50.644],[100.231,50.653],[100.245,50.658],[100.246,50.661],[100.257,50.674],[100.262,50.678],[100.255,50.683],[100.241,50.699],[100.25,50.713],[100.249,50.731],[100.241,50.764],[100.241,50.85],[100.247,50.894],[100.296,51.015],[100.305,51.05],[100.31,51.086],[100.316,51.106],[100.327,51.121],[100.335,51.136],[100.33,51.158],[100.285,51.231],[100.267,51.269],[100.262,51.309],[100.267,51.328],[100.277,51.343],[100.291,51.35],[100.31,51.35],[100.31,51.348],[100.312,51.341],[100.317,51.334],[100.324,51.33],[100.405,51.347],[100.432,51.367],[100.451,51.394],[100.468,51.425],[100.458,51.443],[100.449,51.45],[100.437,51.45],[100.419,51.446],[100.385,51.434],[100.367,51.432],[100.358,51.443],[100.36,51.456],[100.367,51.468],[100.376,51.477],[100.389,51.48],[100.401,51.485],[100.413,51.497],[100.432,51.52],[100.491,51.537],[100.505,51.546],[100.511,51.557],[100.511,51.565],[100.508,51.574],[100.508,51.583],[100.515,51.591],[100.523,51.596],[100.527,51.602],[100.523,51.611],[100.55,51.62],[100.571,51.612],[100.591,51.598],[100.615,51.59],[100.621,51.579],[100.646,51.515],[100.659,51.498],[100.679,51.48],[100.7,51.466],[100.721,51.46],[100.745,51.457],[100.767,51.447]]]}},{"type":"Feature","properties":{"name":"Mweru","feature":"Lake","rank":3,"code":"ZMB"},"geometry":{"type":"Polygon","coordinates":[[[29.127,-8.621],[29.143,-8.641],[29.149,-8.658],[29.147,-8.676],[29.086,-8.827],[29.046,-8.894],[29.024,-8.961],[29.008,-8.988],[28.996,-8.997],[28.954,-9.024],[28.935,-9.029],[28.92,-9.037],[28.911,-9.055],[28.903,-9.078],[28.891,-9.098],[28.849,-9.132],[28.83,-9.153],[28.816,-9.195],[28.802,-9.208],[28.774,-9.228],[28.765,-9.241],[28.755,-9.265],[28.747,-9.276],[28.727,-9.293],[28.718,-9.304],[28.713,-9.317],[28.712,-9.333],[28.724,-9.347],[28.727,-9.364],[28.714,-9.398],[28.714,-9.414],[28.733,-9.42],[28.72,-9.445],[28.702,-9.438],[28.665,-9.399],[28.655,-9.405],[28.647,-9.406],[28.641,-9.402],[28.634,-9.396],[28.625,-9.391],[28.616,-9.393],[28.608,-9.397],[28.58,-9.404],[28.541,-9.422],[28.521,-9.426],[28.527,-9.41],[28.524,-9.392],[28.515,-9.378],[28.5,-9.378],[28.5,-9.364],[28.483,-9.387],[28.483,-9.445],[28.459,-9.468],[28.481,-9.473],[28.507,-9.474],[28.526,-9.481],[28.528,-9.509],[28.504,-9.503],[28.455,-9.524],[28.425,-9.529],[28.397,-9.528],[28.384,-9.525],[28.373,-9.519],[28.357,-9.515],[28.33,-9.528],[28.315,-9.522],[28.329,-9.509],[28.322,-9.496],[28.326,-9.488],[28.346,-9.471],[28.352,-9.458],[28.352,-9.443],[28.349,-9.423],[28.34,-9.398],[28.324,-9.379],[28.315,-9.361],[28.329,-9.338],[28.319,-9.317],[28.326,-9.285],[28.315,-9.276],[28.328,-9.259],[28.339,-9.233],[28.345,-9.207],[28.339,-9.19],[28.326,-9.171],[28.321,-9.149],[28.323,-9.125],[28.329,-9.104],[28.342,-9.082],[28.401,-9.04],[28.423,-9.012],[28.428,-9.009],[28.466,-8.988],[28.487,-8.964],[28.521,-8.906],[28.541,-8.878],[28.614,-8.813],[28.666,-8.748],[28.757,-8.655],[28.869,-8.495],[28.891,-8.481],[28.909,-8.483],[28.938,-8.508],[28.956,-8.515],[28.98,-8.52],[29.001,-8.532],[29.042,-8.562],[29.107,-8.602],[29.127,-8.621]]]}},{"type":"Feature","properties":{"name":"Tonlé Sap","feature":"Lake","rank":3,"code":"KHM"},"geometry":{"type":"Polygon","coordinates":[[[104.604,12.433],[104.613,12.416],[104.62,12.379],[104.61,12.384],[104.608,12.39],[104.61,12.398],[104.606,12.406],[104.596,12.418],[104.591,12.423],[104.585,12.427],[104.546,12.449],[104.534,12.458],[104.516,12.477],[104.507,12.489],[104.504,12.499],[104.496,12.511],[104.479,12.515],[104.458,12.518],[104.442,12.523],[104.436,12.518],[104.408,12.509],[104.4,12.514],[104.353,12.526],[104.319,12.544],[104.298,12.558],[104.288,12.563],[104.262,12.566],[104.223,12.576],[104.212,12.581],[104.196,12.597],[104.158,12.654],[104.151,12.66],[104.149,12.663],[104.15,12.67],[104.152,12.677],[104.154,12.684],[104.151,12.693],[104.145,12.693],[104.138,12.691],[104.133,12.694],[104.13,12.706],[104.131,12.716],[104.14,12.742],[104.12,12.748],[104.117,12.761],[104.127,12.797],[104.111,12.789],[104.103,12.797],[104.092,12.825],[104.079,12.804],[104.065,12.797],[104.047,12.794],[104.023,12.783],[104.013,12.796],[104.011,12.802],[104.01,12.811],[103.986,12.802],[103.972,12.812],[103.956,12.845],[103.941,12.834],[103.924,12.844],[103.91,12.863],[103.9,12.879],[103.9,12.872],[103.889,12.873],[103.878,12.881],[103.867,12.893],[103.859,12.907],[103.859,12.903],[103.859,12.901],[103.857,12.9],[103.853,12.9],[103.859,12.893],[103.857,12.888],[103.854,12.882],[103.853,12.875],[103.853,12.865],[103.841,12.877],[103.845,12.889],[103.851,12.9],[103.846,12.913],[103.833,12.92],[103.821,12.918],[103.81,12.919],[103.799,12.934],[103.788,12.981],[103.777,13.0],[103.75,13.01],[103.754,13.018],[103.76,13.024],[103.768,13.028],[103.778,13.03],[103.778,13.037],[103.748,13.055],[103.727,13.078],[103.714,13.11],[103.705,13.174],[103.691,13.214],[103.689,13.229],[103.694,13.246],[103.705,13.261],[103.72,13.268],[103.782,13.246],[103.805,13.243],[103.826,13.249],[103.829,13.242],[103.84,13.229],[103.852,13.234],[103.864,13.233],[103.876,13.228],[103.887,13.221],[103.902,13.225],[103.985,13.198],[103.999,13.19],[104.011,13.18],[104.074,13.109],[104.127,12.962],[104.133,12.962],[104.169,12.902],[104.173,12.878],[104.209,12.825],[104.219,12.782],[104.226,12.764],[104.239,12.745],[104.256,12.737],[104.278,12.736],[104.391,12.757],[104.424,12.752],[104.456,12.729],[104.466,12.716],[104.472,12.703],[104.476,12.687],[104.476,12.663],[104.472,12.645],[104.453,12.616],[104.449,12.605],[104.456,12.595],[104.47,12.587],[104.484,12.578],[104.49,12.561],[104.484,12.552],[104.469,12.55],[104.452,12.553],[104.442,12.557],[104.444,12.548],[104.447,12.541],[104.456,12.53],[104.463,12.53],[104.469,12.536],[104.481,12.543],[104.492,12.544],[104.497,12.534],[104.5,12.529],[104.508,12.541],[104.517,12.564],[104.525,12.564],[104.519,12.537],[104.521,12.527],[104.549,12.519],[104.565,12.51],[104.579,12.5],[104.585,12.492],[104.589,12.481],[104.594,12.471],[104.594,12.466],[104.579,12.468],[104.566,12.474],[104.541,12.49],[104.525,12.496],[104.534,12.481],[104.549,12.463],[104.567,12.447],[104.582,12.441],[104.604,12.433]]]}},{"type":"Feature","properties":{"name":"Hulun","feature":"Lake","rank":4,"code":"CHN"},"geometry":{"type":"Polygon","coordinates":[[[117.312,48.62],[117.292,48.598],[117.267,48.589],[117.242,48.583],[117.216,48.573],[117.189,48.566],[117.161,48.572],[117.137,48.566],[117.102,48.55],[117.069,48.544],[117.051,48.568],[117.091,48.569],[117.108,48.575],[117.12,48.589],[117.113,48.599],[117.114,48.607],[117.122,48.613],[117.134,48.616],[117.126,48.63],[117.154,48.629],[117.17,48.641],[117.171,48.657],[117.153,48.664],[117.148,48.663],[117.139,48.657],[117.134,48.658],[117.112,48.671],[117.099,48.676],[117.09,48.679],[117.078,48.678],[117.085,48.691],[117.107,48.709],[117.112,48.719],[117.109,48.732],[117.098,48.744],[117.085,48.753],[117.071,48.76],[117.062,48.762],[117.046,48.763],[117.037,48.767],[117.033,48.773],[117.035,48.782],[117.03,48.788],[117.018,48.793],[116.992,48.797],[116.976,48.801],[116.976,48.808],[116.995,48.812],[116.993,48.822],[116.976,48.842],[116.978,48.856],[116.985,48.867],[116.994,48.875],[117.003,48.877],[117.005,48.895],[117.019,48.899],[117.038,48.897],[117.058,48.897],[117.107,48.92],[117.126,48.924],[117.123,48.928],[117.121,48.931],[117.119,48.934],[117.112,48.938],[117.119,48.947],[117.126,48.952],[117.147,48.959],[117.264,49.021],[117.287,49.028],[117.309,49.038],[117.326,49.054],[117.332,49.079],[117.339,49.096],[117.557,49.303],[117.565,49.318],[117.57,49.326],[117.583,49.328],[117.625,49.33],[117.636,49.333],[117.645,49.337],[117.654,49.343],[117.683,49.369],[117.701,49.378],[117.709,49.366],[117.705,49.352],[117.7,49.341],[117.703,49.331],[117.723,49.322],[117.723,49.315],[117.707,49.311],[117.693,49.296],[117.682,49.28],[117.675,49.266],[117.668,49.243],[117.667,49.222],[117.678,49.212],[117.7,49.205],[117.71,49.189],[117.717,49.17],[117.73,49.157],[117.727,49.166],[117.725,49.167],[117.739,49.184],[117.764,49.183],[117.788,49.172],[117.798,49.154],[117.796,49.149],[117.786,49.131],[117.784,49.119],[117.791,49.114],[117.832,49.103],[117.879,49.1],[118.01,49.13],[118.033,49.131],[118.048,49.127],[118.056,49.113],[118.058,49.085],[118.053,49.068],[118.042,49.05],[118.026,49.036],[118.01,49.028],[117.983,49.024],[117.904,49.034],[117.856,49.024],[117.837,49.025],[117.826,49.041],[117.83,49.04],[117.836,49.042],[117.843,49.046],[117.846,49.051],[117.845,49.06],[117.841,49.061],[117.834,49.059],[117.826,49.062],[117.788,49.092],[117.77,49.092],[117.746,49.071],[117.709,49.028],[117.728,49.027],[117.735,49.014],[117.744,48.972],[117.684,48.976],[117.667,48.972],[117.653,48.962],[117.64,48.947],[117.62,48.918],[117.6,48.894],[117.509,48.82],[117.458,48.788],[117.304,48.726],[117.304,48.719],[117.333,48.722],[117.347,48.716],[117.348,48.698],[117.339,48.671],[117.328,48.647],[117.312,48.62]]]}},{"type":"Feature","properties":{"name":"Bangweulu","feature":"Lake","rank":4,"code":"ZMB"},"geometry":{"type":"Polygon","coordinates":[[[30.037,-10.976],[30.041,-10.985],[30.042,-10.999],[30.039,-11.007],[30.021,-11.027],[30.015,-11.037],[30.001,-11.095],[29.988,-11.123],[29.967,-11.14],[29.98,-11.098],[29.983,-11.079],[29.977,-11.071],[29.959,-11.077],[29.935,-11.089],[29.911,-11.107],[29.898,-11.126],[29.9,-11.146],[29.912,-11.16],[29.926,-11.171],[29.932,-11.184],[29.936,-11.2],[29.95,-11.231],[29.953,-11.249],[29.948,-11.276],[29.936,-11.291],[29.902,-11.314],[29.895,-11.322],[29.89,-11.333],[29.886,-11.345],[29.885,-11.355],[29.88,-11.361],[29.85,-11.372],[29.824,-11.419],[29.813,-11.427],[29.787,-11.422],[29.77,-11.411],[29.753,-11.405],[29.728,-11.413],[29.723,-11.417],[29.714,-11.429],[29.707,-11.434],[29.699,-11.429],[29.693,-11.427],[29.687,-11.429],[29.679,-11.434],[29.654,-11.422],[29.604,-11.409],[29.583,-11.4],[29.565,-11.384],[29.553,-11.366],[29.548,-11.342],[29.549,-11.311],[29.599,-11.191],[29.621,-11.157],[29.665,-11.106],[29.684,-11.078],[29.699,-11.043],[29.688,-11.062],[29.641,-11.109],[29.626,-11.128],[29.59,-11.202],[29.566,-11.235],[29.563,-11.246],[29.559,-11.255],[29.548,-11.255],[29.503,-11.243],[29.493,-11.226],[29.48,-11.181],[29.49,-11.169],[29.502,-11.163],[29.513,-11.165],[29.522,-11.174],[29.523,-11.191],[29.511,-11.221],[29.514,-11.236],[29.53,-11.213],[29.539,-11.188],[29.552,-11.168],[29.58,-11.16],[29.592,-11.15],[29.631,-11.095],[29.635,-11.075],[29.645,-11.056],[29.666,-11.024],[29.679,-11.01],[29.695,-10.997],[29.71,-10.982],[29.72,-10.961],[29.705,-10.95],[29.722,-10.931],[29.74,-10.923],[29.734,-10.948],[29.741,-10.948],[29.755,-10.92],[29.762,-10.92],[29.755,-10.939],[29.732,-10.977],[29.728,-10.996],[29.734,-10.996],[29.761,-10.943],[29.778,-10.917],[29.796,-10.906],[29.796,-10.914],[29.773,-10.94],[29.721,-11.025],[29.713,-11.051],[29.723,-11.037],[29.762,-10.996],[29.784,-10.937],[29.792,-10.927],[29.802,-10.921],[29.817,-10.905],[29.831,-10.888],[29.837,-10.875],[29.842,-10.872],[29.881,-10.872],[29.892,-10.868],[29.911,-10.848],[29.926,-10.845],[29.927,-10.859],[29.939,-10.873],[29.967,-10.893],[29.991,-10.927],[29.998,-10.929],[30.007,-10.933],[30.015,-10.94],[30.021,-10.948],[30.017,-10.951],[30.012,-10.958],[30.008,-10.961],[30.015,-10.982],[30.028,-10.974],[30.037,-10.976]]]}},{"type":"Feature","properties":{"name":"Kivu","feature":"Lake","rank":4,"code":"COD"},"geometry":{"type":"Polygon","coordinates":[[[29.333,-2.051],[29.326,-2.057],[29.316,-2.06],[29.32,-2.069],[29.322,-2.08],[29.321,-2.091],[29.316,-2.101],[29.304,-2.079],[29.297,-2.073],[29.288,-2.073],[29.281,-2.083],[29.277,-2.098],[29.275,-2.128],[29.268,-2.128],[29.263,-2.118],[29.263,-2.107],[29.268,-2.08],[29.254,-2.087],[29.248,-2.1],[29.248,-2.132],[29.253,-2.137],[29.263,-2.143],[29.272,-2.153],[29.275,-2.169],[29.252,-2.148],[29.224,-2.15],[29.206,-2.168],[29.214,-2.197],[29.194,-2.195],[29.183,-2.206],[29.181,-2.225],[29.186,-2.245],[29.193,-2.242],[29.2,-2.238],[29.196,-2.252],[29.185,-2.256],[29.171,-2.253],[29.158,-2.245],[29.117,-2.327],[29.119,-2.315],[29.123,-2.298],[29.124,-2.286],[29.117,-2.286],[29.114,-2.298],[29.109,-2.307],[29.096,-2.321],[29.097,-2.316],[29.093,-2.313],[29.087,-2.312],[29.083,-2.313],[29.081,-2.318],[29.082,-2.332],[29.08,-2.338],[29.07,-2.353],[29.065,-2.37],[29.058,-2.385],[29.042,-2.395],[29.053,-2.376],[29.062,-2.355],[29.053,-2.34],[29.052,-2.315],[29.047,-2.292],[29.028,-2.286],[29.02,-2.291],[29.014,-2.3],[29.001,-2.347],[28.996,-2.354],[28.994,-2.356],[28.991,-2.357],[28.986,-2.361],[28.968,-2.375],[28.924,-2.392],[28.905,-2.409],[28.894,-2.435],[28.887,-2.462],[28.874,-2.478],[28.843,-2.47],[28.843,-2.463],[28.837,-2.448],[28.835,-2.429],[28.836,-2.392],[28.842,-2.373],[28.855,-2.36],[28.95,-2.312],[28.96,-2.31],[28.962,-2.293],[28.972,-2.264],[28.973,-2.245],[28.933,-2.291],[28.911,-2.311],[28.884,-2.327],[28.919,-2.279],[28.926,-2.253],[28.912,-2.224],[28.903,-2.228],[28.897,-2.234],[28.893,-2.242],[28.891,-2.252],[28.888,-2.25],[28.88,-2.247],[28.877,-2.245],[28.873,-2.251],[28.871,-2.254],[28.868,-2.256],[28.863,-2.259],[28.864,-2.24],[28.866,-2.232],[28.871,-2.224],[28.86,-2.218],[28.858,-2.207],[28.865,-2.195],[28.877,-2.183],[28.872,-2.18],[28.869,-2.176],[28.867,-2.173],[28.863,-2.169],[28.889,-2.165],[28.898,-2.15],[28.888,-2.138],[28.857,-2.142],[28.883,-2.115],[28.931,-2.086],[28.967,-2.053],[28.956,-2.015],[28.952,-2.007],[28.951,-1.996],[28.949,-1.987],[28.942,-1.984],[28.925,-1.981],[28.92,-1.983],[28.918,-1.994],[28.907,-2.007],[28.905,-2.015],[28.915,-2.019],[28.917,-2.024],[28.911,-2.035],[28.9,-2.047],[28.891,-2.053],[28.891,-2.029],[28.889,-2.019],[28.884,-2.012],[28.895,-2.0],[28.901,-1.989],[28.912,-1.963],[28.928,-1.968],[28.946,-1.944],[28.994,-1.833],[29.004,-1.822],[29.015,-1.813],[29.024,-1.803],[29.028,-1.786],[29.014,-1.793],[29.014,-1.752],[29.032,-1.754],[29.048,-1.74],[29.093,-1.671],[29.096,-1.662],[29.097,-1.65],[29.095,-1.639],[29.083,-1.614],[29.079,-1.622],[29.028,-1.678],[29.021,-1.69],[29.014,-1.69],[29.017,-1.664],[29.028,-1.629],[29.043,-1.599],[29.059,-1.587],[29.077,-1.589],[29.088,-1.596],[29.107,-1.618],[29.12,-1.625],[29.15,-1.632],[29.161,-1.638],[29.173,-1.651],[29.195,-1.669],[29.206,-1.676],[29.246,-1.691],[29.255,-1.697],[29.256,-1.703],[29.254,-1.709],[29.25,-1.715],[29.248,-1.721],[29.251,-1.723],[29.264,-1.727],[29.268,-1.73],[29.272,-1.741],[29.273,-1.754],[29.271,-1.768],[29.261,-1.779],[29.277,-1.799],[29.28,-1.848],[29.288,-1.868],[29.276,-1.887],[29.285,-1.908],[29.309,-1.933],[29.312,-1.926],[29.317,-1.933],[29.321,-1.945],[29.322,-1.95],[29.331,-1.971],[29.338,-1.977],[29.35,-1.97],[29.346,-1.989],[29.352,-2.006],[29.36,-2.021],[29.364,-2.036],[29.361,-2.051],[29.356,-2.051],[29.35,-2.044],[29.35,-2.039],[29.34,-2.045],[29.333,-2.051]],[[29.1,-1.956],[29.117,-1.943],[29.115,-1.928],[29.107,-1.919],[29.097,-1.919],[29.09,-1.929],[29.086,-1.926],[29.082,-1.924],[29.079,-1.921],[29.076,-1.916],[29.051,-1.952],[29.044,-1.972],[29.042,-1.998],[29.057,-1.991],[29.062,-2.0],[29.056,-2.032],[29.05,-2.049],[29.028,-2.088],[29.029,-2.09],[29.022,-2.114],[29.021,-2.118],[29.019,-2.134],[29.017,-2.142],[29.014,-2.149],[29.006,-2.161],[28.996,-2.173],[28.986,-2.186],[28.98,-2.203],[28.987,-2.201],[29.001,-2.199],[29.008,-2.197],[29.004,-2.206],[29.004,-2.212],[29.007,-2.217],[29.014,-2.224],[29.018,-2.221],[29.02,-2.22],[29.023,-2.22],[29.028,-2.217],[29.02,-2.225],[29.015,-2.235],[29.014,-2.246],[29.014,-2.259],[29.036,-2.262],[29.069,-2.246],[29.094,-2.22],[29.093,-2.193],[29.09,-2.174],[29.11,-2.134],[29.107,-2.118],[29.098,-2.105],[29.094,-2.093],[29.088,-2.082],[29.076,-2.073],[29.076,-2.067],[29.085,-2.066],[29.089,-2.064],[29.09,-2.059],[29.09,-2.05],[29.093,-2.045],[29.108,-2.039],[29.114,-2.036],[29.115,-2.027],[29.106,-2.0],[29.102,-1.979],[29.099,-1.973],[29.096,-1.967],[29.096,-1.957],[29.1,-1.956]]]}},{"type":"Feature","properties":{"name":"Edward","feature":"Lake","rank":4,"code":"COD"},"geometry":{"type":"Polygon","coordinates":[[[29.47,-0.616],[29.452,-0.607],[29.438,-0.61],[29.439,-0.62],[29.427,-0.637],[29.411,-0.667],[29.398,-0.682],[29.397,-0.678],[29.392,-0.669],[29.381,-0.683],[29.377,-0.69],[29.37,-0.69],[29.369,-0.678],[29.37,-0.668],[29.373,-0.657],[29.377,-0.648],[29.378,-0.623],[29.376,-0.61],[29.37,-0.6],[29.356,-0.593],[29.319,-0.594],[29.309,-0.593],[29.311,-0.567],[29.334,-0.539],[29.344,-0.514],[29.309,-0.497],[29.32,-0.482],[29.331,-0.476],[29.343,-0.472],[29.357,-0.464],[29.366,-0.453],[29.38,-0.43],[29.392,-0.422],[29.384,-0.398],[29.392,-0.376],[29.429,-0.336],[29.438,-0.319],[29.447,-0.257],[29.464,-0.216],[29.493,-0.181],[29.532,-0.155],[29.639,-0.123],[29.655,-0.121],[29.675,-0.114],[29.686,-0.1],[29.694,-0.084],[29.707,-0.073],[29.732,-0.069],[29.754,-0.078],[29.769,-0.094],[29.775,-0.117],[29.781,-0.126],[29.792,-0.127],[29.804,-0.127],[29.81,-0.131],[29.81,-0.143],[29.811,-0.152],[29.815,-0.158],[29.823,-0.162],[29.836,-0.164],[29.846,-0.159],[29.854,-0.153],[29.864,-0.148],[29.889,-0.141],[29.902,-0.14],[29.901,-0.149],[29.888,-0.191],[29.879,-0.255],[29.867,-0.294],[29.85,-0.329],[29.83,-0.36],[29.815,-0.374],[29.782,-0.39],[29.747,-0.42],[29.727,-0.426],[29.707,-0.429],[29.686,-0.436],[29.672,-0.447],[29.649,-0.477],[29.635,-0.483],[29.626,-0.491],[29.611,-0.546],[29.588,-0.58],[29.555,-0.603],[29.48,-0.641],[29.47,-0.616]]]}},{"type":"Feature","properties":{"name":"Tai","feature":"Lake","rank":4,"code":"CHN"},"geometry":{"type":"Polygon","coordinates":[[[120.563,31.173],[120.577,31.173],[120.601,31.086],[120.59,31.077],[120.543,31.056],[120.521,31.04],[120.389,30.96],[120.304,30.93],[120.213,30.92],[120.128,30.943],[120.051,30.995],[120.025,31.022],[119.962,31.068],[119.943,31.086],[119.939,31.099],[119.937,31.113],[119.936,31.138],[119.932,31.15],[119.913,31.172],[119.909,31.187],[119.905,31.212],[119.899,31.23],[119.898,31.248],[119.909,31.271],[119.917,31.291],[119.964,31.354],[119.984,31.397],[119.999,31.416],[120.019,31.429],[120.009,31.448],[120.014,31.461],[120.028,31.469],[120.042,31.471],[120.072,31.468],[120.092,31.469],[120.1,31.474],[120.105,31.491],[120.117,31.497],[120.133,31.5],[120.149,31.505],[120.16,31.516],[120.17,31.53],[120.183,31.541],[120.203,31.546],[120.201,31.539],[120.196,31.532],[120.212,31.536],[120.229,31.538],[120.241,31.534],[120.238,31.519],[120.279,31.519],[120.279,31.512],[120.269,31.506],[120.264,31.496],[120.263,31.485],[120.264,31.471],[120.258,31.471],[120.252,31.487],[120.244,31.502],[120.233,31.514],[120.217,31.519],[120.225,31.5],[120.224,31.486],[120.219,31.473],[120.208,31.428],[120.209,31.413],[120.224,31.402],[120.251,31.406],[120.285,31.423],[120.317,31.444],[120.337,31.461],[120.349,31.461],[120.369,31.457],[120.39,31.451],[120.402,31.444],[120.404,31.431],[120.392,31.403],[120.388,31.385],[120.38,31.369],[120.362,31.364],[120.342,31.364],[120.326,31.361],[120.316,31.351],[120.296,31.315],[120.292,31.306],[120.331,31.33],[120.344,31.333],[120.357,31.33],[120.361,31.322],[120.355,31.314],[120.34,31.313],[120.345,31.3],[120.336,31.291],[120.33,31.282],[120.34,31.265],[120.352,31.259],[120.364,31.257],[120.377,31.255],[120.388,31.244],[120.354,31.224],[120.38,31.217],[120.447,31.223],[120.47,31.217],[120.475,31.193],[120.428,31.144],[120.426,31.125],[120.435,31.109],[120.421,31.107],[120.403,31.111],[120.399,31.114],[120.384,31.11],[120.37,31.091],[120.358,31.086],[120.352,31.082],[120.331,31.058],[120.326,31.049],[120.332,31.038],[120.344,31.028],[120.367,31.011],[120.376,31.016],[120.385,31.016],[120.394,31.012],[120.402,31.005],[120.415,31.03],[120.444,31.07],[120.45,31.097],[120.462,31.111],[120.491,31.116],[120.524,31.114],[120.546,31.107],[120.547,31.128],[120.553,31.154],[120.563,31.173]]]}},{"type":"Feature","properties":{"name":"Namtso","feature":"Lake","rank":4,"code":"CHN"},"geometry":{"type":"Polygon","coordinates":[[[90.394,30.535],[90.384,30.523],[90.361,30.511],[90.338,30.504],[90.325,30.511],[90.325,30.516],[90.327,30.519],[90.332,30.524],[90.338,30.54],[90.325,30.552],[90.307,30.565],[90.298,30.583],[90.302,30.592],[90.316,30.61],[90.315,30.614],[90.285,30.623],[90.278,30.628],[90.278,30.646],[90.299,30.696],[90.304,30.713],[90.301,30.736],[90.278,30.792],[90.272,30.836],[90.285,30.87],[90.315,30.887],[90.36,30.882],[90.381,30.875],[90.401,30.874],[90.417,30.881],[90.428,30.883],[90.439,30.878],[90.48,30.829],[90.497,30.819],[90.521,30.814],[90.583,30.813],[90.595,30.817],[90.612,30.836],[90.623,30.84],[90.682,30.84],[90.658,30.866],[90.67,30.888],[90.706,30.912],[90.711,30.909],[90.718,30.908],[90.733,30.909],[90.743,30.907],[90.747,30.903],[90.747,30.898],[90.75,30.895],[90.763,30.891],[90.779,30.888],[90.792,30.89],[90.798,30.898],[90.804,30.902],[90.833,30.88],[90.839,30.885],[90.845,30.887],[90.875,30.863],[90.887,30.861],[90.889,30.871],[90.881,30.905],[90.884,30.919],[90.895,30.922],[90.906,30.914],[90.917,30.901],[90.929,30.895],[90.933,30.922],[90.939,30.932],[90.953,30.936],[90.968,30.936],[90.984,30.933],[90.998,30.926],[91.004,30.912],[91.008,30.907],[91.025,30.886],[91.031,30.874],[91.03,30.862],[91.008,30.8],[90.995,30.788],[90.978,30.785],[90.846,30.785],[90.864,30.714],[90.799,30.658],[90.633,30.593],[90.591,30.582],[90.555,30.579],[90.535,30.565],[90.523,30.559],[90.512,30.568],[90.499,30.566],[90.435,30.546],[90.411,30.545],[90.399,30.542],[90.394,30.535]]]}},{"type":"Feature","properties":{"name":"","feature":"Lake","rank":4,"code":"CHN"},"geometry":{"type":"Polygon","coordinates":[[[114.434,30.066],[114.436,30.067],[114.437,30.067],[114.436,30.066],[114.434,30.066]]]}},{"type":"Feature","properties":{"name":"","feature":"Lake","rank":4,"code":"CHN"},"geometry":{"type":"Polygon","coordinates":[[[114.44,30.067],[114.437,30.067],[114.441,30.069],[114.44,30.067]]]}},{"type":"Feature","properties":{"name":"","feature":"Lake","rank":4,"code":"KAZ"},"geometry":{"type":"Polygon","coordinates":[[[81.374,46.096],[81.376,46.093],[81.377,46.09],[81.376,46.088],[81.376,46.087],[81.369,46.102],[81.372,46.099],[81.374,46.096]]]}},{"type":"Feature","properties":{"name":"Bosten","feature":"Lake","rank":4,"code":"CHN"},"geometry":{"type":"Polygon","coordinates":[[[87.434,41.849],[87.417,41.839],[87.378,41.845],[87.31,41.866],[87.313,41.87],[87.316,41.873],[87.307,41.884],[87.296,41.893],[87.281,41.884],[87.249,41.893],[87.212,41.907],[87.134,41.922],[87.05,41.912],[86.915,41.876],[86.875,41.873],[86.844,41.866],[86.787,41.835],[86.753,41.825],[86.737,41.834],[86.698,41.833],[86.68,41.845],[86.725,41.855],[86.734,41.859],[86.735,41.864],[86.735,41.871],[86.733,41.877],[86.731,41.88],[86.722,41.883],[86.721,41.89],[86.727,41.904],[86.73,41.909],[86.745,41.925],[86.748,41.931],[86.75,41.946],[86.755,41.96],[86.763,41.973],[86.775,41.983],[86.803,41.991],[86.827,41.993],[86.844,42.003],[86.851,42.034],[86.846,42.038],[86.836,42.049],[86.83,42.06],[86.834,42.065],[86.838,42.069],[86.831,42.078],[86.819,42.087],[86.81,42.092],[86.814,42.101],[86.814,42.107],[86.811,42.112],[86.803,42.12],[86.817,42.134],[86.835,42.121],[86.858,42.115],[86.934,42.11],[87.074,42.061],[87.17,42.048],[87.187,42.052],[87.196,42.047],[87.253,42.035],[87.312,42.032],[87.337,42.024],[87.354,42.003],[87.357,41.975],[87.351,41.914],[87.364,41.918],[87.377,41.913],[87.388,41.903],[87.392,41.89],[87.398,41.881],[87.427,41.859],[87.434,41.849]]]}},{"type":"Feature","properties":{"name":"","feature":"Lake","rank":4,"code":"KAZ"},"geometry":{"type":"Polygon","coordinates":[[[84.227,47.725],[84.213,47.732],[84.221,47.729],[84.227,47.725]]]}},{"type":"Feature","properties":{"name":"","feature":"Lake","rank":4,"code":"UGA"},"geometry":{"type":"Polygon","coordinates":[[[33.158,1.632],[33.161,1.634],[33.156,1.63],[33.155,1.631],[33.156,1.632],[33.158,1.632]]]}},{"type":"Feature","properties":{"name":"Poyang","feature":"Lake","rank":4,"code":"CHN"},"geometry":{"type":"Polygon","coordinates":[[[116.678,29.173],[116.688,29.168],[116.715,29.137],[116.715,29.097],[116.708,29.083],[116.688,29.079],[116.691,29.092],[116.69,29.112],[116.684,29.128],[116.657,29.127],[116.646,29.113],[116.637,29.092],[116.633,29.072],[116.626,29.074],[116.623,29.076],[116.619,29.079],[116.624,29.086],[116.627,29.094],[116.628,29.104],[116.626,29.113],[116.624,29.121],[116.619,29.131],[116.615,29.136],[116.607,29.117],[116.593,29.122],[116.577,29.134],[116.565,29.141],[116.557,29.137],[116.543,29.122],[116.537,29.119],[116.53,29.124],[116.523,29.132],[116.519,29.142],[116.517,29.151],[116.507,29.161],[116.488,29.16],[116.476,29.152],[116.489,29.141],[116.483,29.125],[116.493,29.112],[116.508,29.104],[116.523,29.1],[116.517,29.086],[116.532,29.08],[116.537,29.079],[116.537,29.072],[116.512,29.07],[116.486,29.046],[116.461,29.051],[116.46,29.036],[116.461,29.024],[116.469,29.017],[116.482,29.017],[116.48,28.999],[116.49,28.984],[116.504,28.97],[116.517,28.956],[116.522,28.941],[116.522,28.925],[116.518,28.909],[116.509,28.894],[116.525,28.89],[116.535,28.895],[116.545,28.898],[116.558,28.887],[116.551,28.88],[116.558,28.874],[116.541,28.866],[116.534,28.861],[116.531,28.856],[116.533,28.846],[116.541,28.831],[116.543,28.825],[116.541,28.813],[116.535,28.797],[116.527,28.782],[116.517,28.777],[116.523,28.791],[116.519,28.792],[116.516,28.793],[116.513,28.795],[116.509,28.798],[116.482,28.791],[116.472,28.791],[116.462,28.794],[116.456,28.803],[116.453,28.815],[116.448,28.825],[116.439,28.836],[116.43,28.843],[116.423,28.85],[116.421,28.863],[116.424,28.874],[116.432,28.883],[116.455,28.894],[116.426,28.9],[116.405,28.874],[116.388,28.84],[116.373,28.818],[116.366,28.825],[116.371,28.833],[116.393,28.878],[116.419,28.918],[116.425,28.93],[116.428,28.943],[116.427,28.956],[116.421,28.966],[116.414,28.961],[116.409,28.949],[116.407,28.935],[116.398,28.941],[116.393,28.938],[116.386,28.921],[116.388,28.92],[116.393,28.906],[116.393,28.9],[116.391,28.899],[116.381,28.894],[116.38,28.89],[116.373,28.87],[116.358,28.85],[116.342,28.841],[116.331,28.853],[116.334,28.864],[116.355,28.883],[116.359,28.894],[116.354,28.905],[116.344,28.908],[116.335,28.908],[116.331,28.911],[116.333,28.925],[116.339,28.941],[116.359,28.976],[116.344,28.981],[116.33,28.983],[116.268,28.98],[116.261,28.986],[116.27,29.004],[116.264,29.008],[116.26,29.013],[116.257,29.019],[116.255,29.028],[116.252,29.031],[116.207,29.033],[116.198,29.038],[116.195,29.051],[116.188,29.051],[116.174,29.039],[116.156,29.047],[116.143,29.066],[116.146,29.086],[116.132,29.083],[116.116,29.077],[116.103,29.078],[116.094,29.114],[116.082,29.126],[116.057,29.141],[116.042,29.165],[116.036,29.181],[116.04,29.188],[116.075,29.184],[116.084,29.187],[116.078,29.202],[116.14,29.197],[116.159,29.203],[116.145,29.213],[116.124,29.221],[116.103,29.224],[116.088,29.22],[116.078,29.224],[116.006,29.24],[115.998,29.254],[115.99,29.272],[115.981,29.28],[115.968,29.264],[115.968,29.249],[115.975,29.233],[115.981,29.215],[115.975,29.196],[115.929,29.204],[115.907,29.217],[115.922,29.25],[115.924,29.263],[115.928,29.273],[115.978,29.295],[115.985,29.299],[116.01,29.311],[116.018,29.319],[116.024,29.328],[116.028,29.339],[116.03,29.353],[116.027,29.361],[116.004,29.41],[115.999,29.417],[115.991,29.421],[115.975,29.421],[115.975,29.429],[115.991,29.434],[116.002,29.44],[116.011,29.448],[116.023,29.456],[116.046,29.448],[116.061,29.463],[116.071,29.485],[116.078,29.497],[116.078,29.504],[116.063,29.51],[116.071,29.518],[116.086,29.529],[116.098,29.538],[116.097,29.545],[116.093,29.554],[116.09,29.562],[116.112,29.58],[116.116,29.594],[116.129,29.659],[116.126,29.669],[116.116,29.675],[116.098,29.682],[116.101,29.686],[116.106,29.696],[116.093,29.694],[116.069,29.689],[116.061,29.692],[116.093,29.724],[116.102,29.73],[116.15,29.728],[116.174,29.734],[116.188,29.751],[116.229,29.744],[116.21,29.735],[116.193,29.719],[116.188,29.703],[116.205,29.696],[116.239,29.708],[116.257,29.71],[116.27,29.696],[116.248,29.691],[116.243,29.684],[116.245,29.674],[116.243,29.661],[116.232,29.651],[116.218,29.67],[116.205,29.665],[116.202,29.65],[116.206,29.631],[116.206,29.613],[116.191,29.606],[116.188,29.598],[116.195,29.581],[116.207,29.563],[116.216,29.552],[116.196,29.557],[116.186,29.565],[116.179,29.575],[116.167,29.586],[116.152,29.554],[116.146,29.534],[116.15,29.524],[116.157,29.521],[116.162,29.515],[116.166,29.507],[116.171,29.501],[116.169,29.496],[116.152,29.478],[116.146,29.469],[116.151,29.461],[116.153,29.452],[116.151,29.444],[116.146,29.435],[116.116,29.444],[116.08,29.418],[116.062,29.384],[116.081,29.366],[116.114,29.368],[116.151,29.374],[116.185,29.388],[116.208,29.415],[116.223,29.381],[116.226,29.364],[116.222,29.346],[116.214,29.358],[116.207,29.356],[116.198,29.348],[116.188,29.339],[116.146,29.342],[116.133,29.339],[116.12,29.325],[116.124,29.312],[116.146,29.291],[116.162,29.28],[116.166,29.274],[116.131,29.264],[116.126,29.264],[116.124,29.247],[116.14,29.244],[116.174,29.25],[116.182,29.249],[116.189,29.245],[116.197,29.242],[116.205,29.247],[116.217,29.258],[116.224,29.263],[116.229,29.264],[116.236,29.258],[116.246,29.235],[116.255,29.223],[116.266,29.216],[116.281,29.21],[116.296,29.21],[116.31,29.216],[116.307,29.221],[116.305,29.224],[116.305,29.229],[116.304,29.237],[116.317,29.232],[116.325,29.236],[116.332,29.242],[116.338,29.243],[116.346,29.236],[116.346,29.228],[116.348,29.222],[116.359,29.216],[116.366,29.233],[116.372,29.239],[116.38,29.229],[116.379,29.222],[116.37,29.196],[116.366,29.188],[116.338,29.171],[116.324,29.157],[116.325,29.141],[116.339,29.14],[116.365,29.167],[116.366,29.147],[116.373,29.15],[116.38,29.155],[116.393,29.141],[116.398,29.152],[116.397,29.163],[116.395,29.175],[116.393,29.188],[116.399,29.188],[116.408,29.177],[116.422,29.176],[116.435,29.184],[116.441,29.199],[116.442,29.208],[116.446,29.215],[116.447,29.221],[116.445,29.226],[116.438,29.235],[116.436,29.244],[116.436,29.255],[116.441,29.264],[116.437,29.267],[116.432,29.273],[116.427,29.278],[116.446,29.281],[116.464,29.27],[116.477,29.249],[116.489,29.203],[116.5,29.205],[116.506,29.223],[116.496,29.25],[116.51,29.245],[116.514,29.231],[116.516,29.217],[116.523,29.209],[116.537,29.214],[116.542,29.229],[116.541,29.246],[116.537,29.257],[116.543,29.257],[116.55,29.251],[116.555,29.252],[116.558,29.259],[116.558,29.271],[116.57,29.248],[116.588,29.245],[116.607,29.247],[116.619,29.237],[116.605,29.237],[116.619,29.202],[116.63,29.232],[116.631,29.246],[116.626,29.264],[116.641,29.258],[116.656,29.249],[116.665,29.239],[116.661,29.229],[116.688,29.216],[116.684,29.212],[116.678,29.208],[116.668,29.202],[116.656,29.209],[116.651,29.208],[116.648,29.201],[116.644,29.192],[116.619,29.168],[116.624,29.15],[116.638,29.152],[116.664,29.168],[116.673,29.17],[116.675,29.173],[116.678,29.173]]]}},{"type":"Feature","properties":{"name":"Daguan Lake","feature":"Lake","rank":4,"code":"CHN"},"geometry":{"type":"Polygon","coordinates":[[[116.461,30.094],[116.46,30.081],[116.443,30.065],[116.437,30.051],[116.495,30.039],[116.509,30.023],[116.517,30.003],[116.531,29.983],[116.509,29.963],[116.478,29.951],[116.442,29.948],[116.407,29.956],[116.395,29.965],[116.376,29.987],[116.366,29.99],[116.355,29.982],[116.354,29.971],[116.349,29.958],[116.331,29.949],[116.309,29.964],[116.303,29.973],[116.304,29.99],[116.291,29.987],[116.282,29.99],[116.275,29.996],[116.27,30.004],[116.276,30.008],[116.284,30.015],[116.289,30.018],[116.27,30.023],[116.259,30.015],[116.257,30.011],[116.247,30.036],[116.256,30.043],[116.255,30.066],[116.24,30.06],[116.235,30.072],[116.237,30.091],[116.243,30.107],[116.246,30.102],[116.251,30.098],[116.255,30.094],[116.254,30.106],[116.245,30.121],[116.243,30.131],[116.247,30.139],[116.256,30.135],[116.265,30.127],[116.27,30.121],[116.278,30.079],[116.287,30.06],[116.304,30.059],[116.289,30.099],[116.292,30.117],[116.31,30.127],[116.315,30.095],[116.32,30.081],[116.331,30.073],[116.335,30.086],[116.34,30.085],[116.346,30.078],[116.351,30.073],[116.386,30.059],[116.381,30.051],[116.381,30.045],[116.388,30.04],[116.399,30.038],[116.401,30.051],[116.407,30.058],[116.421,30.059],[116.421,30.066],[116.411,30.076],[116.424,30.088],[116.444,30.101],[116.461,30.094]]]}},{"type":"Feature","properties":{"name":"Longgan","feature":"Lake","rank":4,"code":"CHN"},"geometry":{"type":"Polygon","coordinates":[[[116.257,30.011],[116.252,30.0],[116.249,29.983],[116.254,29.984],[116.265,29.983],[116.27,29.983],[116.265,29.962],[116.266,29.942],[116.263,29.928],[116.246,29.922],[116.233,29.915],[116.218,29.902],[116.201,29.893],[116.181,29.902],[116.159,29.894],[116.117,29.905],[116.091,29.902],[116.051,29.872],[116.04,29.867],[116.029,29.87],[116.002,29.894],[115.998,29.905],[115.996,29.915],[115.996,29.939],[115.992,29.953],[115.983,29.96],[115.962,29.97],[115.954,29.983],[115.949,29.986],[115.942,29.989],[115.936,29.993],[115.934,30.001],[115.934,30.045],[115.94,30.036],[115.974,29.997],[115.982,29.993],[115.986,29.988],[115.996,29.983],[116.007,29.983],[116.016,29.99],[116.015,29.996],[116.0,30.012],[115.996,30.021],[115.996,30.031],[115.999,30.039],[116.004,30.044],[116.013,30.045],[116.021,30.042],[116.025,30.034],[116.026,30.025],[116.03,30.018],[116.054,29.994],[116.057,29.987],[116.061,29.974],[116.071,29.97],[116.081,29.974],[116.091,29.983],[116.077,29.988],[116.071,29.99],[116.086,29.997],[116.093,29.992],[116.098,29.982],[116.109,29.977],[116.136,29.977],[116.148,29.979],[116.16,29.983],[116.153,29.996],[116.143,29.995],[116.132,29.99],[116.119,29.99],[116.108,29.997],[116.114,30.002],[116.125,30.006],[116.133,30.011],[116.133,30.062],[116.141,30.085],[116.164,30.076],[116.173,30.07],[116.181,30.068],[116.186,30.063],[116.19,30.027],[116.193,30.016],[116.198,30.008],[116.205,30.001],[116.218,29.991],[116.23,29.988],[116.236,30.001],[116.234,30.013],[116.229,30.023],[116.222,30.033],[116.216,30.045],[116.247,30.036],[116.257,30.011]]]}},{"type":"Feature","properties":{"name":"Liangzi","feature":"Lake","rank":4,"code":"CHN"},"geometry":{"type":"Polygon","coordinates":[[[114.383,30.182],[114.367,30.189],[114.346,30.191],[114.331,30.189],[114.335,30.203],[114.343,30.208],[114.352,30.213],[114.358,30.224],[114.365,30.224],[114.373,30.207],[114.383,30.206],[114.393,30.215],[114.399,30.23],[114.412,30.224],[114.412,30.23],[114.406,30.236],[114.402,30.242],[114.395,30.248],[114.386,30.25],[114.391,30.263],[114.389,30.275],[114.383,30.285],[114.372,30.291],[114.412,30.27],[114.429,30.264],[114.44,30.271],[114.447,30.268],[114.453,30.266],[114.467,30.265],[114.467,30.271],[114.454,30.275],[114.443,30.283],[114.436,30.293],[114.434,30.306],[114.447,30.291],[114.454,30.299],[114.486,30.283],[114.502,30.279],[114.515,30.3],[114.546,30.294],[114.556,30.306],[114.543,30.307],[114.527,30.31],[114.514,30.316],[114.502,30.33],[114.487,30.33],[114.454,30.326],[114.441,30.328],[114.429,30.334],[114.421,30.343],[114.42,30.354],[114.428,30.366],[114.438,30.366],[114.448,30.358],[114.454,30.347],[114.458,30.37],[114.46,30.375],[114.465,30.373],[114.472,30.369],[114.478,30.367],[114.482,30.371],[114.485,30.375],[114.494,30.376],[114.523,30.374],[114.527,30.373],[114.529,30.368],[114.536,30.36],[114.538,30.355],[114.539,30.34],[114.543,30.332],[114.594,30.323],[114.609,30.315],[114.632,30.299],[114.632,30.291],[114.613,30.286],[114.604,30.278],[114.605,30.268],[114.615,30.254],[114.632,30.238],[114.639,30.23],[114.644,30.222],[114.653,30.196],[114.627,30.211],[114.613,30.215],[114.598,30.216],[114.598,30.21],[114.617,30.201],[114.622,30.158],[114.635,30.148],[114.644,30.14],[114.65,30.121],[114.654,30.099],[114.653,30.08],[114.643,30.062],[114.632,30.064],[114.622,30.079],[114.613,30.114],[114.578,30.175],[114.549,30.135],[114.538,30.134],[114.53,30.162],[114.531,30.169],[114.54,30.187],[114.543,30.196],[114.546,30.22],[114.55,30.23],[114.529,30.227],[114.516,30.219],[114.505,30.214],[114.492,30.22],[114.473,30.232],[114.471,30.22],[114.482,30.185],[114.477,30.119],[114.465,30.088],[114.441,30.069],[114.441,30.069],[114.44,30.073],[114.422,30.082],[114.44,30.115],[114.426,30.127],[114.439,30.14],[114.44,30.159],[114.43,30.173],[114.412,30.175],[114.402,30.165],[114.372,30.107],[114.365,30.107],[114.367,30.114],[114.367,30.118],[114.366,30.122],[114.365,30.127],[114.365,30.121],[114.36,30.134],[114.362,30.147],[114.37,30.159],[114.382,30.172],[114.383,30.182]]]}},{"type":"Feature","properties":{"name":"Siling","feature":"Lake","rank":4,"code":"CHN"},"geometry":{"type":"Polygon","coordinates":[[[89.338,31.819],[89.343,31.816],[89.345,31.806],[89.331,31.783],[89.297,31.778],[89.27,31.792],[89.277,31.827],[89.248,31.803],[89.242,31.763],[89.243,31.718],[89.235,31.676],[89.225,31.662],[89.188,31.622],[89.177,31.615],[89.158,31.607],[89.146,31.589],[89.137,31.57],[89.126,31.559],[89.108,31.564],[89.088,31.579],[89.071,31.597],[89.064,31.611],[89.051,31.615],[88.975,31.6],[88.961,31.608],[88.941,31.623],[88.925,31.64],[88.924,31.652],[88.945,31.686],[88.96,31.703],[88.98,31.71],[88.938,31.736],[88.916,31.741],[88.894,31.731],[88.879,31.737],[88.86,31.738],[88.841,31.736],[88.825,31.731],[88.812,31.723],[88.787,31.701],[88.78,31.697],[88.763,31.699],[88.734,31.708],[88.719,31.71],[88.684,31.711],[88.668,31.715],[88.654,31.724],[88.654,31.718],[88.648,31.734],[88.647,31.757],[88.648,31.777],[88.65,31.786],[88.618,31.78],[88.612,31.779],[88.602,31.787],[88.603,31.794],[88.606,31.801],[88.602,31.81],[88.584,31.819],[88.569,31.816],[88.559,31.819],[88.557,31.841],[88.562,31.858],[88.571,31.869],[88.586,31.876],[88.605,31.882],[88.639,31.886],[88.687,31.887],[88.731,31.883],[88.749,31.871],[88.745,31.86],[88.739,31.848],[88.737,31.836],[88.749,31.819],[88.767,31.811],[88.787,31.81],[88.807,31.814],[88.825,31.819],[88.805,31.833],[88.798,31.849],[88.805,31.867],[88.825,31.882],[88.832,31.874],[88.838,31.882],[88.846,31.874],[88.865,31.883],[88.928,31.902],[89.01,31.937],[89.03,31.917],[89.066,31.916],[89.137,31.929],[89.155,31.924],[89.179,31.901],[89.191,31.896],[89.206,31.894],[89.242,31.884],[89.27,31.879],[89.286,31.873],[89.3,31.865],[89.311,31.855],[89.326,31.827],[89.333,31.82],[89.338,31.819]]]}},{"type":"Feature","properties":{"name":"Khar-Us","feature":"Lake","rank":4,"code":"MNG"},"geometry":{"type":"Polygon","coordinates":[[[92.817,48.249],[92.823,48.229],[92.828,48.208],[92.817,48.188],[92.696,48.088],[92.68,48.082],[92.544,48.097],[92.532,48.095],[92.524,48.089],[92.514,48.071],[92.508,48.067],[92.489,48.062],[92.473,48.049],[92.459,48.033],[92.443,48.02],[92.428,48.013],[92.364,47.992],[92.351,47.985],[92.323,47.952],[92.301,47.919],[92.283,47.884],[92.269,47.866],[92.261,47.847],[92.265,47.823],[92.271,47.802],[92.272,47.787],[92.256,47.773],[92.228,47.764],[92.199,47.762],[92.157,47.776],[92.098,47.76],[92.073,47.76],[92.059,47.772],[92.054,47.789],[92.05,47.808],[92.042,47.825],[92.029,47.843],[92.005,47.903],[91.962,47.98],[91.966,48.012],[92.011,48.034],[92.155,48.061],[92.192,48.062],[92.21,48.068],[92.217,48.085],[92.224,48.093],[92.238,48.099],[92.252,48.109],[92.261,48.135],[92.267,48.14],[92.273,48.144],[92.278,48.15],[92.281,48.159],[92.285,48.185],[92.284,48.193],[92.281,48.201],[92.279,48.208],[92.282,48.215],[92.289,48.222],[92.296,48.23],[92.299,48.24],[92.295,48.249],[92.266,48.289],[92.252,48.3],[92.207,48.323],[92.197,48.335],[92.213,48.344],[92.237,48.363],[92.252,48.369],[92.274,48.369],[92.303,48.347],[92.34,48.337],[92.349,48.335],[92.353,48.339],[92.348,48.356],[92.347,48.365],[92.35,48.369],[92.402,48.37],[92.439,48.355],[92.457,48.349],[92.47,48.348],[92.498,48.35],[92.516,48.341],[92.541,48.336],[92.546,48.332],[92.54,48.323],[92.527,48.32],[92.511,48.321],[92.459,48.328],[92.449,48.328],[92.44,48.322],[92.411,48.291],[92.393,48.244],[92.383,48.203],[92.381,48.14],[92.392,48.128],[92.417,48.117],[92.463,48.102],[92.484,48.099],[92.506,48.101],[92.525,48.11],[92.532,48.126],[92.542,48.136],[92.637,48.19],[92.642,48.195],[92.643,48.205],[92.648,48.216],[92.654,48.226],[92.662,48.232],[92.69,48.21],[92.706,48.202],[92.724,48.198],[92.635,48.269],[92.594,48.311],[92.601,48.342],[92.615,48.344],[92.662,48.335],[92.714,48.337],[92.731,48.335],[92.757,48.325],[92.783,48.308],[92.805,48.286],[92.821,48.266],[92.817,48.249]]]}},{"type":"Feature","properties":{"name":"Ayakum","feature":"Lake","rank":5,"code":"CHN"},"geometry":{"type":"Polygon","coordinates":[[[89.674,37.512],[89.67,37.5],[89.647,37.499],[89.619,37.501],[89.599,37.499],[89.609,37.493],[89.613,37.492],[89.613,37.484],[89.594,37.484],[89.587,37.486],[89.579,37.492],[89.55,37.475],[89.497,37.471],[89.44,37.476],[89.4,37.484],[89.282,37.532],[89.235,37.533],[89.189,37.525],[89.165,37.526],[89.124,37.545],[89.098,37.552],[89.077,37.564],[89.071,37.588],[89.084,37.603],[89.108,37.607],[89.157,37.602],[89.167,37.599],[89.182,37.59],[89.195,37.588],[89.25,37.602],[89.29,37.624],[89.312,37.627],[89.342,37.642],[89.544,37.626],[89.571,37.616],[89.578,37.61],[89.602,37.599],[89.626,37.591],[89.643,37.588],[89.654,37.583],[89.657,37.572],[89.655,37.559],[89.65,37.55],[89.639,37.547],[89.619,37.56],[89.609,37.557],[89.611,37.542],[89.633,37.53],[89.66,37.52],[89.674,37.512]]]}},{"type":"Feature","properties":{"name":"Kyoga","feature":"Lake","rank":5,"code":"UGA"},"geometry":{"type":"Polygon","coordinates":[[[33.488,1.659],[33.496,1.655],[33.489,1.655],[33.494,1.645],[33.496,1.641],[33.496,1.634],[33.489,1.634],[33.454,1.644],[33.403,1.649],[33.352,1.642],[33.318,1.613],[33.287,1.623],[33.26,1.612],[33.215,1.572],[33.198,1.574],[33.175,1.565],[33.156,1.55],[33.141,1.523],[33.127,1.519],[33.11,1.516],[33.095,1.507],[33.093,1.492],[33.108,1.481],[33.13,1.473],[33.147,1.469],[33.17,1.468],[33.185,1.473],[33.2,1.482],[33.221,1.49],[33.215,1.477],[33.258,1.486],[33.276,1.486],[33.277,1.469],[33.262,1.476],[33.25,1.47],[33.244,1.457],[33.249,1.442],[33.221,1.442],[33.2,1.439],[33.179,1.431],[33.153,1.414],[33.166,1.4],[33.181,1.399],[33.2,1.4],[33.221,1.395],[33.221,1.387],[33.215,1.389],[33.201,1.392],[33.195,1.395],[33.203,1.381],[33.222,1.378],[33.243,1.383],[33.256,1.395],[33.278,1.383],[33.287,1.392],[33.29,1.421],[33.3,1.425],[33.317,1.426],[33.332,1.424],[33.338,1.414],[33.329,1.404],[33.316,1.405],[33.307,1.403],[33.311,1.38],[33.315,1.375],[33.319,1.376],[33.324,1.378],[33.328,1.377],[33.333,1.372],[33.331,1.369],[33.327,1.367],[33.325,1.364],[33.327,1.354],[33.334,1.345],[33.343,1.337],[33.352,1.332],[33.342,1.323],[33.336,1.311],[33.329,1.305],[33.318,1.312],[33.284,1.298],[33.269,1.289],[33.262,1.281],[33.265,1.265],[33.271,1.249],[33.274,1.232],[33.27,1.216],[33.262,1.224],[33.257,1.227],[33.251,1.227],[33.242,1.223],[33.241,1.242],[33.234,1.266],[33.224,1.289],[33.215,1.305],[33.211,1.304],[33.208,1.303],[33.205,1.301],[33.201,1.298],[33.186,1.312],[33.175,1.308],[33.153,1.285],[33.153,1.287],[33.145,1.286],[33.133,1.285],[33.132,1.284],[33.127,1.281],[33.121,1.278],[33.113,1.277],[33.13,1.319],[33.13,1.326],[33.123,1.33],[33.103,1.349],[33.099,1.35],[33.095,1.348],[33.075,1.363],[33.068,1.367],[33.061,1.365],[33.055,1.361],[33.048,1.359],[33.04,1.364],[33.034,1.37],[33.028,1.376],[33.022,1.379],[33.013,1.38],[32.978,1.395],[32.941,1.423],[32.899,1.441],[32.851,1.428],[32.857,1.426],[32.861,1.424],[32.866,1.422],[32.873,1.421],[32.867,1.407],[32.859,1.395],[32.851,1.395],[32.85,1.403],[32.848,1.406],[32.844,1.408],[32.838,1.414],[32.844,1.384],[32.88,1.34],[32.893,1.312],[32.886,1.312],[32.882,1.317],[32.878,1.321],[32.873,1.323],[32.865,1.326],[32.869,1.311],[32.873,1.304],[32.879,1.298],[32.859,1.309],[32.847,1.337],[32.831,1.401],[32.811,1.399],[32.783,1.421],[32.763,1.414],[32.742,1.416],[32.724,1.399],[32.72,1.378],[32.738,1.367],[32.749,1.364],[32.757,1.349],[32.766,1.346],[32.773,1.342],[32.776,1.331],[32.777,1.318],[32.776,1.305],[32.767,1.315],[32.746,1.347],[32.738,1.354],[32.72,1.357],[32.69,1.371],[32.677,1.374],[32.667,1.375],[32.645,1.38],[32.62,1.38],[32.601,1.387],[32.584,1.397],[32.572,1.409],[32.564,1.421],[32.557,1.425],[32.551,1.431],[32.546,1.438],[32.542,1.448],[32.54,1.449],[32.537,1.451],[32.537,1.456],[32.539,1.46],[32.549,1.468],[32.558,1.499],[32.557,1.514],[32.544,1.524],[32.561,1.531],[32.572,1.521],[32.582,1.505],[32.602,1.497],[32.663,1.489],[32.681,1.49],[32.695,1.499],[32.74,1.538],[32.758,1.571],[32.777,1.583],[32.797,1.592],[32.811,1.6],[32.817,1.6],[32.818,1.59],[32.818,1.581],[32.815,1.573],[32.811,1.565],[32.806,1.57],[32.8,1.575],[32.797,1.579],[32.789,1.565],[32.789,1.553],[32.796,1.543],[32.811,1.538],[32.82,1.542],[32.831,1.551],[32.842,1.556],[32.851,1.552],[32.871,1.559],[32.886,1.556],[32.899,1.556],[32.914,1.572],[32.936,1.553],[32.959,1.559],[32.98,1.568],[32.995,1.558],[32.991,1.554],[32.988,1.55],[32.982,1.538],[33.008,1.542],[33.033,1.56],[33.071,1.6],[33.076,1.604],[33.083,1.608],[33.089,1.612],[33.092,1.617],[33.09,1.626],[33.088,1.632],[33.088,1.636],[33.092,1.641],[33.108,1.65],[33.116,1.646],[33.116,1.636],[33.105,1.627],[33.105,1.621],[33.114,1.615],[33.119,1.609],[33.125,1.606],[33.133,1.606],[33.137,1.609],[33.148,1.624],[33.156,1.63],[33.161,1.627],[33.153,1.621],[33.171,1.627],[33.175,1.637],[33.176,1.649],[33.184,1.665],[33.192,1.672],[33.198,1.672],[33.202,1.67],[33.208,1.668],[33.207,1.664],[33.214,1.656],[33.224,1.653],[33.228,1.665],[33.231,1.667],[33.241,1.685],[33.242,1.689],[33.252,1.692],[33.257,1.689],[33.259,1.684],[33.259,1.682],[33.251,1.674],[33.25,1.658],[33.258,1.641],[33.274,1.634],[33.285,1.639],[33.311,1.665],[33.325,1.674],[33.377,1.682],[33.393,1.689],[33.42,1.748],[33.438,1.774],[33.455,1.764],[33.44,1.755],[33.434,1.732],[33.436,1.671],[33.442,1.674],[33.455,1.685],[33.476,1.689],[33.472,1.681],[33.471,1.672],[33.469,1.655],[33.476,1.655],[33.481,1.659],[33.484,1.66],[33.488,1.659]],[[32.865,1.442],[32.865,1.449],[32.751,1.447],[32.742,1.449],[32.737,1.452],[32.733,1.458],[32.727,1.462],[32.715,1.462],[32.733,1.442],[32.751,1.431],[32.774,1.43],[32.804,1.435],[32.824,1.425],[32.835,1.428],[32.846,1.436],[32.865,1.442]]]}},{"type":"Feature","properties":{"name":"Rukwa","feature":"Lake","rank":5,"code":"TZA"},"geometry":{"type":"MultiPolygon","coordinates":[[[[31.922,-7.567],[31.917,-7.567],[31.92,-7.567],[31.922,-7.567],[31.922,-7.567]]],[[[32.472,-8.0],[32.533,-8.05],[32.539,-8.122],[32.473,-8.085],[32.394,-8.061],[32.36,-8.035],[32.325,-8.008],[32.294,-7.997],[32.261,-7.995],[32.19,-7.956],[32.114,-7.935],[32.037,-7.962],[31.967,-8.003],[31.913,-7.966],[31.873,-7.899],[31.86,-7.866],[31.846,-7.833],[31.838,-7.824],[31.831,-7.815],[31.833,-7.806],[31.839,-7.8],[31.826,-7.786],[31.811,-7.772],[31.779,-7.703],[31.796,-7.637],[31.83,-7.614],[31.867,-7.6],[31.894,-7.584],[31.922,-7.567],[31.959,-7.569],[31.995,-7.597],[32.035,-7.622],[32.072,-7.65],[32.126,-7.72],[32.191,-7.778],[32.272,-7.828],[32.34,-7.894],[32.371,-7.932],[32.403,-7.97],[32.435,-7.988],[32.472,-8.0]]]]}},{"type":"Feature","properties":{"name":"Ngoring","feature":"Lake","rank":5,"code":"CHN"},"geometry":{"type":"Polygon","coordinates":[[[97.868,34.872],[97.901,34.832],[97.902,34.822],[97.884,34.821],[97.85,34.828],[97.857,34.808],[97.845,34.807],[97.808,34.822],[97.78,34.83],[97.77,34.835],[97.761,34.849],[97.755,34.817],[97.735,34.808],[97.712,34.818],[97.698,34.842],[97.682,34.82],[97.679,34.815],[97.682,34.809],[97.697,34.8],[97.698,34.795],[97.688,34.786],[97.673,34.782],[97.655,34.781],[97.605,34.785],[97.581,34.796],[97.566,34.815],[97.546,34.87],[97.545,34.889],[97.554,34.906],[97.592,34.946],[97.612,34.958],[97.637,34.964],[97.672,34.965],[97.658,34.969],[97.645,34.968],[97.633,34.971],[97.624,34.986],[97.631,35.0],[97.636,35.007],[97.644,35.014],[97.635,35.026],[97.65,35.042],[97.677,35.058],[97.692,35.068],[97.73,35.086],[97.747,35.089],[97.768,35.088],[97.768,35.081],[97.764,35.069],[97.771,35.051],[97.804,35.021],[97.808,35.01],[97.806,35.0],[97.793,34.987],[97.789,34.979],[97.789,34.97],[97.791,34.961],[97.795,34.951],[97.796,34.926],[97.8,34.915],[97.808,34.904],[97.855,34.887],[97.863,34.88],[97.868,34.872]]]}},{"type":"Feature","properties":{"name":"Gaoyou","feature":"Lake","rank":5,"code":"CHN"},"geometry":{"type":"Polygon","coordinates":[[[119.405,32.847],[119.412,32.82],[119.415,32.793],[119.408,32.766],[119.401,32.753],[119.392,32.74],[119.38,32.732],[119.367,32.731],[119.352,32.741],[119.332,32.77],[119.319,32.779],[119.317,32.761],[119.307,32.741],[119.294,32.725],[119.281,32.718],[119.273,32.728],[119.25,32.747],[119.227,32.759],[119.216,32.749],[119.214,32.708],[119.208,32.69],[119.196,32.677],[119.177,32.667],[119.175,32.676],[119.173,32.692],[119.155,32.704],[119.162,32.705],[119.166,32.707],[119.17,32.709],[119.175,32.711],[119.175,32.718],[119.156,32.725],[119.142,32.738],[119.132,32.756],[119.126,32.773],[119.121,32.786],[119.125,32.791],[119.13,32.796],[119.133,32.801],[119.134,32.807],[119.129,32.818],[119.123,32.82],[119.113,32.819],[119.099,32.821],[119.082,32.832],[119.064,32.865],[119.045,32.876],[119.045,32.882],[119.067,32.884],[119.082,32.875],[119.096,32.861],[119.113,32.848],[119.116,32.862],[119.122,32.879],[119.129,32.895],[119.138,32.906],[119.145,32.91],[119.15,32.907],[119.153,32.9],[119.156,32.885],[119.161,32.881],[119.19,32.87],[119.201,32.869],[119.212,32.864],[119.226,32.851],[119.285,32.876],[119.266,32.875],[119.259,32.873],[119.251,32.869],[119.239,32.877],[119.237,32.888],[119.243,32.909],[119.242,32.916],[119.238,32.923],[119.235,32.931],[119.237,32.937],[119.244,32.938],[119.253,32.936],[119.261,32.932],[119.264,32.93],[119.275,32.942],[119.276,32.951],[119.27,32.96],[119.224,32.999],[119.255,33.012],[119.264,33.019],[119.268,33.028],[119.267,33.037],[119.268,33.046],[119.278,33.054],[119.284,33.045],[119.307,33.024],[119.316,33.019],[119.327,33.024],[119.328,33.034],[119.324,33.048],[119.301,33.097],[119.299,33.112],[119.292,33.118],[119.251,33.136],[119.244,33.138],[119.238,33.137],[119.234,33.137],[119.23,33.142],[119.231,33.147],[119.241,33.158],[119.243,33.167],[119.236,33.176],[119.221,33.176],[119.196,33.17],[119.171,33.156],[119.158,33.134],[119.155,33.107],[119.155,33.074],[119.163,33.081],[119.173,33.085],[119.184,33.088],[119.196,33.088],[119.18,33.073],[119.158,33.057],[119.136,33.045],[119.117,33.04],[119.11,33.037],[119.088,33.022],[119.076,33.019],[119.061,33.021],[119.031,33.03],[119.015,33.032],[118.982,33.044],[118.97,33.047],[118.957,33.045],[118.934,33.04],[118.922,33.04],[118.897,33.05],[118.862,33.088],[118.84,33.101],[118.874,33.101],[118.889,33.097],[118.9,33.07],[118.915,33.068],[118.946,33.074],[119.052,33.047],[119.083,33.057],[119.095,33.064],[119.108,33.066],[119.122,33.069],[119.134,33.081],[119.139,33.094],[119.153,33.158],[119.157,33.166],[119.226,33.197],[119.237,33.205],[119.237,33.211],[119.235,33.221],[119.245,33.228],[119.258,33.222],[119.269,33.169],[119.28,33.159],[119.296,33.153],[119.316,33.139],[119.319,33.132],[119.329,33.086],[119.335,33.077],[119.342,33.068],[119.347,33.06],[119.349,33.038],[119.342,33.019],[119.326,33.004],[119.305,32.991],[119.332,32.994],[119.359,33.011],[119.38,33.02],[119.388,33.002],[119.405,32.847]]]}},{"type":"Feature","properties":{"name":"Toba","feature":"Lake","rank":5,"code":"IDN"},"geometry":{"type":"Polygon","coordinates":[[[99.125,2.426],[99.144,2.421],[99.153,2.408],[99.145,2.388],[99.144,2.387],[99.142,2.382],[99.138,2.377],[99.131,2.374],[99.118,2.388],[99.109,2.376],[99.095,2.362],[99.077,2.351],[99.059,2.346],[99.026,2.358],[99.021,2.357],[99.016,2.354],[98.995,2.343],[98.987,2.34],[98.976,2.34],[98.967,2.341],[98.932,2.352],[98.925,2.353],[98.916,2.354],[98.905,2.352],[98.886,2.347],[98.874,2.346],[98.871,2.347],[98.87,2.35],[98.867,2.352],[98.861,2.354],[98.854,2.351],[98.849,2.342],[98.843,2.34],[98.831,2.338],[98.827,2.336],[98.826,2.34],[98.823,2.354],[98.824,2.361],[98.828,2.372],[98.83,2.383],[98.826,2.388],[98.811,2.395],[98.802,2.413],[98.796,2.433],[98.788,2.449],[98.73,2.51],[98.725,2.514],[98.715,2.528],[98.71,2.532],[98.709,2.535],[98.697,2.544],[98.683,2.551],[98.679,2.552],[98.672,2.566],[98.67,2.585],[98.676,2.601],[98.689,2.607],[98.703,2.598],[98.726,2.55],[98.741,2.532],[98.805,2.492],[98.859,2.441],[98.878,2.431],[98.899,2.429],[98.912,2.434],[98.946,2.452],[98.963,2.456],[98.977,2.463],[98.979,2.48],[98.972,2.499],[98.966,2.51],[98.902,2.584],[98.868,2.646],[98.845,2.677],[98.796,2.73],[98.766,2.748],[98.733,2.755],[98.701,2.744],[98.679,2.71],[98.674,2.639],[98.676,2.627],[98.662,2.631],[98.644,2.641],[98.628,2.652],[98.618,2.662],[98.61,2.696],[98.598,2.722],[98.597,2.727],[98.592,2.736],[98.569,2.745],[98.563,2.754],[98.561,2.763],[98.555,2.769],[98.541,2.779],[98.525,2.801],[98.517,2.825],[98.514,2.888],[98.523,2.883],[98.53,2.884],[98.536,2.886],[98.541,2.888],[98.584,2.887],[98.599,2.882],[98.607,2.881],[98.651,2.881],[98.69,2.872],[98.726,2.854],[98.783,2.812],[98.819,2.766],[98.845,2.753],[98.899,2.717],[98.911,2.7],[98.92,2.682],[98.925,2.663],[98.926,2.645],[98.919,2.631],[98.917,2.621],[98.923,2.611],[98.953,2.572],[99.025,2.508],[99.036,2.49],[99.041,2.467],[99.042,2.419],[99.049,2.397],[99.066,2.399],[99.104,2.422],[99.125,2.426]]]}},{"type":"Feature","properties":{"name":"Gyaring","feature":"Lake","rank":5,"code":"CHN"},"geometry":{"type":"Polygon","coordinates":[[[97.437,34.994],[97.466,34.992],[97.487,34.984],[97.486,34.967],[97.472,34.956],[97.452,34.965],[97.446,34.937],[97.396,34.909],[97.384,34.887],[97.379,34.873],[97.367,34.864],[97.342,34.855],[97.318,34.835],[97.304,34.829],[97.288,34.835],[97.248,34.836],[97.11,34.917],[97.084,34.926],[97.069,34.935],[97.063,34.949],[97.062,34.973],[97.056,34.988],[97.056,34.998],[97.062,35.007],[97.074,35.012],[97.086,35.01],[97.094,35.001],[97.096,34.986],[97.107,34.998],[97.114,35.016],[97.123,35.028],[97.163,35.013],[97.25,35.014],[97.263,35.016],[97.288,35.03],[97.301,35.034],[97.317,35.034],[97.333,35.031],[97.413,35.0],[97.437,34.994]]]}},{"type":"Feature","properties":{"name":"Rakshastal","feature":"Lake","rank":5,"code":"CHN"},"geometry":{"type":"Polygon","coordinates":[[[81.313,30.674],[81.322,30.652],[81.328,30.642],[81.316,30.619],[81.299,30.608],[81.277,30.605],[81.252,30.607],[81.247,30.606],[81.241,30.602],[81.236,30.6],[81.228,30.604],[81.226,30.608],[81.22,30.619],[81.218,30.621],[81.206,30.62],[81.195,30.617],[81.183,30.615],[81.17,30.621],[81.144,30.629],[81.133,30.647],[81.125,30.666],[81.109,30.676],[81.13,30.688],[81.135,30.689],[81.145,30.687],[81.149,30.683],[81.152,30.678],[81.16,30.676],[81.172,30.682],[81.18,30.687],[81.184,30.693],[81.181,30.703],[81.178,30.709],[81.177,30.71],[81.179,30.713],[81.188,30.724],[81.19,30.724],[81.204,30.783],[81.203,30.813],[81.19,30.847],[81.202,30.854],[81.213,30.858],[81.224,30.857],[81.247,30.844],[81.273,30.842],[81.283,30.837],[81.296,30.822],[81.301,30.811],[81.3,30.799],[81.292,30.788],[81.283,30.786],[81.272,30.788],[81.26,30.785],[81.243,30.767],[81.241,30.746],[81.249,30.725],[81.263,30.706],[81.273,30.698],[81.297,30.689],[81.307,30.683],[81.313,30.674]]]}},{"type":"Feature","properties":{"name":"Manasarovar","feature":"Lake","rank":5,"code":"CHN"},"geometry":{"type":"Polygon","coordinates":[[[81.578,30.749],[81.603,30.723],[81.603,30.69],[81.574,30.656],[81.54,30.634],[81.51,30.607],[81.498,30.601],[81.451,30.566],[81.445,30.565],[81.424,30.566],[81.43,30.566],[81.412,30.58],[81.394,30.585],[81.377,30.592],[81.362,30.614],[81.379,30.641],[81.369,30.724],[81.376,30.764],[81.407,30.789],[81.45,30.788],[81.534,30.764],[81.578,30.749]]]}},{"type":"Feature","properties":{"name":"Manyara","feature":"Lake","rank":5,"code":"TZA"},"geometry":{"type":"Polygon","coordinates":[[[35.739,-3.761],[35.744,-3.706],[35.747,-3.653],[35.737,-3.624],[35.739,-3.594],[35.753,-3.581],[35.767,-3.567],[35.767,-3.55],[35.767,-3.533],[35.785,-3.474],[35.811,-3.428],[35.839,-3.422],[35.862,-3.404],[35.878,-3.412],[35.883,-3.439],[35.895,-3.459],[35.894,-3.48],[35.888,-3.512],[35.882,-3.542],[35.859,-3.601],[35.869,-3.661],[35.865,-3.68],[35.856,-3.7],[35.847,-3.697],[35.839,-3.694],[35.836,-3.703],[35.833,-3.711],[35.826,-3.72],[35.82,-3.73],[35.783,-3.764],[35.739,-3.761]]]}},{"type":"Feature","properties":{"name":"Tumba","feature":"Lake","rank":5,"code":"COD"},"geometry":{"type":"Polygon","coordinates":[[[18.077,-0.942],[18.061,-0.952],[18.033,-0.977],[18.016,-0.972],[18.012,-0.96],[18.016,-0.945],[18.023,-0.929],[18.011,-0.928],[18.011,-0.923],[18.012,-0.917],[18.009,-0.909],[18.008,-0.905],[18.009,-0.9],[18.009,-0.896],[18.006,-0.894],[17.992,-0.895],[17.988,-0.894],[17.982,-0.892],[17.967,-0.89],[17.961,-0.888],[17.956,-0.882],[17.951,-0.866],[17.948,-0.86],[17.919,-0.832],[17.913,-0.819],[17.909,-0.798],[17.914,-0.792],[17.948,-0.799],[17.941,-0.775],[17.94,-0.723],[17.926,-0.703],[17.924,-0.709],[17.92,-0.713],[17.917,-0.718],[17.913,-0.723],[17.888,-0.716],[17.835,-0.724],[17.81,-0.716],[17.817,-0.71],[17.807,-0.695],[17.799,-0.679],[17.799,-0.663],[17.81,-0.648],[17.832,-0.677],[17.873,-0.675],[17.955,-0.641],[17.972,-0.637],[18.0,-0.633],[18.026,-0.634],[18.037,-0.645],[18.042,-0.657],[18.053,-0.66],[18.066,-0.66],[18.077,-0.662],[18.09,-0.668],[18.119,-0.696],[18.119,-0.716],[18.109,-0.722],[18.112,-0.728],[18.12,-0.736],[18.125,-0.747],[18.122,-0.754],[18.112,-0.756],[18.101,-0.755],[18.091,-0.751],[18.095,-0.788],[18.099,-0.799],[18.106,-0.806],[18.127,-0.818],[18.132,-0.826],[18.13,-0.84],[18.122,-0.844],[18.113,-0.844],[18.105,-0.847],[18.103,-0.852],[18.099,-0.884],[18.103,-0.891],[18.112,-0.898],[18.121,-0.907],[18.125,-0.919],[18.125,-0.932],[18.125,-0.935],[18.128,-0.941],[18.137,-0.947],[18.139,-0.953],[18.144,-0.961],[18.163,-0.98],[18.163,-0.984],[18.157,-0.987],[18.142,-1.0],[18.132,-1.004],[18.125,-0.99],[18.114,-0.987],[18.091,-0.991],[18.084,-0.993],[18.078,-0.997],[18.073,-0.997],[18.071,-0.987],[18.073,-0.977],[18.083,-0.961],[18.085,-0.953],[18.077,-0.942]]]}},{"type":"Feature","properties":{"name":"Poyang Lake","feature":"Lake","rank":5,"code":"CHN"},"geometry":{"type":"Polygon","coordinates":[[[116.444,30.101],[116.455,30.117],[116.446,30.124],[116.426,30.115],[116.393,30.094],[116.393,30.099],[116.398,30.109],[116.394,30.113],[116.384,30.113],[116.396,30.123],[116.407,30.127],[116.407,30.134],[116.394,30.137],[116.384,30.141],[116.375,30.147],[116.366,30.155],[116.37,30.155],[116.373,30.157],[116.376,30.159],[116.38,30.162],[116.393,30.155],[116.385,30.168],[116.371,30.175],[116.355,30.176],[116.338,30.169],[116.32,30.177],[116.318,30.182],[116.317,30.192],[116.322,30.215],[116.316,30.224],[116.297,30.224],[116.312,30.235],[116.326,30.241],[116.337,30.237],[116.345,30.224],[116.351,30.23],[116.348,30.235],[116.347,30.24],[116.345,30.25],[116.359,30.244],[116.358,30.255],[116.361,30.262],[116.365,30.266],[116.373,30.271],[116.369,30.224],[116.378,30.22],[116.388,30.212],[116.397,30.211],[116.407,30.224],[116.412,30.21],[116.413,30.195],[116.419,30.181],[116.435,30.175],[116.433,30.193],[116.431,30.201],[116.427,30.21],[116.436,30.205],[116.446,30.204],[116.454,30.204],[116.461,30.203],[116.46,30.205],[116.464,30.208],[116.471,30.209],[116.476,30.21],[116.477,30.199],[116.479,30.192],[116.486,30.189],[116.504,30.196],[116.527,30.227],[116.543,30.237],[116.543,30.22],[116.537,30.183],[116.531,30.169],[116.536,30.165],[116.538,30.162],[116.54,30.159],[116.543,30.155],[116.533,30.154],[116.519,30.15],[116.508,30.144],[116.504,30.137],[116.507,30.125],[116.514,30.123],[116.525,30.124],[116.537,30.121],[116.55,30.111],[116.555,30.102],[116.551,30.096],[116.534,30.094],[116.52,30.09],[116.496,30.072],[116.482,30.066],[116.483,30.076],[116.487,30.085],[116.494,30.091],[116.504,30.094],[116.504,30.099],[116.492,30.1],[116.482,30.1],[116.471,30.098],[116.461,30.094],[116.444,30.101]]]}},{"type":"Feature","properties":{"name":"Buir","feature":"Lake","rank":5,"code":"MNG"},"geometry":{"type":"Polygon","coordinates":[[[117.572,47.656],[117.581,47.678],[117.592,47.697],[117.572,47.697],[117.555,47.702],[117.541,47.71],[117.53,47.718],[117.508,47.755],[117.504,47.76],[117.512,47.786],[117.534,47.812],[117.685,47.955],[117.706,47.967],[117.739,47.977],[117.773,47.98],[117.799,47.971],[117.821,47.923],[117.832,47.91],[117.847,47.902],[117.861,47.897],[117.873,47.889],[117.882,47.869],[117.882,47.834],[117.869,47.81],[117.803,47.747],[117.73,47.714],[117.699,47.694],[117.673,47.677],[117.64,47.663],[117.605,47.655],[117.572,47.656]]]}},{"type":"Feature","properties":{"name":"Ang Laren","feature":"Lake","rank":5,"code":"CHN"},"geometry":{"type":"Polygon","coordinates":[[[83.348,31.436],[83.316,31.444],[83.286,31.456],[83.26,31.471],[83.256,31.463],[83.253,31.459],[83.249,31.459],[83.24,31.464],[83.23,31.461],[83.21,31.459],[83.19,31.46],[83.178,31.464],[83.144,31.45],[83.134,31.462],[83.097,31.491],[83.089,31.501],[83.081,31.519],[83.062,31.531],[83.043,31.537],[83.034,31.535],[83.028,31.519],[83.013,31.518],[82.995,31.524],[82.98,31.525],[82.971,31.519],[82.959,31.501],[82.948,31.498],[82.94,31.5],[82.911,31.512],[82.892,31.514],[82.878,31.524],[82.866,31.534],[82.833,31.545],[82.822,31.559],[82.823,31.574],[82.839,31.58],[82.94,31.581],[82.957,31.579],[82.972,31.573],[82.968,31.581],[82.965,31.585],[82.962,31.587],[82.954,31.588],[82.953,31.591],[82.954,31.595],[82.952,31.6],[82.949,31.604],[82.946,31.613],[82.942,31.618],[82.924,31.62],[82.918,31.621],[82.928,31.635],[82.942,31.642],[82.958,31.643],[82.98,31.641],[82.999,31.634],[83.019,31.624],[83.035,31.62],[83.041,31.632],[83.051,31.644],[83.073,31.655],[83.098,31.66],[83.116,31.656],[83.125,31.642],[83.12,31.632],[83.11,31.623],[83.102,31.615],[83.092,31.61],[83.089,31.606],[83.096,31.6],[83.101,31.601],[83.108,31.604],[83.12,31.611],[83.131,31.615],[83.136,31.606],[83.138,31.593],[83.141,31.587],[83.191,31.578],[83.201,31.574],[83.21,31.568],[83.213,31.563],[83.217,31.553],[83.226,31.549],[83.247,31.546],[83.262,31.537],[83.306,31.503],[83.324,31.475],[83.364,31.451],[83.377,31.436],[83.348,31.436]]]}},{"type":"Feature","properties":{"name":"Tangra Yumco","feature":"Lake","rank":5,"code":"CHN"},"geometry":{"type":"Polygon","coordinates":[[[86.769,31.224],[86.779,31.181],[86.796,31.142],[86.774,31.123],[86.749,31.119],[86.687,31.121],[86.659,31.114],[86.635,31.099],[86.614,31.079],[86.597,31.052],[86.609,31.026],[86.607,31.002],[86.596,30.98],[86.584,30.964],[86.567,30.946],[86.56,30.936],[86.552,30.914],[86.53,30.894],[86.522,30.882],[86.521,30.869],[86.527,30.85],[86.529,30.837],[86.525,30.824],[86.515,30.814],[86.473,30.781],[86.451,30.769],[86.43,30.771],[86.413,30.785],[86.408,30.801],[86.375,30.864],[86.376,30.871],[86.39,30.874],[86.406,30.876],[86.416,30.878],[86.422,30.885],[86.427,30.893],[86.433,30.909],[86.442,30.95],[86.447,30.988],[86.454,31.0],[86.501,31.039],[86.514,31.054],[86.519,31.06],[86.529,31.066],[86.553,31.075],[86.566,31.082],[86.571,31.09],[86.575,31.113],[86.605,31.17],[86.615,31.211],[86.621,31.266],[86.63,31.285],[86.632,31.296],[86.63,31.307],[86.626,31.328],[86.626,31.34],[86.648,31.369],[86.69,31.368],[86.734,31.347],[86.762,31.313],[86.766,31.292],[86.769,31.224]]]}},{"type":"Feature","properties":{"name":"Siletiteniz","feature":"Lake","rank":5,"code":"KAZ"},"geometry":{"type":"Polygon","coordinates":[[[73.426,53.077],[73.433,53.068],[73.413,53.056],[73.376,53.056],[73.35,53.076],[73.327,53.102],[73.297,53.128],[73.293,53.135],[73.292,53.143],[73.297,53.152],[73.17,53.227],[73.113,53.247],[73.091,53.262],[73.083,53.273],[73.066,53.307],[73.06,53.336],[73.051,53.34],[73.04,53.336],[73.029,53.33],[72.984,53.293],[72.979,53.283],[72.977,53.272],[72.975,53.242],[72.964,53.251],[72.953,53.259],[72.942,53.259],[72.934,53.248],[72.922,53.254],[72.915,53.263],[72.911,53.275],[72.913,53.289],[72.932,53.286],[72.952,53.299],[72.988,53.338],[72.994,53.334],[73.009,53.33],[73.006,53.337],[73.001,53.343],[72.996,53.348],[72.988,53.352],[72.978,53.347],[72.964,53.344],[72.954,53.347],[72.954,53.358],[72.964,53.363],[72.98,53.363],[72.995,53.364],[73.001,53.375],[73.014,53.389],[73.044,53.396],[73.264,53.402],[73.317,53.393],[73.405,53.367],[73.436,53.341],[73.44,53.297],[73.434,53.281],[73.417,53.251],[73.413,53.239],[73.407,53.174],[73.413,53.152],[73.43,53.123],[73.433,53.111],[73.423,53.117],[73.412,53.118],[73.402,53.116],[73.392,53.111],[73.381,53.104],[73.38,53.1],[73.392,53.091],[73.426,53.077]]]}},{"type":"Feature","properties":{"name":"Sea of Galilee","feature":"Lake","rank":5,"code":"ISR"},"geometry":{"type":"Polygon","coordinates":[[[35.64,32.85],[35.637,32.841],[35.637,32.832],[35.641,32.821],[35.635,32.794],[35.636,32.782],[35.641,32.772],[35.635,32.77],[35.634,32.765],[35.634,32.76],[35.634,32.752],[35.599,32.718],[35.577,32.72],[35.57,32.738],[35.566,32.757],[35.555,32.766],[35.549,32.77],[35.538,32.793],[35.521,32.815],[35.517,32.821],[35.524,32.852],[35.555,32.881],[35.592,32.898],[35.614,32.896],[35.63,32.883],[35.638,32.875],[35.641,32.865],[35.64,32.85]]]}},{"type":"Feature","properties":{"name":"Yamdrok","feature":"Lake","rank":5,"code":"CHN"},"geometry":{"type":"Polygon","coordinates":[[[91.018,28.871],[91.002,28.876],[90.915,28.94],[90.905,28.935],[90.899,28.936],[90.895,28.942],[90.894,28.953],[90.887,28.953],[90.884,28.938],[90.878,28.927],[90.867,28.919],[90.853,28.912],[90.851,28.919],[90.851,28.926],[90.854,28.932],[90.86,28.94],[90.845,28.94],[90.834,28.937],[90.811,28.926],[90.811,28.934],[90.806,28.946],[90.805,28.953],[90.794,28.938],[90.775,28.925],[90.758,28.923],[90.75,28.936],[90.752,28.941],[90.757,28.944],[90.761,28.949],[90.764,28.956],[90.759,28.963],[90.749,28.968],[90.729,28.974],[90.726,28.961],[90.723,28.953],[90.764,28.897],[90.766,28.872],[90.729,28.857],[90.735,28.868],[90.734,28.874],[90.728,28.879],[90.723,28.885],[90.72,28.886],[90.702,28.903],[90.702,28.906],[90.689,28.909],[90.672,28.91],[90.657,28.906],[90.648,28.892],[90.682,28.888],[90.68,28.879],[90.604,28.822],[90.599,28.813],[90.598,28.797],[90.593,28.786],[90.583,28.781],[90.566,28.782],[90.566,28.788],[90.554,28.785],[90.524,28.786],[90.518,28.785],[90.515,28.782],[90.507,28.782],[90.5,28.786],[90.497,28.792],[90.499,28.799],[90.502,28.806],[90.505,28.815],[90.504,28.823],[90.491,28.833],[90.456,28.846],[90.449,28.854],[90.445,28.868],[90.438,28.883],[90.437,28.894],[90.452,28.898],[90.459,28.896],[90.472,28.887],[90.48,28.885],[90.49,28.884],[90.493,28.882],[90.493,28.877],[90.497,28.871],[90.496,28.868],[90.492,28.862],[90.49,28.856],[90.497,28.851],[90.504,28.85],[90.511,28.854],[90.516,28.86],[90.518,28.868],[90.52,28.871],[90.525,28.871],[90.529,28.868],[90.532,28.861],[90.53,28.853],[90.524,28.837],[90.523,28.823],[90.525,28.813],[90.533,28.808],[90.552,28.81],[90.547,28.819],[90.544,28.823],[90.55,28.826],[90.56,28.834],[90.566,28.837],[90.554,28.845],[90.559,28.876],[90.552,28.892],[90.563,28.89],[90.573,28.892],[90.581,28.897],[90.586,28.906],[90.587,28.908],[90.631,28.915],[90.641,28.92],[90.64,28.926],[90.629,28.931],[90.607,28.934],[90.599,28.94],[90.596,28.951],[90.6,28.959],[90.61,28.965],[90.623,28.967],[90.649,28.966],[90.662,28.966],[90.671,28.971],[90.684,28.979],[90.691,28.979],[90.695,28.982],[90.695,28.998],[90.691,29.022],[90.678,29.041],[90.648,29.076],[90.666,29.087],[90.665,29.113],[90.657,29.14],[90.651,29.152],[90.638,29.155],[90.629,29.169],[90.604,29.175],[90.584,29.184],[90.572,29.186],[90.546,29.182],[90.502,29.158],[90.461,29.146],[90.436,29.131],[90.394,29.097],[90.4,29.087],[90.397,29.079],[90.391,29.078],[90.387,29.087],[90.381,29.1],[90.369,29.106],[90.361,29.112],[90.366,29.125],[90.381,29.112],[90.401,29.125],[90.424,29.147],[90.446,29.159],[90.474,29.165],[90.521,29.193],[90.548,29.2],[90.607,29.195],[90.661,29.179],[90.676,29.171],[90.688,29.162],[90.702,29.155],[90.734,29.149],[90.741,29.142],[90.738,29.135],[90.723,29.131],[90.732,29.116],[90.737,29.111],[90.729,29.104],[90.723,29.108],[90.716,29.111],[90.72,29.057],[90.726,29.049],[90.731,29.046],[90.736,29.039],[90.744,29.032],[90.754,29.029],[90.763,29.03],[90.781,29.034],[90.791,29.035],[90.785,29.023],[90.774,29.016],[90.759,29.014],[90.743,29.016],[90.759,29.0],[90.782,28.986],[90.832,28.967],[90.832,28.974],[90.818,28.981],[90.823,28.993],[90.846,29.016],[90.839,29.016],[90.845,29.024],[90.846,29.029],[90.862,29.019],[90.874,29.02],[90.885,29.025],[90.898,29.029],[90.933,29.028],[90.945,29.024],[90.942,29.016],[90.954,29.002],[90.963,28.994],[91.013,28.968],[91.023,28.957],[91.018,28.947],[91.005,28.945],[90.991,28.951],[90.979,28.958],[90.97,28.96],[90.953,28.953],[90.952,28.944],[90.96,28.935],[90.97,28.926],[91.024,28.892],[91.042,28.875],[91.018,28.871]]]}},{"type":"Feature","properties":{"name":"Shijiu","feature":"Lake","rank":5,"code":"CHN"},"geometry":{"type":"Polygon","coordinates":[[[118.823,31.402],[118.772,31.471],[118.764,31.484],[118.791,31.429],[118.795,31.401],[118.784,31.389],[118.773,31.393],[118.778,31.409],[118.758,31.424],[118.751,31.434],[118.75,31.444],[118.747,31.456],[118.738,31.473],[118.732,31.489],[118.736,31.498],[118.736,31.505],[118.757,31.505],[118.742,31.518],[118.724,31.528],[118.706,31.535],[118.688,31.539],[118.723,31.559],[118.734,31.556],[118.75,31.542],[118.786,31.533],[118.795,31.532],[118.802,31.532],[118.806,31.534],[118.816,31.542],[118.823,31.546],[118.829,31.544],[118.834,31.54],[118.84,31.539],[118.903,31.548],[118.939,31.566],[118.952,31.552],[118.963,31.512],[118.967,31.507],[118.972,31.501],[118.975,31.494],[118.977,31.484],[118.973,31.474],[118.966,31.46],[118.957,31.448],[118.946,31.444],[118.913,31.443],[118.908,31.44],[118.906,31.436],[118.894,31.402],[118.858,31.382],[118.823,31.402]]]}},{"type":"Feature","properties":{"name":"Hong","feature":"Lake","rank":5,"code":"CHN"},"geometry":{"type":"Polygon","coordinates":[[[113.436,29.949],[113.453,29.956],[113.466,29.931],[113.462,29.9],[113.446,29.872],[113.423,29.861],[113.416,29.86],[113.41,29.855],[113.39,29.851],[113.388,29.846],[113.391,29.84],[113.395,29.815],[113.392,29.803],[113.369,29.792],[113.356,29.763],[113.347,29.757],[113.339,29.754],[113.327,29.74],[113.32,29.736],[113.279,29.761],[113.274,29.767],[113.275,29.788],[113.27,29.8],[113.246,29.811],[113.241,29.826],[113.231,29.84],[113.222,29.861],[113.218,29.886],[113.227,29.908],[113.246,29.917],[113.271,29.916],[113.295,29.907],[113.309,29.887],[113.296,29.887],[113.306,29.875],[113.335,29.861],[113.344,29.846],[113.351,29.846],[113.357,29.867],[113.342,29.87],[113.338,29.881],[113.341,29.895],[113.351,29.908],[113.346,29.925],[113.353,29.943],[113.368,29.957],[113.382,29.963],[113.402,29.959],[113.42,29.952],[113.436,29.949]]]}},{"type":"Feature","properties":{"name":"Chao","feature":"Lake","rank":5,"code":"CHN"},"geometry":{"type":"Polygon","coordinates":[[[117.936,31.548],[117.953,31.527],[117.955,31.498],[117.932,31.515],[117.926,31.524],[117.929,31.532],[117.929,31.539],[117.912,31.549],[117.875,31.564],[117.846,31.583],[117.835,31.588],[117.821,31.589],[117.798,31.587],[117.778,31.591],[117.768,31.591],[117.75,31.559],[117.734,31.545],[117.7,31.522],[117.685,31.509],[117.661,31.476],[117.647,31.462],[117.625,31.455],[117.617,31.446],[117.613,31.444],[117.606,31.442],[117.596,31.444],[117.562,31.444],[117.558,31.44],[117.548,31.438],[117.5,31.453],[117.471,31.47],[117.456,31.476],[117.442,31.484],[117.434,31.498],[117.416,31.517],[117.384,31.543],[117.376,31.546],[117.36,31.548],[117.338,31.555],[117.318,31.564],[117.304,31.573],[117.288,31.612],[117.289,31.661],[117.306,31.704],[117.339,31.724],[117.36,31.72],[117.396,31.701],[117.438,31.69],[117.439,31.674],[117.432,31.654],[117.428,31.635],[117.435,31.612],[117.452,31.597],[117.475,31.589],[117.546,31.58],[117.563,31.583],[117.585,31.6],[117.623,31.643],[117.645,31.658],[117.678,31.663],[117.707,31.66],[117.846,31.608],[117.857,31.599],[117.881,31.572],[117.89,31.566],[117.913,31.562],[117.936,31.548]]]}},{"type":"Feature","properties":{"name":"Sevan","feature":"Lake","rank":5,"code":"ARM"},"geometry":{"type":"Polygon","coordinates":[[[45.039,40.496],[45.018,40.496],[44.994,40.499],[44.972,40.507],[44.96,40.52],[44.967,40.537],[44.983,40.546],[45.001,40.551],[45.013,40.558],[45.005,40.574],[44.996,40.581],[44.986,40.585],[44.978,40.591],[44.974,40.602],[44.975,40.615],[44.978,40.624],[44.986,40.627],[45.001,40.625],[45.078,40.602],[45.091,40.602],[45.1,40.59],[45.222,40.533],[45.247,40.51],[45.276,40.49],[45.289,40.483],[45.293,40.482],[45.297,40.479],[45.295,40.466],[45.296,40.461],[45.303,40.458],[45.31,40.455],[45.33,40.454],[45.336,40.453],[45.346,40.448],[45.351,40.448],[45.354,40.45],[45.358,40.455],[45.36,40.459],[45.355,40.461],[45.35,40.468],[45.352,40.48],[45.358,40.489],[45.369,40.485],[45.377,40.479],[45.406,40.468],[45.44,40.442],[45.491,40.386],[45.529,40.365],[45.57,40.354],[45.584,40.345],[45.649,40.275],[45.661,40.253],[45.666,40.225],[45.662,40.201],[45.649,40.183],[45.63,40.171],[45.608,40.167],[45.563,40.172],[45.557,40.17],[45.509,40.146],[45.491,40.155],[45.468,40.163],[45.444,40.166],[45.423,40.157],[45.404,40.145],[45.381,40.139],[45.33,40.139],[45.286,40.148],[45.254,40.168],[45.233,40.2],[45.221,40.242],[45.228,40.324],[45.227,40.372],[45.207,40.4],[45.198,40.399],[45.177,40.389],[45.166,40.386],[45.158,40.389],[45.141,40.398],[45.129,40.4],[45.125,40.405],[45.124,40.416],[45.125,40.438],[45.121,40.45],[45.113,40.453],[45.102,40.452],[45.091,40.454],[45.081,40.46],[45.057,40.482],[45.039,40.496]]]}},{"type":"Feature","properties":{"name":"","feature":"Lake","rank":5,"code":"CHN"},"geometry":{"type":"Polygon","coordinates":[[[114.854,30.314],[114.858,30.313],[114.859,30.301],[114.849,30.298],[114.838,30.292],[114.838,30.271],[114.831,30.271],[114.83,30.28],[114.828,30.284],[114.822,30.285],[114.814,30.285],[114.806,30.287],[114.798,30.291],[114.794,30.296],[114.797,30.299],[114.785,30.293],[114.783,30.283],[114.788,30.272],[114.797,30.265],[114.782,30.258],[114.776,30.266],[114.773,30.279],[114.765,30.285],[114.75,30.29],[114.734,30.309],[114.721,30.313],[114.74,30.28],[114.742,30.265],[114.735,30.244],[114.753,30.244],[114.764,30.238],[114.774,30.23],[114.789,30.224],[114.789,30.216],[114.776,30.21],[114.773,30.214],[114.767,30.219],[114.762,30.224],[114.755,30.21],[114.754,30.214],[114.749,30.224],[114.74,30.22],[114.733,30.214],[114.729,30.206],[114.728,30.196],[114.71,30.205],[114.679,30.233],[114.666,30.23],[114.657,30.237],[114.65,30.241],[114.649,30.254],[114.663,30.259],[114.683,30.261],[114.701,30.265],[114.701,30.271],[114.673,30.271],[114.673,30.278],[114.677,30.281],[114.682,30.287],[114.687,30.291],[114.679,30.299],[114.662,30.291],[114.662,30.302],[114.669,30.313],[114.673,30.309],[114.707,30.318],[114.717,30.323],[114.739,30.354],[114.749,30.36],[114.75,30.356],[114.759,30.346],[114.772,30.337],[114.783,30.332],[114.778,30.346],[114.785,30.353],[114.798,30.351],[114.81,30.34],[114.822,30.346],[114.826,30.341],[114.827,30.333],[114.831,30.326],[114.854,30.314]]]}},{"type":"Feature","properties":{"name":"","feature":"Lake","rank":5,"code":"CHN"},"geometry":{"type":"Polygon","coordinates":[[[114.57,30.669],[114.589,30.673],[114.605,30.664],[114.613,30.649],[114.611,30.634],[114.626,30.63],[114.641,30.628],[114.673,30.628],[114.673,30.634],[114.662,30.638],[114.655,30.648],[114.649,30.661],[114.642,30.673],[114.628,30.717],[114.644,30.719],[114.664,30.729],[114.673,30.73],[114.681,30.723],[114.689,30.713],[114.697,30.71],[114.707,30.724],[114.695,30.73],[114.698,30.736],[114.709,30.741],[114.721,30.744],[114.714,30.755],[114.709,30.768],[114.71,30.778],[114.721,30.785],[114.723,30.764],[114.73,30.744],[114.742,30.73],[114.759,30.724],[114.773,30.715],[114.784,30.67],[114.804,30.656],[114.776,30.645],[114.762,30.643],[114.749,30.648],[114.718,30.622],[114.676,30.609],[114.632,30.613],[114.596,30.636],[114.57,30.669]]]}},{"type":"Feature","properties":{"name":"Nansi","feature":"Lake","rank":5,"code":"CHN"},"geometry":{"type":"Polygon","coordinates":[[[117.328,34.627],[117.339,34.612],[117.343,34.591],[117.34,34.58],[117.318,34.57],[117.306,34.559],[117.262,34.505],[117.26,34.5],[117.244,34.497],[117.229,34.49],[117.202,34.473],[117.197,34.486],[117.202,34.513],[117.195,34.528],[117.18,34.524],[117.169,34.536],[117.129,34.637],[117.126,34.66],[117.134,34.703],[117.134,34.724],[117.123,34.732],[117.118,34.738],[117.125,34.749],[117.135,34.756],[117.14,34.75],[117.142,34.74],[117.148,34.734],[117.156,34.732],[117.16,34.732],[117.185,34.718],[117.234,34.699],[117.257,34.684],[117.328,34.627]]]}},{"type":"Feature","properties":{"name":"","feature":"Lake","rank":5,"code":"CHN"},"geometry":{"type":"Polygon","coordinates":[[[114.662,30.35],[114.649,30.339],[114.633,30.334],[114.618,30.34],[114.621,30.342],[114.622,30.342],[114.623,30.343],[114.625,30.347],[114.598,30.347],[114.586,30.349],[114.578,30.354],[114.568,30.357],[114.558,30.362],[114.55,30.369],[114.553,30.378],[114.557,30.386],[114.551,30.39],[114.536,30.395],[114.524,30.412],[114.516,30.419],[114.505,30.422],[114.496,30.421],[114.487,30.417],[114.479,30.417],[114.467,30.422],[114.476,30.432],[114.493,30.44],[114.502,30.45],[114.507,30.445],[114.522,30.436],[114.523,30.439],[114.522,30.45],[114.546,30.427],[114.558,30.421],[114.564,30.436],[114.581,30.425],[114.588,30.405],[114.591,30.36],[114.606,30.369],[114.613,30.388],[114.614,30.41],[114.611,30.429],[114.628,30.416],[114.639,30.412],[114.648,30.419],[114.659,30.436],[114.645,30.429],[114.647,30.442],[114.649,30.445],[114.653,30.45],[114.653,30.456],[114.632,30.466],[114.621,30.469],[114.608,30.469],[114.602,30.474],[114.608,30.496],[114.604,30.505],[114.604,30.511],[114.617,30.507],[114.628,30.497],[114.636,30.487],[114.642,30.483],[114.649,30.481],[114.667,30.469],[114.673,30.463],[114.679,30.463],[114.694,30.483],[114.694,30.491],[114.679,30.494],[114.666,30.5],[114.657,30.51],[114.653,30.524],[114.663,30.522],[114.671,30.52],[114.679,30.521],[114.687,30.524],[114.689,30.509],[114.7,30.504],[114.735,30.505],[114.739,30.507],[114.741,30.51],[114.744,30.51],[114.752,30.501],[114.753,30.495],[114.751,30.488],[114.746,30.482],[114.742,30.477],[114.767,30.479],[114.779,30.477],[114.776,30.469],[114.762,30.464],[114.748,30.464],[114.736,30.461],[114.728,30.45],[114.734,30.45],[114.748,30.449],[114.755,30.45],[114.753,30.433],[114.757,30.421],[114.757,30.416],[114.742,30.415],[114.727,30.418],[114.722,30.424],[114.718,30.434],[114.707,30.45],[114.702,30.444],[114.696,30.433],[114.694,30.429],[114.696,30.429],[114.687,30.408],[114.671,30.395],[114.666,30.388],[114.664,30.38],[114.666,30.373],[114.669,30.366],[114.673,30.36],[114.662,30.35]]]}},{"type":"Feature","properties":{"name":"Futou Lake","feature":"Lake","rank":5,"code":"CHN"},"geometry":{"type":"Polygon","coordinates":[[[114.294,30.034],[114.305,30.036],[114.31,30.038],[114.31,30.025],[114.306,30.012],[114.302,30.004],[114.296,30.004],[114.289,29.989],[114.276,29.984],[114.242,29.983],[114.246,29.976],[114.245,29.968],[114.238,29.965],[114.228,29.97],[114.201,29.952],[114.218,29.94],[114.252,29.931],[114.276,29.922],[114.266,29.905],[114.256,29.894],[114.243,29.89],[114.221,29.894],[114.2,29.901],[114.18,29.91],[114.163,29.921],[114.152,29.935],[114.159,29.929],[114.147,29.953],[114.14,29.981],[114.137,30.008],[114.138,30.032],[114.14,30.031],[114.144,30.034],[114.149,30.039],[114.152,30.045],[114.152,30.049],[114.147,30.059],[114.146,30.066],[114.145,30.093],[114.147,30.105],[114.152,30.114],[114.159,30.099],[114.178,30.123],[114.202,30.145],[114.23,30.154],[114.262,30.141],[114.25,30.127],[114.235,30.116],[114.224,30.103],[114.228,30.08],[114.243,30.075],[114.249,30.052],[114.251,30.035],[114.256,30.045],[114.256,30.039],[114.262,30.024],[114.271,30.031],[114.278,30.039],[114.284,30.048],[114.29,30.059],[114.293,30.05],[114.295,30.045],[114.294,30.041],[114.29,30.032],[114.294,30.034]]]}},{"type":"Feature","properties":{"name":"","feature":"Lake","rank":5,"code":"CHN"},"geometry":{"type":"Polygon","coordinates":[[[114.131,29.927],[114.158,29.887],[114.166,29.862],[114.161,29.852],[114.138,29.874],[114.135,29.863],[114.131,29.856],[114.125,29.85],[114.118,29.846],[114.113,29.859],[114.113,29.869],[114.116,29.879],[114.118,29.891],[114.116,29.906],[114.112,29.911],[114.105,29.914],[114.097,29.922],[114.085,29.955],[114.075,29.97],[114.056,29.977],[114.069,29.951],[114.07,29.934],[114.061,29.922],[114.042,29.908],[114.039,29.903],[114.041,29.899],[114.04,29.895],[114.032,29.894],[114.027,29.892],[114.014,29.883],[114.008,29.88],[113.998,29.878],[113.989,29.879],[113.98,29.876],[113.968,29.867],[113.964,29.872],[113.962,29.877],[113.961,29.885],[113.961,29.887],[113.959,29.891],[113.959,29.895],[113.957,29.898],[113.954,29.902],[113.989,29.911],[114.003,29.917],[114.015,29.929],[114.0,29.97],[113.992,29.977],[113.977,29.972],[113.96,29.953],[113.947,29.949],[113.949,29.953],[113.954,29.97],[113.941,29.971],[113.933,29.977],[113.929,29.987],[113.926,29.997],[113.938,29.992],[113.955,29.987],[113.985,29.983],[113.99,29.986],[113.996,29.992],[114.0,29.998],[114.002,30.001],[114.006,30.006],[114.015,30.001],[114.025,29.994],[114.028,29.99],[114.039,29.997],[114.059,30.02],[114.066,30.024],[114.088,30.035],[114.098,30.036],[114.09,30.024],[114.1,30.01],[114.118,29.991],[114.124,29.977],[114.128,29.959],[114.128,29.943],[114.131,29.927]]]}},{"type":"Feature","properties":{"name":"Hoh Xil Hu","feature":"Lake","rank":5,"code":"CHN"},"geometry":{"type":"Polygon","coordinates":[[[91.283,35.63],[91.298,35.609],[91.339,35.58],[91.307,35.568],[91.289,35.565],[91.271,35.565],[91.299,35.539],[91.3,35.529],[91.275,35.525],[91.233,35.527],[91.219,35.531],[91.202,35.539],[91.16,35.551],[91.072,35.558],[91.038,35.573],[91.019,35.589],[91.004,35.6],[90.985,35.606],[90.96,35.607],[90.942,35.615],[90.932,35.631],[90.935,35.648],[90.957,35.655],[90.968,35.653],[90.997,35.642],[90.998,35.64],[91.002,35.635],[91.007,35.63],[91.012,35.628],[91.016,35.632],[91.018,35.638],[91.021,35.646],[91.028,35.649],[91.094,35.647],[91.114,35.642],[91.139,35.629],[91.15,35.627],[91.223,35.635],[91.219,35.641],[91.217,35.647],[91.219,35.653],[91.223,35.662],[91.241,35.648],[91.263,35.64],[91.283,35.63]]]}},{"type":"Feature","properties":{"name":"","feature":"Lake","rank":5,"code":"CHN"},"geometry":{"type":"Polygon","coordinates":[[[85.895,30.955],[85.9,30.945],[85.903,30.934],[85.899,30.922],[85.886,30.914],[85.877,30.917],[85.873,30.926],[85.878,30.936],[85.871,30.932],[85.862,30.93],[85.852,30.93],[85.842,30.931],[85.856,30.914],[85.862,30.887],[85.862,30.856],[85.856,30.814],[85.844,30.777],[85.837,30.764],[85.816,30.748],[85.8,30.749],[85.784,30.756],[85.761,30.758],[85.766,30.766],[85.771,30.771],[85.778,30.772],[85.789,30.772],[85.789,30.779],[85.772,30.782],[85.769,30.789],[85.773,30.796],[85.776,30.796],[85.781,30.794],[85.792,30.8],[85.803,30.81],[85.81,30.819],[85.786,30.818],[85.762,30.831],[85.743,30.852],[85.734,30.874],[85.719,30.868],[85.705,30.871],[85.691,30.878],[85.675,30.882],[85.659,30.879],[85.611,30.861],[85.598,30.871],[85.59,30.865],[85.584,30.848],[85.583,30.83],[85.574,30.82],[85.555,30.826],[85.522,30.847],[85.413,30.87],[85.378,30.889],[85.369,30.896],[85.359,30.91],[85.331,30.957],[85.333,30.976],[85.342,30.993],[85.354,31.008],[85.397,31.036],[85.405,31.046],[85.406,31.055],[85.4,31.07],[85.402,31.076],[85.412,31.081],[85.424,31.081],[85.437,31.078],[85.447,31.073],[85.481,31.049],[85.497,31.042],[85.522,31.039],[85.537,31.034],[85.568,31.015],[85.587,31.011],[85.614,31.002],[85.629,30.999],[85.638,31.005],[85.635,31.015],[85.627,31.021],[85.628,31.027],[85.652,31.039],[85.656,31.032],[85.666,31.023],[85.675,31.019],[85.679,31.028],[85.685,31.038],[85.699,31.038],[85.747,31.027],[85.784,31.005],[85.803,30.997],[85.854,30.992],[85.881,30.984],[85.892,30.967],[85.895,30.955]]]}},{"type":"Feature","properties":{"name":"Biwa","feature":"Lake","rank":6,"code":"JPN"},"geometry":{"type":"Polygon","coordinates":[[[136.221,35.385],[136.249,35.377],[136.279,35.365],[136.277,35.337],[136.253,35.284],[136.24,35.271],[136.163,35.226],[136.105,35.205],[136.078,35.19],[136.06,35.165],[136.079,35.159],[136.074,35.149],[136.056,35.14],[136.036,35.137],[136.018,35.135],[136.0,35.132],[135.983,35.125],[135.971,35.116],[135.965,35.123],[135.957,35.104],[135.953,35.078],[135.945,35.057],[135.927,35.048],[135.919,35.039],[135.919,34.995],[135.91,34.979],[135.898,34.98],[135.885,34.99],[135.873,35.006],[135.868,35.024],[135.874,35.039],[135.922,35.105],[135.928,35.119],[135.932,35.171],[135.937,35.186],[135.957,35.219],[136.016,35.267],[136.026,35.277],[136.034,35.292],[136.068,35.308],[136.074,35.321],[136.043,35.387],[136.043,35.398],[136.051,35.411],[136.058,35.437],[136.071,35.454],[136.095,35.444],[136.114,35.477],[136.122,35.487],[136.126,35.472],[136.128,35.456],[136.135,35.443],[136.153,35.438],[136.157,35.445],[136.16,35.462],[136.163,35.5],[136.178,35.495],[136.19,35.487],[136.197,35.475],[136.197,35.459],[136.197,35.466],[136.199,35.435],[136.205,35.406],[136.221,35.385]]]}},{"type":"Feature","properties":{"name":"Üüreg","feature":"Lake","rank":6,"code":"MNG"},"geometry":{"type":"Polygon","coordinates":[[[90.946,50.088],[90.91,50.112],[90.869,50.123],[90.874,50.136],[90.905,50.162],[90.929,50.192],[90.933,50.204],[90.934,50.214],[90.94,50.221],[90.957,50.22],[90.975,50.214],[91.052,50.22],[91.07,50.216],[91.09,50.21],[91.108,50.202],[91.121,50.192],[91.129,50.18],[91.137,50.163],[91.141,50.143],[91.141,50.124],[91.131,50.103],[91.113,50.093],[91.091,50.09],[91.066,50.089],[90.966,50.083],[90.946,50.088]]]}},{"type":"Feature","properties":{"name":"","feature":"Lake","rank":6,"code":"CHN"},"geometry":{"type":"Polygon","coordinates":[[[90.311,33.319],[90.291,33.314],[90.236,33.342],[90.213,33.35],[90.194,33.361],[90.16,33.39],[90.124,33.358],[90.086,33.362],[89.996,33.403],[90.015,33.426],[90.017,33.434],[90.014,33.446],[90.008,33.45],[90.001,33.452],[89.996,33.458],[89.995,33.475],[90.006,33.473],[90.023,33.463],[90.053,33.454],[90.091,33.435],[90.119,33.413],[90.138,33.404],[90.159,33.399],[90.181,33.397],[90.196,33.398],[90.207,33.403],[90.282,33.453],[90.294,33.458],[90.303,33.48],[90.293,33.529],[90.27,33.602],[90.278,33.602],[90.287,33.599],[90.293,33.613],[90.297,33.632],[90.298,33.725],[90.316,33.689],[90.319,33.681],[90.338,33.671],[90.342,33.664],[90.325,33.657],[90.336,33.624],[90.344,33.609],[90.356,33.602],[90.362,33.594],[90.378,33.556],[90.391,33.547],[90.402,33.531],[90.407,33.493],[90.408,33.42],[90.4,33.421],[90.364,33.415],[90.353,33.41],[90.348,33.401],[90.343,33.383],[90.34,33.376],[90.312,33.362],[90.312,33.349],[90.315,33.333],[90.311,33.319]]]}},{"type":"Feature","properties":{"name":"","feature":"Lake","rank":6,"code":"CHN"},"geometry":{"type":"Polygon","coordinates":[[[89.956,33.513],[89.973,33.492],[89.977,33.485],[89.973,33.472],[89.965,33.467],[89.956,33.464],[89.949,33.458],[89.947,33.438],[89.949,33.41],[89.947,33.386],[89.932,33.376],[89.917,33.37],[89.902,33.358],[89.892,33.344],[89.887,33.331],[89.882,33.308],[89.87,33.293],[89.853,33.282],[89.832,33.273],[89.848,33.26],[89.843,33.247],[89.825,33.243],[89.801,33.256],[89.794,33.266],[89.799,33.27],[89.808,33.272],[89.812,33.28],[89.807,33.286],[89.79,33.302],[89.784,33.314],[89.778,33.348],[89.777,33.383],[89.789,33.412],[89.818,33.423],[89.806,33.43],[89.753,33.43],[89.729,33.437],[89.674,33.478],[89.661,33.492],[89.668,33.499],[89.693,33.483],[89.739,33.465],[89.789,33.453],[89.822,33.461],[89.83,33.467],[89.838,33.47],[89.844,33.475],[89.846,33.488],[89.846,33.5],[89.847,33.509],[89.852,33.516],[89.863,33.519],[89.93,33.525],[89.949,33.519],[89.956,33.513]]]}},{"type":"Feature","properties":{"name":"","feature":"Lake","rank":6,"code":"IND"},"geometry":{"type":"Polygon","coordinates":[[[75.915,32.109],[75.919,32.111],[75.921,32.114],[75.919,32.123],[75.919,32.127],[75.922,32.129],[75.935,32.131],[75.942,32.132],[75.946,32.135],[75.946,32.14],[75.945,32.144],[75.933,32.161],[75.931,32.166],[75.93,32.171],[75.933,32.175],[75.937,32.178],[75.943,32.179],[75.954,32.178],[75.974,32.168],[75.998,32.137],[76.006,32.133],[76.012,32.133],[76.015,32.137],[76.025,32.158],[76.03,32.162],[76.035,32.165],[76.042,32.167],[76.044,32.164],[76.043,32.141],[76.039,32.123],[76.039,32.115],[76.041,32.108],[76.046,32.1],[76.052,32.097],[76.058,32.098],[76.064,32.101],[76.071,32.101],[76.074,32.098],[76.076,32.092],[76.08,32.086],[76.086,32.083],[76.099,32.085],[76.107,32.085],[76.111,32.081],[76.112,32.077],[76.111,32.071],[76.105,32.055],[76.105,32.048],[76.107,32.04],[76.112,32.028],[76.117,32.022],[76.122,32.018],[76.128,32.015],[76.135,32.015],[76.142,32.015],[76.161,32.019],[76.169,32.018],[76.173,32.014],[76.173,32.009],[76.172,32.005],[76.17,32.002],[76.169,32.001],[76.169,32.001],[76.169,32.0],[76.169,32.0],[76.168,32.0],[76.168,32.0],[76.161,31.991],[76.158,31.986],[76.157,31.98],[76.159,31.974],[76.161,31.968],[76.187,31.925],[76.197,31.906],[76.2,31.896],[76.2,31.883],[76.2,31.878],[76.198,31.874],[76.194,31.87],[76.188,31.869],[76.182,31.869],[76.177,31.872],[76.172,31.874],[76.16,31.885],[76.155,31.887],[76.15,31.887],[76.145,31.884],[76.138,31.877],[76.134,31.874],[76.129,31.872],[76.124,31.873],[76.119,31.876],[76.117,31.881],[76.114,31.886],[76.112,31.89],[76.109,31.894],[76.102,31.895],[76.089,31.896],[76.083,31.899],[76.08,31.902],[76.08,31.913],[76.079,31.918],[76.076,31.922],[76.071,31.924],[76.051,31.927],[76.008,31.941],[76.004,31.944],[76.001,31.947],[75.998,31.949],[75.993,31.951],[75.98,31.954],[75.969,31.96],[75.963,31.961],[75.942,31.962],[75.937,31.963],[75.935,31.965],[75.935,31.965],[75.935,31.966],[75.934,31.967],[75.94,31.976],[75.944,31.987],[75.947,31.992],[75.954,32.0],[75.954,32.0],[75.954,32.0],[75.954,32.0],[75.958,32.037],[75.957,32.042],[75.952,32.045],[75.94,32.049],[75.935,32.052],[75.931,32.056],[75.93,32.06],[75.931,32.065],[75.932,32.07],[75.932,32.076],[75.933,32.081],[75.937,32.089],[75.935,32.093],[75.929,32.096],[75.918,32.1],[75.914,32.103],[75.912,32.106],[75.915,32.109]]]}},{"type":"Feature","properties":{"name":"","feature":"Lake","rank":6,"code":"CHN"},"geometry":{"type":"Polygon","coordinates":[[[91.527,32.119],[91.534,32.094],[91.534,32.068],[91.532,32.047],[91.516,31.999],[91.511,31.971],[91.518,31.95],[91.506,31.942],[91.463,31.929],[91.468,31.943],[91.464,31.952],[91.454,31.959],[91.443,31.964],[91.431,31.981],[91.424,32.013],[91.421,32.048],[91.422,32.073],[91.433,32.095],[91.456,32.119],[91.484,32.135],[91.511,32.136],[91.527,32.119]]]}},{"type":"Feature","properties":{"name":"","feature":"Lake","rank":6,"code":"CHN"},"geometry":{"type":"Polygon","coordinates":[[[87.606,31.954],[87.606,31.944],[87.617,31.922],[87.611,31.904],[87.598,31.887],[87.571,31.861],[87.555,31.851],[87.538,31.844],[87.519,31.841],[87.481,31.841],[87.463,31.839],[87.447,31.833],[87.417,31.844],[87.409,31.877],[87.419,31.913],[87.5,31.962],[87.539,31.979],[87.557,31.974],[87.581,31.965],[87.592,31.959],[87.601,31.959],[87.605,31.957],[87.606,31.954]]]}},{"type":"Feature","properties":{"name":"Pangong Tso","feature":"Lake","rank":6,"code":"IND"},"geometry":{"type":"Polygon","coordinates":[[[78.962,33.74],[78.98,33.736],[78.985,33.721],[78.97,33.712],[78.948,33.707],[78.929,33.705],[78.862,33.689],[78.824,33.699],[78.8,33.69],[78.776,33.677],[78.758,33.67],[78.728,33.678],[78.692,33.704],[78.656,33.738],[78.628,33.773],[78.605,33.809],[78.591,33.827],[78.577,33.835],[78.564,33.84],[78.486,33.893],[78.457,33.921],[78.436,33.951],[78.436,33.979],[78.448,33.968],[78.457,33.969],[78.465,33.975],[78.474,33.979],[78.488,33.979],[78.497,33.978],[78.502,33.974],[78.503,33.955],[78.505,33.949],[78.511,33.938],[78.545,33.896],[78.552,33.908],[78.559,33.906],[78.577,33.886],[78.589,33.879],[78.601,33.875],[78.611,33.87],[78.618,33.846],[78.637,33.832],[78.642,33.824],[78.68,33.783],[78.729,33.745],[78.759,33.729],[78.786,33.725],[78.793,33.729],[78.805,33.742],[78.813,33.746],[78.821,33.745],[78.834,33.736],[78.84,33.732],[78.856,33.73],[78.868,33.732],[78.88,33.737],[78.896,33.746],[78.913,33.734],[78.962,33.74]]]}},{"type":"Feature","properties":{"name":"Dood Tsagaan","feature":"Lake","rank":7,"code":"MNG"},"geometry":{"type":"Polygon","coordinates":[[[99.508,51.49],[99.517,51.483],[99.518,51.472],[99.508,51.459],[99.493,51.45],[99.433,51.438],[99.374,51.414],[99.365,51.404],[99.378,51.393],[99.431,51.381],[99.436,51.373],[99.425,51.359],[99.411,51.325],[99.402,51.312],[99.386,51.297],[99.37,51.286],[99.356,51.286],[99.35,51.305],[99.353,51.312],[99.364,51.331],[99.371,51.339],[99.365,51.348],[99.355,51.357],[99.35,51.36],[99.346,51.374],[99.335,51.39],[99.322,51.403],[99.31,51.411],[99.335,51.421],[99.389,51.431],[99.409,51.442],[99.465,51.489],[99.477,51.493],[99.492,51.493],[99.492,51.493],[99.508,51.49]]]}},{"type":"Feature","properties":{"name":"Débo","feature":"Lake","rank":7,"code":"MLI"},"geometry":{"type":"Polygon","coordinates":[[[-3.995,15.319],[-3.989,15.308],[-3.98,15.281],[-3.99,15.282],[-4.01,15.287],[-4.021,15.286],[-4.024,15.285],[-4.028,15.282],[-4.031,15.281],[-4.034,15.282],[-4.039,15.284],[-4.041,15.284],[-4.044,15.281],[-4.046,15.276],[-4.049,15.268],[-4.058,15.266],[-4.071,15.271],[-4.083,15.282],[-4.089,15.292],[-4.095,15.294],[-4.113,15.301],[-4.122,15.303],[-4.133,15.304],[-4.144,15.303],[-4.151,15.297],[-4.153,15.293],[-4.152,15.291],[-4.149,15.288],[-4.147,15.283],[-4.147,15.279],[-4.148,15.276],[-4.153,15.271],[-4.155,15.269],[-4.158,15.267],[-4.161,15.265],[-4.162,15.261],[-4.161,15.258],[-4.157,15.253],[-4.156,15.25],[-4.159,15.241],[-4.165,15.238],[-4.173,15.236],[-4.179,15.232],[-4.179,15.225],[-4.177,15.216],[-4.178,15.208],[-4.185,15.203],[-4.191,15.205],[-4.205,15.216],[-4.211,15.221],[-4.215,15.222],[-4.219,15.222],[-4.222,15.223],[-4.225,15.226],[-4.226,15.229],[-4.226,15.233],[-4.217,15.262],[-4.216,15.27],[-4.245,15.264],[-4.256,15.265],[-4.252,15.275],[-4.243,15.284],[-4.231,15.291],[-4.185,15.314],[-4.175,15.32],[-4.174,15.328],[-4.177,15.33],[-4.189,15.335],[-4.194,15.337],[-4.197,15.341],[-4.211,15.358],[-4.216,15.362],[-4.223,15.364],[-4.231,15.364],[-4.239,15.362],[-4.253,15.354],[-4.261,15.352],[-4.271,15.353],[-4.273,15.357],[-4.265,15.371],[-4.263,15.378],[-4.262,15.386],[-4.262,15.393],[-4.265,15.409],[-4.267,15.437],[-4.271,15.451],[-4.28,15.47],[-4.297,15.494],[-4.304,15.507],[-4.29,15.504],[-4.279,15.498],[-4.246,15.472],[-4.242,15.467],[-4.239,15.461],[-4.238,15.455],[-4.239,15.441],[-4.237,15.434],[-4.233,15.428],[-4.227,15.427],[-4.221,15.427],[-4.214,15.424],[-4.21,15.419],[-4.203,15.406],[-4.198,15.4],[-4.166,15.384],[-4.153,15.375],[-4.145,15.372],[-4.137,15.371],[-4.132,15.373],[-4.129,15.378],[-4.125,15.394],[-4.121,15.399],[-4.116,15.399],[-4.108,15.393],[-4.091,15.368],[-4.081,15.357],[-4.064,15.349],[-4.053,15.341],[-4.006,15.329],[-3.995,15.319]]]}},{"type":"Feature","properties":{"name":"","feature":"Lake","rank":7,"code":"KAZ"},"geometry":{"type":"Polygon","coordinates":[[[61.951,46.259],[61.968,46.264],[61.969,46.255],[61.969,46.25],[61.968,46.246],[61.965,46.243],[61.958,46.239],[61.955,46.237],[61.954,46.234],[61.947,46.214],[61.945,46.211],[61.941,46.207],[61.936,46.203],[61.93,46.2],[61.925,46.199],[61.913,46.196],[61.911,46.193],[61.913,46.187],[61.915,46.184],[61.917,46.182],[61.917,46.179],[61.916,46.176],[61.914,46.173],[61.911,46.171],[61.908,46.17],[61.905,46.169],[61.899,46.169],[61.882,46.176],[61.878,46.176],[61.871,46.175],[61.868,46.175],[61.865,46.176],[61.856,46.18],[61.85,46.182],[61.844,46.182],[61.838,46.181],[61.835,46.176],[61.833,46.17],[61.83,46.166],[61.826,46.163],[61.821,46.161],[61.818,46.158],[61.817,46.156],[61.816,46.151],[61.814,46.148],[61.808,46.141],[61.805,46.141],[61.802,46.147],[61.797,46.157],[61.794,46.161],[61.791,46.163],[61.787,46.163],[61.783,46.163],[61.766,46.158],[61.714,46.152],[61.688,46.152],[61.662,46.155],[61.658,46.155],[61.652,46.153],[61.645,46.147],[61.64,46.141],[61.64,46.135],[61.648,46.13],[61.662,46.129],[61.687,46.133],[61.694,46.132],[61.702,46.13],[61.705,46.126],[61.697,46.122],[61.661,46.112],[61.654,46.109],[61.653,46.107],[61.654,46.104],[61.659,46.101],[61.666,46.101],[61.743,46.119],[61.75,46.117],[61.754,46.11],[61.753,46.101],[61.741,46.075],[61.76,46.078],[61.776,46.078],[61.787,46.076],[61.795,46.072],[61.795,46.063],[61.782,46.042],[61.779,46.026],[61.777,46.022],[61.774,46.02],[61.771,46.02],[61.751,46.023],[61.745,46.022],[61.739,46.021],[61.731,46.016],[61.726,46.01],[61.718,45.996],[61.691,45.959],[61.686,45.954],[61.682,45.952],[61.681,45.953],[61.679,45.956],[61.679,45.982],[61.677,45.99],[61.671,46.0],[61.661,46.004],[61.638,46.008],[61.628,46.012],[61.618,46.019],[61.601,46.034],[61.593,46.044],[61.578,46.08],[61.576,46.084],[61.563,46.098],[61.561,46.102],[61.56,46.105],[61.564,46.112],[61.572,46.117],[61.588,46.124],[61.593,46.128],[61.617,46.152],[61.637,46.168],[61.641,46.172],[61.643,46.176],[61.642,46.18],[61.637,46.192],[61.641,46.199],[61.653,46.2],[61.676,46.197],[61.683,46.198],[61.689,46.199],[61.694,46.202],[61.709,46.211],[61.713,46.213],[61.719,46.213],[61.728,46.209],[61.74,46.201],[61.751,46.196],[61.759,46.198],[61.762,46.203],[61.765,46.221],[61.769,46.226],[61.773,46.229],[61.778,46.231],[61.784,46.231],[61.809,46.229],[61.817,46.229],[61.825,46.23],[61.832,46.233],[61.839,46.236],[61.863,46.253],[61.87,46.256],[61.878,46.258],[61.886,46.258],[61.902,46.257],[61.935,46.257],[61.951,46.259]]]}},{"type":"Feature","properties":{"name":"Nyumba ya Mungu Reservoir","feature":"Lake","rank":7,"code":"TZA"},"geometry":{"type":"Polygon","coordinates":[[[37.458,-3.586],[37.471,-3.58],[37.477,-3.596],[37.473,-3.612],[37.453,-3.65],[37.446,-3.669],[37.454,-3.763],[37.442,-3.783],[37.427,-3.768],[37.395,-3.711],[37.342,-3.66],[37.33,-3.639],[37.334,-3.61],[37.362,-3.604],[37.425,-3.61],[37.441,-3.601],[37.458,-3.586]]]}},{"type":"Feature","properties":{"name":"","feature":"Lake","rank":7,"code":"CHN"},"geometry":{"type":"Polygon","coordinates":[[[113.062,29.396],[113.069,29.394],[113.072,29.386],[113.069,29.378],[113.065,29.369],[113.063,29.363],[113.056,29.285],[113.049,29.268],[113.029,29.233],[113.018,29.22],[113.009,29.205],[113.0,29.166],[112.994,29.147],[112.986,29.17],[112.987,29.254],[112.993,29.263],[113.004,29.269],[113.016,29.278],[113.022,29.295],[113.02,29.307],[113.016,29.322],[113.008,29.334],[112.997,29.339],[112.971,29.333],[112.944,29.319],[112.899,29.285],[112.835,29.215],[112.816,29.202],[112.816,29.229],[112.822,29.25],[112.833,29.272],[112.884,29.349],[112.886,29.366],[112.874,29.384],[112.861,29.395],[112.855,29.395],[112.852,29.391],[112.847,29.388],[112.852,29.38],[112.846,29.367],[112.835,29.359],[112.83,29.37],[112.827,29.396],[112.828,29.409],[112.833,29.415],[112.842,29.417],[112.854,29.424],[112.864,29.433],[112.871,29.442],[112.859,29.444],[112.852,29.451],[112.847,29.46],[112.837,29.469],[112.826,29.475],[112.804,29.48],[112.796,29.484],[112.791,29.48],[112.788,29.479],[112.774,29.477],[112.774,29.484],[112.795,29.491],[112.811,29.495],[112.826,29.493],[112.844,29.484],[112.912,29.432],[112.923,29.427],[112.98,29.374],[112.994,29.364],[113.015,29.358],[113.034,29.361],[113.042,29.384],[113.045,29.388],[113.052,29.393],[113.062,29.396]]]}},{"type":"Feature","properties":{"name":"","feature":"Lake","rank":7,"code":"CHN"},"geometry":{"type":"Polygon","coordinates":[[[118.826,29.627],[118.84,29.63],[118.834,29.628],[118.826,29.627]]]}},{"type":"Feature","properties":{"name":"Ulansuhai Nur","feature":"Lake","rank":7,"code":"CHN"},"geometry":{"type":"Polygon","coordinates":[[[108.945,41.024],[108.951,40.994],[108.945,40.972],[108.926,40.953],[108.903,40.934],[108.898,40.927],[108.883,40.912],[108.876,40.908],[108.877,40.906],[108.852,40.891],[108.839,40.876],[108.817,40.86],[108.769,40.837],[108.73,40.804],[108.714,40.801],[108.708,40.812],[108.718,40.839],[108.727,40.855],[108.73,40.862],[108.732,40.872],[108.731,40.883],[108.728,40.895],[108.718,40.921],[108.73,40.921],[108.74,40.918],[108.748,40.911],[108.752,40.9],[108.767,40.911],[108.782,40.927],[108.8,40.939],[108.815,40.941],[108.836,40.934],[108.862,40.932],[108.862,40.949],[108.859,40.967],[108.852,40.975],[108.831,40.985],[108.822,41.006],[108.829,41.027],[108.859,41.037],[108.864,41.034],[108.87,41.029],[108.874,41.024],[108.876,41.02],[108.88,41.014],[108.889,41.019],[108.897,41.027],[108.898,41.03],[108.921,41.033],[108.933,41.031],[108.945,41.024]]]}},{"type":"Feature","properties":{"name":"Dongting","feature":"Lake","rank":7,"code":"CHN"},"geometry":{"type":"Polygon","coordinates":[[[112.877,28.998],[112.885,29.016],[112.905,29.031],[112.904,29.014],[112.883,28.988],[112.878,28.966],[112.857,28.916],[112.859,28.904],[112.863,28.892],[112.864,28.88],[112.859,28.86],[112.847,28.842],[112.831,28.83],[112.804,28.823],[112.793,28.819],[112.781,28.817],[112.771,28.822],[112.766,28.833],[112.769,28.842],[112.776,28.849],[112.782,28.853],[112.802,28.859],[112.824,28.861],[112.843,28.867],[112.85,28.884],[112.842,28.909],[112.823,28.909],[112.782,28.887],[112.711,28.867],[112.701,28.856],[112.697,28.848],[112.688,28.848],[112.669,28.853],[112.66,28.848],[112.658,28.836],[112.659,28.822],[112.658,28.812],[112.651,28.805],[112.619,28.781],[112.611,28.777],[112.605,28.781],[112.603,28.786],[112.604,28.801],[112.6,28.81],[112.593,28.812],[112.586,28.812],[112.583,28.815],[112.576,28.838],[112.558,28.821],[112.537,28.793],[112.517,28.787],[112.504,28.792],[112.473,28.781],[112.456,28.787],[112.411,28.825],[112.381,28.864],[112.36,28.881],[112.337,28.887],[112.342,28.868],[112.338,28.832],[112.343,28.812],[112.332,28.816],[112.326,28.825],[112.323,28.835],[112.319,28.84],[112.312,28.836],[112.308,28.828],[112.303,28.812],[112.324,28.784],[112.329,28.771],[112.322,28.771],[112.313,28.786],[112.303,28.798],[112.297,28.79],[112.295,28.781],[112.297,28.772],[112.303,28.764],[112.291,28.77],[112.28,28.774],[112.272,28.771],[112.268,28.757],[112.261,28.757],[112.263,28.773],[112.273,28.785],[112.284,28.795],[112.288,28.808],[112.288,28.816],[112.287,28.825],[112.283,28.826],[112.275,28.812],[112.268,28.812],[112.267,28.815],[112.261,28.825],[112.249,28.808],[112.241,28.791],[112.233,28.791],[112.23,28.805],[112.234,28.818],[112.241,28.832],[112.227,28.84],[112.214,28.835],[112.202,28.823],[112.193,28.812],[112.189,28.824],[112.185,28.853],[112.186,28.858],[112.193,28.861],[112.193,28.866],[112.189,28.872],[112.186,28.873],[112.181,28.873],[112.176,28.877],[112.168,28.885],[112.159,28.89],[112.149,28.893],[112.124,28.897],[112.089,28.915],[112.002,28.931],[111.962,28.951],[111.966,28.983],[111.978,28.988],[111.997,28.984],[112.014,28.975],[112.03,28.954],[112.05,28.95],[112.089,28.949],[112.142,28.935],[112.151,28.938],[112.158,28.956],[112.172,28.963],[112.188,28.968],[112.199,28.976],[112.201,29.007],[112.194,29.043],[112.194,29.072],[112.22,29.086],[112.253,29.077],[112.264,29.052],[112.268,29.024],[112.282,29.004],[112.27,28.973],[112.268,28.963],[112.268,28.952],[112.283,28.866],[112.294,28.86],[112.317,28.874],[112.317,28.88],[112.304,28.89],[112.307,28.909],[112.319,28.925],[112.333,28.925],[112.352,28.913],[112.394,28.896],[112.411,28.88],[112.414,28.873],[112.415,28.855],[112.418,28.846],[112.425,28.836],[112.429,28.835],[112.433,28.837],[112.466,28.845],[112.477,28.846],[112.479,28.85],[112.474,28.871],[112.473,28.88],[112.483,28.896],[112.503,28.907],[112.526,28.913],[112.586,28.915],[112.597,28.911],[112.613,28.893],[112.624,28.887],[112.634,28.887],[112.654,28.893],[112.666,28.894],[112.676,28.892],[112.691,28.883],[112.703,28.88],[112.725,28.883],[112.746,28.889],[112.782,28.908],[112.816,28.935],[112.847,28.948],[112.858,28.956],[112.871,28.977],[112.877,28.998]]]}},{"type":"Feature","properties":{"name":"","feature":"Lake","rank":7,"code":"CHN"},"geometry":{"type":"Polygon","coordinates":[[[119.579,31.663],[119.6,31.649],[119.601,31.621],[119.583,31.604],[119.563,31.587],[119.552,31.563],[119.546,31.559],[119.532,31.559],[119.518,31.556],[119.511,31.542],[119.51,31.527],[119.506,31.515],[119.5,31.512],[119.491,31.525],[119.481,31.547],[119.497,31.632],[119.512,31.652],[119.544,31.663],[119.579,31.663]]]}},{"type":"Feature","properties":{"name":"Ge","feature":"Lake","rank":7,"code":"CHN"},"geometry":{"type":"Polygon","coordinates":[[[119.858,31.678],[119.86,31.649],[119.861,31.618],[119.858,31.598],[119.848,31.581],[119.833,31.559],[119.846,31.551],[119.845,31.542],[119.826,31.525],[119.82,31.521],[119.805,31.516],[119.799,31.512],[119.797,31.508],[119.794,31.495],[119.792,31.491],[119.781,31.483],[119.767,31.475],[119.751,31.47],[119.737,31.471],[119.726,31.478],[119.724,31.486],[119.73,31.512],[119.732,31.541],[119.742,31.563],[119.771,31.608],[119.799,31.687],[119.813,31.704],[119.84,31.715],[119.853,31.703],[119.858,31.678]]]}},{"type":"Feature","properties":{"name":"","feature":"Lake","rank":7,"code":"CHN"},"geometry":{"type":"Polygon","coordinates":[[[115.177,30.146],[115.208,30.138],[115.22,30.107],[115.214,30.108],[115.191,30.109],[115.181,30.107],[115.173,30.1],[115.162,30.082],[115.153,30.073],[115.137,30.067],[115.115,30.067],[115.096,30.071],[115.085,30.08],[115.073,30.073],[115.066,30.076],[115.06,30.082],[115.051,30.086],[115.041,30.086],[115.009,30.08],[115.005,30.081],[114.994,30.086],[114.988,30.086],[114.983,30.084],[114.974,30.075],[114.968,30.073],[114.943,30.084],[114.933,30.086],[114.919,30.085],[114.905,30.087],[114.895,30.094],[114.893,30.107],[114.898,30.113],[114.909,30.117],[114.918,30.125],[114.92,30.141],[114.948,30.141],[114.947,30.117],[114.955,30.109],[114.966,30.115],[114.975,30.134],[114.978,30.129],[114.986,30.119],[114.988,30.114],[115.013,30.135],[115.046,30.138],[115.082,30.134],[115.112,30.134],[115.141,30.142],[115.177,30.146]]]}},{"type":"Feature","properties":{"name":"Sasykkol","feature":"Lake","rank":7,"code":"KAZ"},"geometry":{"type":"Polygon","coordinates":[[[80.643,46.622],[80.635,46.622],[80.639,46.626],[80.643,46.622]]]}},{"type":"Feature","properties":{"name":"Sasykkol","feature":"Lake","rank":7,"code":"KAZ"},"geometry":{"type":"Polygon","coordinates":[[[81.012,46.485],[81.002,46.486],[80.986,46.496],[80.945,46.505],[80.934,46.506],[80.919,46.505],[80.882,46.492],[80.863,46.49],[80.848,46.493],[80.833,46.501],[80.759,46.566],[80.741,46.592],[80.73,46.599],[80.688,46.603],[80.669,46.607],[80.653,46.616],[80.643,46.629],[80.639,46.626],[80.619,46.651],[80.611,46.667],[80.609,46.684],[80.616,46.7],[80.632,46.704],[80.673,46.697],[80.76,46.694],[80.802,46.686],[80.842,46.67],[80.849,46.664],[80.854,46.657],[80.861,46.652],[80.872,46.649],[80.879,46.652],[80.892,46.666],[80.903,46.67],[80.918,46.668],[80.954,46.653],[80.975,46.649],[81.072,46.649],[81.119,46.657],[81.156,46.676],[81.162,46.672],[81.19,46.663],[81.202,46.656],[81.209,46.649],[81.214,46.641],[81.238,46.612],[81.243,46.592],[81.241,46.573],[81.232,46.554],[81.22,46.537],[81.2,46.517],[81.175,46.503],[81.153,46.509],[81.15,46.515],[81.14,46.535],[81.139,46.54],[81.127,46.536],[81.122,46.528],[81.123,46.517],[81.129,46.506],[81.137,46.502],[81.162,46.498],[81.17,46.492],[81.172,46.48],[81.167,46.466],[81.158,46.458],[81.146,46.461],[81.112,46.478],[81.1,46.481],[81.077,46.495],[81.067,46.499],[81.052,46.498],[81.027,46.488],[81.012,46.485]]]}},{"type":"Feature","properties":{"name":"Kwania","feature":"Lake","rank":7,"code":"UGA"},"geometry":{"type":"Polygon","coordinates":[[[32.54,1.625],[32.554,1.631],[32.564,1.641],[32.54,1.641],[32.514,1.645],[32.49,1.653],[32.461,1.672],[32.449,1.678],[32.437,1.681],[32.423,1.682],[32.411,1.68],[32.402,1.675],[32.395,1.67],[32.389,1.668],[32.381,1.664],[32.324,1.641],[32.328,1.626],[32.35,1.617],[32.375,1.612],[32.392,1.606],[32.4,1.618],[32.41,1.617],[32.419,1.609],[32.437,1.589],[32.441,1.585],[32.489,1.588],[32.505,1.584],[32.516,1.572],[32.517,1.557],[32.505,1.554],[32.489,1.558],[32.475,1.565],[32.475,1.552],[32.402,1.568],[32.392,1.583],[32.388,1.592],[32.379,1.599],[32.366,1.604],[32.343,1.607],[32.33,1.61],[32.303,1.621],[32.303,1.634],[32.281,1.649],[32.235,1.668],[32.248,1.669],[32.26,1.667],[32.283,1.662],[32.338,1.657],[32.348,1.658],[32.368,1.675],[32.392,1.689],[32.429,1.698],[32.459,1.689],[32.487,1.676],[32.52,1.668],[32.536,1.669],[32.571,1.676],[32.585,1.682],[32.596,1.692],[32.621,1.723],[32.622,1.73],[32.648,1.743],[32.669,1.8],[32.687,1.812],[32.682,1.799],[32.684,1.789],[32.694,1.764],[32.701,1.764],[32.709,1.78],[32.747,1.798],[32.763,1.812],[32.767,1.827],[32.767,1.845],[32.771,1.86],[32.783,1.866],[32.776,1.853],[32.789,1.855],[32.795,1.859],[32.8,1.863],[32.811,1.866],[32.822,1.863],[32.833,1.856],[32.839,1.855],[32.838,1.866],[32.848,1.871],[32.851,1.874],[32.865,1.84],[32.873,1.84],[32.873,1.847],[32.879,1.847],[32.884,1.839],[32.89,1.833],[32.897,1.829],[32.907,1.825],[32.92,1.86],[32.931,1.879],[32.944,1.888],[32.962,1.894],[32.987,1.921],[33.003,1.929],[33.023,1.927],[33.018,1.912],[32.99,1.877],[32.964,1.857],[32.955,1.847],[32.975,1.845],[32.978,1.832],[32.978,1.818],[32.986,1.812],[32.996,1.816],[33.006,1.823],[33.014,1.824],[33.017,1.808],[33.015,1.807],[33.007,1.795],[33.006,1.792],[32.995,1.789],[32.993,1.783],[32.995,1.776],[32.995,1.771],[32.992,1.758],[32.989,1.73],[32.989,1.716],[32.982,1.716],[32.977,1.737],[32.974,1.762],[32.969,1.785],[32.955,1.799],[32.948,1.792],[32.939,1.795],[32.927,1.796],[32.917,1.794],[32.914,1.788],[32.909,1.784],[32.898,1.786],[32.879,1.792],[32.87,1.79],[32.861,1.785],[32.854,1.785],[32.851,1.795],[32.817,1.833],[32.813,1.824],[32.807,1.818],[32.793,1.808],[32.787,1.802],[32.786,1.798],[32.786,1.794],[32.78,1.77],[32.783,1.761],[32.787,1.754],[32.789,1.743],[32.796,1.736],[32.796,1.732],[32.786,1.73],[32.742,1.728],[32.731,1.725],[32.728,1.715],[32.735,1.696],[32.728,1.698],[32.714,1.699],[32.708,1.702],[32.697,1.69],[32.65,1.67],[32.629,1.635],[32.579,1.624],[32.564,1.613],[32.569,1.611],[32.569,1.61],[32.572,1.606],[32.562,1.606],[32.552,1.603],[32.544,1.599],[32.537,1.593],[32.539,1.598],[32.539,1.601],[32.54,1.603],[32.544,1.606],[32.534,1.619],[32.54,1.625]]]}},{"type":"Feature","properties":{"name":"","feature":"Lake","rank":7,"code":"CHN"},"geometry":{"type":"Polygon","coordinates":[[[84.062,30.505],[84.091,30.463],[84.096,30.453],[84.095,30.427],[84.089,30.408],[84.087,30.393],[84.089,30.361],[84.086,30.35],[84.082,30.343],[84.082,30.338],[84.08,30.334],[84.072,30.332],[84.066,30.336],[84.062,30.343],[84.061,30.352],[84.062,30.36],[84.051,30.408],[84.038,30.413],[84.034,30.426],[84.035,30.456],[84.029,30.471],[84.01,30.496],[84.007,30.508],[84.014,30.517],[84.032,30.516],[84.051,30.51],[84.062,30.505]]]}},{"type":"Feature","properties":{"name":"","feature":"Lake","rank":8,"code":"BGD"},"geometry":{"type":"Polygon","coordinates":[[[91.21,24.362],[91.216,24.371],[91.239,24.337],[91.217,24.323],[91.183,24.309],[91.169,24.275],[91.161,24.268],[91.153,24.256],[91.14,24.248],[91.123,24.243],[91.103,24.241],[91.094,24.236],[91.094,24.226],[91.096,24.215],[91.094,24.207],[91.087,24.206],[91.079,24.208],[91.066,24.218],[91.033,24.176],[91.021,24.172],[91.01,24.169],[91.004,24.166],[91.008,24.146],[91.049,24.124],[91.059,24.107],[91.058,24.082],[91.056,24.072],[91.052,24.063],[91.023,24.044],[91.018,24.039],[91.015,24.034],[90.997,24.008],[90.976,23.96],[90.97,23.981],[90.973,24.009],[90.982,24.032],[90.993,24.042],[91.01,24.051],[91.03,24.072],[91.037,24.093],[91.018,24.104],[91.025,24.118],[91.007,24.142],[90.983,24.151],[90.97,24.125],[90.963,24.125],[90.963,24.142],[90.957,24.151],[90.951,24.148],[90.949,24.131],[90.937,24.139],[90.942,24.151],[90.956,24.161],[90.991,24.169],[90.997,24.179],[90.997,24.214],[91.005,24.21],[91.01,24.203],[91.013,24.193],[91.012,24.18],[91.018,24.18],[91.028,24.194],[91.041,24.205],[91.053,24.22],[91.059,24.241],[91.058,24.257],[91.054,24.273],[91.053,24.286],[91.059,24.295],[91.076,24.298],[91.091,24.289],[91.114,24.268],[91.128,24.264],[91.139,24.263],[91.149,24.267],[91.155,24.278],[91.155,24.289],[91.149,24.299],[91.141,24.308],[91.135,24.316],[91.131,24.333],[91.135,24.339],[91.144,24.343],[91.155,24.351],[91.156,24.351],[91.164,24.355],[91.169,24.351],[91.172,24.35],[91.176,24.349],[91.179,24.347],[91.182,24.344],[91.21,24.362]]]}},{"type":"Feature","properties":{"name":"Lake Xau","feature":"Lake","rank":8,"code":"BWA"},"geometry":{"type":"Polygon","coordinates":[[[24.804,-21.287],[24.764,-21.322],[24.716,-21.337],[24.684,-21.319],[24.684,-21.297],[24.699,-21.281],[24.721,-21.271],[24.74,-21.265],[24.744,-21.266],[24.755,-21.272],[24.761,-21.271],[24.765,-21.268],[24.773,-21.26],[24.785,-21.251],[24.792,-21.243],[24.8,-21.239],[24.814,-21.244],[24.804,-21.287]]]}},{"type":"Feature","properties":{"name":"Lake Abbe","feature":"Lake","rank":8,"code":"ETH"},"geometry":{"type":"Polygon","coordinates":[[[41.594,11.401],[41.612,11.393],[41.618,11.379],[41.607,11.373],[41.574,11.367],[41.567,11.385],[41.576,11.397],[41.594,11.401]]]}},{"type":"Feature","properties":{"name":"Koka","feature":"Lake","rank":8,"code":"ETH"},"geometry":{"type":"Polygon","coordinates":[[[39.11,8.476],[39.128,8.477],[39.14,8.469],[39.14,8.458],[39.119,8.397],[39.088,8.334],[39.08,8.321],[39.067,8.309],[39.048,8.321],[39.003,8.33],[38.987,8.341],[38.984,8.351],[38.989,8.357],[38.997,8.362],[39.002,8.367],[39.002,8.375],[38.996,8.384],[38.998,8.389],[39.01,8.4],[39.023,8.404],[39.035,8.405],[39.045,8.408],[39.055,8.42],[39.069,8.452],[39.079,8.465],[39.092,8.471],[39.11,8.476]]]}},{"type":"Feature","properties":{"name":"Gummare","feature":"Lake","rank":8,"code":"ETH"},"geometry":{"type":"Polygon","coordinates":[[[41.703,11.523],[41.69,11.499],[41.666,11.51],[41.644,11.529],[41.627,11.554],[41.62,11.58],[41.622,11.597],[41.631,11.607],[41.642,11.611],[41.655,11.607],[41.674,11.587],[41.694,11.556],[41.703,11.523]]]}},{"type":"Feature","properties":{"name":"","feature":"Lake","rank":8,"code":"SOM"},"geometry":{"type":"Polygon","coordinates":[[[42.556,0.032],[42.562,0.017],[42.571,-0.033],[42.571,-0.046],[42.55,-0.031],[42.516,0.008],[42.495,0.019],[42.485,0.018],[42.449,0.006],[42.433,0.008],[42.38,0.037],[42.31,0.047],[42.29,0.055],[42.305,0.069],[42.311,0.091],[42.315,0.14],[42.339,0.094],[42.355,0.076],[42.379,0.06],[42.4,0.051],[42.467,0.038],[42.539,0.037],[42.556,0.032]]]}},{"type":"Feature","properties":{"name":"","feature":"Lake","rank":8,"code":"ZAF"},"geometry":{"type":"Polygon","coordinates":[[[32.021,-27.425],[32.054,-27.416],[32.068,-27.413],[32.067,-27.419],[32.057,-27.428],[32.029,-27.443],[32.017,-27.452],[32.008,-27.464],[32.001,-27.478],[31.969,-27.447],[31.959,-27.43],[31.941,-27.383],[31.934,-27.373],[31.925,-27.363],[31.918,-27.361],[31.897,-27.36],[31.892,-27.357],[31.895,-27.345],[31.909,-27.34],[31.927,-27.339],[31.939,-27.34],[31.946,-27.337],[31.952,-27.332],[31.958,-27.331],[31.964,-27.34],[31.966,-27.347],[31.969,-27.369],[31.982,-27.401],[31.998,-27.42],[32.021,-27.425]]]}},{"type":"Feature","properties":{"name":"Bay","feature":"Lake","rank":8,"code":"PHL"},"geometry":{"type":"Polygon","coordinates":[[[121.474,14.375],[121.477,14.359],[121.478,14.335],[121.475,14.321],[121.47,14.32],[121.462,14.327],[121.454,14.335],[121.44,14.346],[121.435,14.344],[121.434,14.335],[121.43,14.325],[121.429,14.321],[121.43,14.309],[121.43,14.305],[121.427,14.3],[121.424,14.299],[121.421,14.3],[121.416,14.297],[121.384,14.273],[121.364,14.264],[121.349,14.249],[121.321,14.214],[121.313,14.2],[121.306,14.195],[121.298,14.192],[121.284,14.188],[121.271,14.187],[121.265,14.192],[121.255,14.193],[121.207,14.184],[121.19,14.188],[121.189,14.196],[121.189,14.208],[121.19,14.222],[121.185,14.233],[121.172,14.251],[121.167,14.269],[121.162,14.275],[121.154,14.28],[121.146,14.288],[121.122,14.325],[121.082,14.359],[121.066,14.378],[121.059,14.404],[121.062,14.464],[121.067,14.483],[121.091,14.518],[121.126,14.525],[121.162,14.508],[121.19,14.476],[121.212,14.432],[121.225,14.421],[121.223,14.439],[121.22,14.448],[121.223,14.458],[121.233,14.468],[121.238,14.476],[121.249,14.505],[121.253,14.51],[121.261,14.514],[121.272,14.515],[121.282,14.513],[121.291,14.498],[121.301,14.485],[121.314,14.474],[121.336,14.461],[121.341,14.443],[121.347,14.408],[121.343,14.389],[121.324,14.355],[121.32,14.335],[121.319,14.306],[121.325,14.307],[121.341,14.318],[121.389,14.342],[121.405,14.356],[121.417,14.376],[121.422,14.391],[121.429,14.398],[121.45,14.394],[121.466,14.386],[121.474,14.375]]]}},{"type":"Feature","properties":{"name":"","feature":"Lake","rank":8,"code":"CHN"},"geometry":{"type":"Polygon","coordinates":[[[87.349,34.627],[87.359,34.622],[87.364,34.608],[87.361,34.593],[87.353,34.582],[87.344,34.576],[87.324,34.57],[87.311,34.574],[87.299,34.583],[87.282,34.59],[87.245,34.592],[87.215,34.59],[87.207,34.584],[87.203,34.576],[87.198,34.569],[87.191,34.572],[87.189,34.577],[87.189,34.584],[87.191,34.591],[87.194,34.597],[87.181,34.59],[87.192,34.616],[87.215,34.62],[87.269,34.61],[87.287,34.626],[87.289,34.627],[87.293,34.631],[87.3,34.63],[87.313,34.624],[87.338,34.628],[87.349,34.627]]]}},{"type":"Feature","properties":{"name":"Elsen Nur","feature":"Lake","rank":8,"code":"CHN"},"geometry":{"type":"Polygon","coordinates":[[[92.063,35.22],[92.036,35.211],[91.963,35.222],[91.936,35.217],[91.945,35.234],[91.968,35.244],[91.995,35.251],[92.039,35.271],[92.096,35.271],[92.121,35.278],[92.165,35.259],[92.191,35.253],[92.214,35.261],[92.234,35.264],[92.259,35.254],[92.282,35.236],[92.299,35.223],[92.272,35.2],[92.234,35.184],[92.194,35.179],[92.162,35.19],[92.158,35.176],[92.158,35.17],[92.162,35.162],[92.155,35.162],[92.141,35.177],[92.112,35.2],[92.082,35.218],[92.063,35.22]]]}},{"type":"Feature","properties":{"name":"","feature":"Lake","rank":8,"code":"LKA"},"geometry":{"type":"Polygon","coordinates":[[[81.142,7.999],[81.148,7.99],[81.15,7.979],[81.145,7.958],[81.088,7.89],[81.085,7.883],[81.08,7.879],[81.075,7.86],[81.071,7.856],[81.068,7.855],[81.044,7.846],[81.028,7.834],[81.014,7.828],[81.001,7.819],[80.992,7.801],[80.989,7.815],[80.995,7.831],[81.006,7.844],[81.016,7.849],[81.035,7.852],[81.048,7.859],[81.058,7.87],[81.142,7.999]]]}},{"type":"Feature","properties":{"name":"Onangué","feature":"Lake","rank":8,"code":"GAB"},"geometry":{"type":"Polygon","coordinates":[[[10.256,-0.944],[10.248,-0.972],[10.237,-0.984],[10.245,-0.987],[10.254,-0.994],[10.259,-0.997],[10.259,-1.004],[10.242,-1.003],[10.218,-1.01],[10.204,-1.011],[10.203,-1.01],[10.187,-1.004],[10.178,-1.005],[10.171,-1.008],[10.165,-1.012],[10.162,-1.019],[10.155,-1.008],[10.14,-0.993],[10.135,-0.984],[10.126,-0.989],[10.094,-1.0],[10.087,-1.001],[10.093,-1.01],[10.106,-1.012],[10.122,-1.014],[10.135,-1.019],[10.087,-1.045],[10.075,-1.048],[10.055,-1.049],[10.046,-1.053],[10.035,-1.069],[10.021,-1.114],[10.011,-1.128],[10.003,-1.133],[9.993,-1.134],[9.984,-1.133],[9.977,-1.128],[9.969,-1.118],[9.975,-1.116],[9.987,-1.116],[9.998,-1.113],[10.009,-1.097],[10.013,-1.077],[10.011,-1.054],[10.005,-1.032],[10.032,-1.032],[10.054,-1.029],[10.071,-1.019],[10.08,-0.997],[10.066,-0.984],[10.06,-0.984],[10.058,-0.997],[10.05,-1.012],[10.039,-1.021],[10.026,-1.019],[10.024,-1.011],[10.029,-1.0],[10.03,-0.988],[10.018,-0.977],[10.014,-0.985],[10.009,-0.991],[10.001,-0.995],[9.991,-0.997],[9.995,-0.992],[10.002,-0.976],[10.005,-0.97],[9.993,-0.965],[9.98,-0.956],[9.971,-0.947],[9.974,-0.943],[9.986,-0.943],[9.997,-0.942],[10.0,-0.933],[9.991,-0.915],[9.998,-0.909],[10.01,-0.913],[10.013,-0.897],[10.008,-0.873],[9.998,-0.854],[10.002,-0.841],[9.997,-0.822],[9.988,-0.803],[9.977,-0.791],[9.984,-0.785],[9.999,-0.793],[10.018,-0.8],[10.031,-0.811],[10.026,-0.833],[10.042,-0.842],[10.06,-0.874],[10.074,-0.888],[10.066,-0.901],[10.078,-0.892],[10.088,-0.876],[10.099,-0.86],[10.118,-0.854],[10.121,-0.862],[10.087,-0.915],[10.094,-0.915],[10.107,-0.902],[10.123,-0.906],[10.139,-0.92],[10.149,-0.935],[10.136,-0.951],[10.153,-0.965],[10.178,-0.966],[10.19,-0.943],[10.202,-0.948],[10.21,-0.944],[10.224,-0.922],[10.23,-0.937],[10.231,-0.943],[10.253,-0.925],[10.261,-0.924],[10.266,-0.935],[10.256,-0.944]]]}},{"type":"Feature","properties":{"name":"Mai-Ndombe","feature":"Lake","rank":8,"code":"COD"},"geometry":{"type":"Polygon","coordinates":[[[18.582,-2.074],[18.592,-2.083],[18.592,-2.125],[18.544,-2.183],[18.535,-2.189],[18.491,-2.208],[18.465,-2.213],[18.455,-2.217],[18.435,-2.236],[18.447,-2.246],[18.496,-2.259],[18.466,-2.27],[18.418,-2.28],[18.41,-2.283],[18.394,-2.304],[18.374,-2.347],[18.354,-2.374],[18.338,-2.409],[18.328,-2.421],[18.306,-2.44],[18.296,-2.45],[18.288,-2.472],[18.29,-2.514],[18.283,-2.533],[18.292,-2.551],[18.286,-2.581],[18.275,-2.612],[18.269,-2.639],[18.266,-2.646],[18.26,-2.652],[18.253,-2.658],[18.249,-2.663],[18.246,-2.671],[18.244,-2.684],[18.242,-2.69],[18.227,-2.705],[18.212,-2.705],[18.197,-2.703],[18.18,-2.711],[18.182,-2.696],[18.187,-2.683],[18.198,-2.68],[18.206,-2.68],[18.215,-2.677],[18.22,-2.666],[18.225,-2.642],[18.232,-2.632],[18.238,-2.615],[18.246,-2.564],[18.252,-2.553],[18.251,-2.543],[18.22,-2.477],[18.22,-2.457],[18.224,-2.431],[18.231,-2.408],[18.242,-2.395],[18.261,-2.393],[18.278,-2.356],[18.296,-2.272],[18.301,-2.145],[18.311,-2.122],[18.3,-2.106],[18.284,-2.09],[18.266,-2.078],[18.252,-2.073],[18.24,-2.067],[18.223,-2.052],[18.201,-2.025],[18.197,-2.023],[18.194,-2.023],[18.19,-2.023],[18.187,-2.019],[18.186,-2.014],[18.187,-2.003],[18.178,-1.942],[18.174,-1.933],[18.169,-1.926],[18.167,-1.918],[18.173,-1.911],[18.182,-1.906],[18.187,-1.902],[18.187,-1.891],[18.185,-1.881],[18.17,-1.835],[18.169,-1.83],[18.152,-1.817],[18.057,-1.779],[18.049,-1.77],[18.048,-1.764],[18.054,-1.724],[18.07,-1.682],[18.077,-1.67],[18.095,-1.658],[18.117,-1.651],[18.137,-1.654],[18.146,-1.673],[18.153,-1.704],[18.169,-1.71],[18.187,-1.711],[18.194,-1.724],[18.2,-1.734],[18.201,-1.738],[18.216,-1.715],[18.207,-1.696],[18.189,-1.68],[18.18,-1.666],[18.182,-1.639],[18.187,-1.621],[18.199,-1.607],[18.22,-1.594],[18.239,-1.588],[18.262,-1.587],[18.282,-1.595],[18.29,-1.618],[18.283,-1.651],[18.286,-1.655],[18.298,-1.655],[18.308,-1.657],[18.313,-1.661],[18.317,-1.67],[18.324,-1.67],[18.33,-1.66],[18.372,-1.635],[18.376,-1.628],[18.382,-1.613],[18.386,-1.608],[18.393,-1.604],[18.409,-1.602],[18.433,-1.588],[18.445,-1.593],[18.454,-1.602],[18.464,-1.608],[18.478,-1.602],[18.501,-1.579],[18.516,-1.574],[18.509,-1.592],[18.49,-1.622],[18.482,-1.642],[18.473,-1.683],[18.466,-1.703],[18.455,-1.718],[18.446,-1.72],[18.419,-1.723],[18.413,-1.728],[18.409,-1.734],[18.4,-1.738],[18.379,-1.745],[18.303,-1.779],[18.303,-1.786],[18.317,-1.793],[18.301,-1.806],[18.296,-1.846],[18.286,-1.854],[18.282,-1.863],[18.285,-1.962],[18.291,-1.983],[18.303,-1.998],[18.323,-2.003],[18.338,-1.997],[18.352,-1.997],[18.365,-2.019],[18.394,-1.984],[18.411,-1.969],[18.431,-1.963],[18.442,-1.973],[18.431,-1.993],[18.414,-2.012],[18.406,-2.019],[18.397,-2.04],[18.398,-2.055],[18.403,-2.07],[18.406,-2.09],[18.402,-2.16],[18.406,-2.176],[18.421,-2.182],[18.444,-2.179],[18.468,-2.17],[18.485,-2.159],[18.557,-2.088],[18.582,-2.074]]]}},{"type":"Feature","properties":{"name":"Lake Tshangalele","feature":"Lake","rank":8,"code":"COD"},"geometry":{"type":"Polygon","coordinates":[[[27.044,-11.037],[27.035,-11.036],[27.02,-11.031],[27.01,-11.03],[26.996,-11.021],[26.997,-11.001],[27.007,-10.968],[27.005,-10.962],[26.996,-10.954],[26.993,-10.948],[26.994,-10.94],[26.997,-10.932],[26.997,-10.924],[26.993,-10.914],[26.986,-10.914],[26.977,-10.928],[26.974,-10.936],[26.973,-10.948],[26.963,-10.938],[26.959,-10.926],[26.957,-10.913],[26.959,-10.899],[26.952,-10.906],[26.948,-10.867],[26.952,-10.851],[26.969,-10.845],[27.002,-10.843],[27.007,-10.848],[26.993,-10.865],[27.029,-10.867],[27.045,-10.863],[27.054,-10.852],[27.044,-10.846],[27.032,-10.828],[27.021,-10.817],[27.007,-10.812],[26.993,-10.808],[26.982,-10.8],[26.979,-10.783],[26.982,-10.787],[26.986,-10.788],[26.989,-10.789],[26.993,-10.79],[27.002,-10.799],[27.026,-10.806],[27.037,-10.814],[27.045,-10.816],[27.064,-10.818],[27.068,-10.82],[27.069,-10.825],[27.073,-10.831],[27.079,-10.836],[27.094,-10.84],[27.108,-10.85],[27.116,-10.852],[27.127,-10.848],[27.128,-10.844],[27.129,-10.838],[27.136,-10.831],[27.172,-10.819],[27.183,-10.809],[27.178,-10.79],[27.191,-10.79],[27.2,-10.795],[27.208,-10.802],[27.219,-10.81],[27.207,-10.821],[27.177,-10.82],[27.171,-10.835],[27.166,-10.843],[27.153,-10.849],[27.142,-10.858],[27.136,-10.875],[27.129,-10.886],[27.112,-10.89],[27.094,-10.893],[27.081,-10.899],[27.078,-10.913],[27.081,-10.968],[27.069,-11.015],[27.071,-11.024],[27.067,-11.026],[27.053,-11.035],[27.044,-11.037]]]}},{"type":"Feature","properties":{"name":"","feature":"Lake","rank":8,"code":"IND"},"geometry":{"type":"Polygon","coordinates":[[[74.649,34.398],[74.661,34.4],[74.665,34.383],[74.663,34.375],[74.653,34.369],[74.642,34.37],[74.627,34.376],[74.614,34.383],[74.605,34.39],[74.597,34.381],[74.587,34.377],[74.578,34.377],[74.571,34.382],[74.564,34.366],[74.575,34.332],[74.571,34.314],[74.557,34.301],[74.541,34.299],[74.525,34.306],[74.516,34.321],[74.523,34.355],[74.521,34.381],[74.523,34.39],[74.53,34.403],[74.541,34.414],[74.555,34.42],[74.57,34.42],[74.593,34.411],[74.649,34.398]]]}},{"type":"Feature","properties":{"name":"","feature":"Lake","rank":8,"code":"PAK"},"geometry":{"type":"Polygon","coordinates":[[[73.848,33.163],[73.866,33.15],[73.87,33.138],[73.87,33.128],[73.864,33.123],[73.852,33.126],[73.846,33.128],[73.842,33.129],[73.831,33.129],[73.823,33.132],[73.821,33.138],[73.82,33.144],[73.818,33.15],[73.796,33.163],[73.728,33.191],[73.712,33.208],[73.704,33.21],[73.701,33.194],[73.702,33.185],[73.715,33.156],[73.669,33.135],[73.65,33.132],[73.639,33.15],[73.642,33.153],[73.647,33.161],[73.652,33.172],[73.652,33.184],[73.647,33.194],[73.639,33.2],[73.619,33.211],[73.615,33.216],[73.614,33.223],[73.613,33.229],[73.612,33.231],[73.607,33.232],[73.599,33.23],[73.592,33.227],[73.585,33.227],[73.581,33.227],[73.579,33.228],[73.577,33.239],[73.581,33.238],[73.587,33.24],[73.594,33.243],[73.598,33.246],[73.596,33.266],[73.593,33.285],[73.591,33.304],[73.598,33.321],[73.609,33.309],[73.614,33.297],[73.614,33.284],[73.605,33.273],[73.617,33.256],[73.637,33.234],[73.659,33.221],[73.677,33.231],[73.68,33.241],[73.681,33.251],[73.68,33.273],[73.685,33.284],[73.693,33.289],[73.699,33.294],[73.694,33.307],[73.717,33.309],[73.733,33.318],[73.745,33.323],[73.749,33.321],[73.753,33.298],[73.742,33.271],[73.722,33.246],[73.701,33.231],[73.715,33.226],[73.763,33.218],[73.789,33.208],[73.803,33.204],[73.818,33.205],[73.811,33.181],[73.825,33.17],[73.848,33.163]]]}},{"type":"Feature","properties":{"name":"","feature":"Lake","rank":8,"code":"CIV"},"geometry":{"type":"Polygon","coordinates":[[[-5.096,6.319],[-5.079,6.315],[-5.071,6.297],[-5.078,6.215],[-5.095,6.2],[-5.133,6.229],[-5.195,6.3],[-5.19,6.316],[-5.2,6.326],[-5.209,6.337],[-5.201,6.356],[-5.205,6.359],[-5.21,6.365],[-5.215,6.369],[-5.206,6.369],[-5.201,6.367],[-5.16,6.279],[-5.14,6.259],[-5.129,6.267],[-5.124,6.259],[-5.12,6.246],[-5.112,6.239],[-5.097,6.244],[-5.092,6.257],[-5.095,6.273],[-5.106,6.287],[-5.1,6.289],[-5.096,6.292],[-5.092,6.294],[-5.105,6.312],[-5.096,6.319]]]}},{"type":"Feature","properties":{"name":"","feature":"Lake","rank":8,"code":"BEN"},"geometry":{"type":"Polygon","coordinates":[[[2.547,6.438],[2.555,6.425],[2.558,6.41],[2.546,6.404],[2.519,6.401],[2.48,6.386],[2.45,6.383],[2.437,6.385],[2.417,6.395],[2.402,6.397],[2.378,6.395],[2.377,6.401],[2.379,6.433],[2.382,6.446],[2.388,6.455],[2.402,6.458],[2.417,6.463],[2.432,6.474],[2.446,6.482],[2.46,6.479],[2.467,6.476],[2.48,6.47],[2.495,6.468],[2.508,6.472],[2.517,6.467],[2.526,6.461],[2.535,6.453],[2.547,6.438]]]}},{"type":"Feature","properties":{"name":"","feature":"Lake","rank":8,"code":"KEN"},"geometry":{"type":"Polygon","coordinates":[[[37.76,-0.796],[37.799,-0.783],[37.813,-0.799],[37.801,-0.802],[37.782,-0.809],[37.772,-0.813],[37.759,-0.819],[37.748,-0.813],[37.741,-0.8],[37.738,-0.785],[37.76,-0.796]]]}},{"type":"Feature","properties":{"name":"Masinga Dam","feature":"Lake","rank":8,"code":"KEN"},"geometry":{"type":"Polygon","coordinates":[[[37.658,-0.795],[37.67,-0.789],[37.682,-0.778],[37.671,-0.828],[37.658,-0.841],[37.635,-0.833],[37.629,-0.844],[37.621,-0.852],[37.601,-0.867],[37.591,-0.863],[37.584,-0.866],[37.58,-0.875],[37.58,-0.888],[37.558,-0.883],[37.528,-0.913],[37.505,-0.901],[37.491,-0.909],[37.467,-0.905],[37.454,-0.912],[37.445,-0.924],[37.438,-0.936],[37.431,-0.942],[37.423,-0.935],[37.426,-0.925],[37.423,-0.919],[37.418,-0.914],[37.415,-0.905],[37.418,-0.897],[37.427,-0.892],[37.429,-0.884],[37.429,-0.874],[37.426,-0.871],[37.422,-0.871],[37.415,-0.867],[37.415,-0.869],[37.392,-0.862],[37.389,-0.86],[37.359,-0.859],[37.349,-0.854],[37.337,-0.843],[37.309,-0.824],[37.297,-0.811],[37.293,-0.791],[37.305,-0.798],[37.34,-0.819],[37.343,-0.815],[37.35,-0.81],[37.355,-0.805],[37.359,-0.814],[37.366,-0.821],[37.381,-0.833],[37.393,-0.83],[37.409,-0.832],[37.423,-0.837],[37.429,-0.847],[37.449,-0.837],[37.46,-0.849],[37.469,-0.866],[37.481,-0.874],[37.485,-0.876],[37.49,-0.878],[37.497,-0.881],[37.505,-0.881],[37.512,-0.876],[37.516,-0.869],[37.522,-0.864],[37.533,-0.867],[37.535,-0.851],[37.545,-0.85],[37.556,-0.854],[37.567,-0.854],[37.573,-0.845],[37.57,-0.838],[37.567,-0.831],[37.57,-0.823],[37.577,-0.821],[37.586,-0.822],[37.595,-0.825],[37.605,-0.826],[37.622,-0.826],[37.634,-0.824],[37.637,-0.817],[37.625,-0.802],[37.618,-0.79],[37.618,-0.776],[37.621,-0.761],[37.621,-0.744],[37.628,-0.744],[37.633,-0.756],[37.639,-0.766],[37.642,-0.777],[37.635,-0.791],[37.647,-0.796],[37.658,-0.795]]]}},{"type":"Feature","properties":{"name":"Bunyonyi","feature":"Lake","rank":8,"code":"UGA"},"geometry":{"type":"Polygon","coordinates":[[[29.919,-1.306],[29.918,-1.303],[29.919,-1.292],[29.911,-1.292],[29.915,-1.329],[29.914,-1.345],[29.905,-1.354],[29.903,-1.332],[29.898,-1.306],[29.898,-1.284],[29.911,-1.272],[29.892,-1.26],[29.864,-1.228],[29.843,-1.21],[29.842,-1.216],[29.837,-1.231],[29.831,-1.218],[29.831,-1.206],[29.838,-1.2],[29.865,-1.207],[29.875,-1.216],[29.882,-1.227],[29.891,-1.237],[29.902,-1.243],[29.924,-1.252],[29.932,-1.258],[29.944,-1.275],[29.958,-1.32],[29.967,-1.34],[29.96,-1.346],[29.943,-1.313],[29.939,-1.299],[29.935,-1.301],[29.923,-1.304],[29.919,-1.306]]]}},{"type":"Feature","properties":{"name":"","feature":"Lake","rank":8,"code":"IND"},"geometry":{"type":"Polygon","coordinates":[[[75.561,24.819],[75.573,24.836],[75.578,24.854],[75.576,24.862],[75.567,24.875],[75.564,24.885],[75.571,24.91],[75.572,24.919],[75.577,24.922],[75.583,24.925],[75.59,24.926],[75.599,24.926],[75.594,24.903],[75.605,24.875],[75.622,24.847],[75.634,24.823],[75.639,24.793],[75.638,24.778],[75.63,24.765],[75.607,24.739],[75.592,24.731],[75.585,24.745],[75.555,24.757],[75.418,24.727],[75.38,24.755],[75.412,24.755],[75.435,24.758],[75.457,24.764],[75.472,24.772],[75.487,24.782],[75.531,24.796],[75.545,24.805],[75.561,24.819]]]}},{"type":"Feature","properties":{"name":"Chagan","feature":"Lake","rank":8,"code":"CHN"},"geometry":{"type":"Polygon","coordinates":[[[124.376,45.244],[124.42,45.241],[124.433,45.232],[124.425,45.217],[124.414,45.198],[124.394,45.185],[124.37,45.178],[124.345,45.176],[124.284,45.179],[124.251,45.187],[124.232,45.203],[124.238,45.206],[124.242,45.209],[124.244,45.213],[124.247,45.217],[124.222,45.23],[124.205,45.248],[124.194,45.269],[124.191,45.296],[124.175,45.314],[124.102,45.309],[124.081,45.32],[124.134,45.341],[124.189,45.34],[124.242,45.324],[124.3,45.294],[124.311,45.29],[124.322,45.285],[124.34,45.267],[124.351,45.257],[124.363,45.25],[124.376,45.244]]]}},{"type":"Feature","properties":{"name":"","feature":"Lake","rank":8,"code":"CHN"},"geometry":{"type":"Polygon","coordinates":[[[118.988,31.168],[119.015,31.138],[119.021,31.121],[119.012,31.104],[118.996,31.089],[118.962,31.065],[118.944,31.061],[118.929,31.065],[118.916,31.08],[118.89,31.088],[118.853,31.102],[118.834,31.12],[118.853,31.142],[118.88,31.142],[118.895,31.144],[118.901,31.152],[118.904,31.157],[118.911,31.154],[118.918,31.147],[118.922,31.142],[118.923,31.135],[118.922,31.107],[118.934,31.118],[118.942,31.154],[118.956,31.17],[118.973,31.174],[118.988,31.168]]]}},{"type":"Feature","properties":{"name":"","feature":"Lake","rank":8,"code":"CHN"},"geometry":{"type":"Polygon","coordinates":[[[120.848,31.413],[120.861,31.429],[120.865,31.402],[120.863,31.392],[120.851,31.388],[120.843,31.387],[120.827,31.381],[120.82,31.381],[120.807,31.382],[120.757,31.376],[120.751,31.378],[120.755,31.39],[120.765,31.396],[120.776,31.4],[120.785,31.409],[120.765,31.406],[120.748,31.397],[120.717,31.375],[120.68,31.362],[120.641,31.354],[120.641,31.361],[120.651,31.362],[120.657,31.365],[120.662,31.368],[120.682,31.379],[120.69,31.381],[120.684,31.392],[120.685,31.402],[120.691,31.41],[120.7,31.419],[120.706,31.428],[120.712,31.448],[120.717,31.457],[120.737,31.471],[120.749,31.464],[120.749,31.445],[120.737,31.422],[120.724,31.406],[120.717,31.394],[120.719,31.393],[120.776,31.444],[120.783,31.463],[120.765,31.477],[120.777,31.483],[120.79,31.483],[120.813,31.477],[120.807,31.467],[120.803,31.457],[120.802,31.447],[120.805,31.436],[120.817,31.459],[120.823,31.469],[120.833,31.477],[120.83,31.459],[120.836,31.427],[120.833,31.402],[120.842,31.407],[120.848,31.413]]]}},{"type":"Feature","properties":{"name":"","feature":"Lake","rank":8,"code":"CHN"},"geometry":{"type":"Polygon","coordinates":[[[116.28,28.566],[116.277,28.563],[116.27,28.558],[116.272,28.605],[116.279,28.621],[116.3,28.627],[116.326,28.622],[116.336,28.608],[116.338,28.558],[116.345,28.56],[116.351,28.565],[116.358,28.558],[116.366,28.552],[116.369,28.563],[116.374,28.571],[116.382,28.578],[116.393,28.585],[116.388,28.565],[116.386,28.544],[116.393,28.544],[116.41,28.553],[116.435,28.534],[116.455,28.501],[116.461,28.469],[116.449,28.472],[116.442,28.479],[116.439,28.49],[116.441,28.503],[116.436,28.501],[116.425,28.498],[116.421,28.496],[116.417,28.513],[116.405,28.523],[116.388,28.524],[116.373,28.517],[116.352,28.53],[116.343,28.521],[116.343,28.505],[116.348,28.496],[116.36,28.494],[116.378,28.488],[116.39,28.477],[116.386,28.462],[116.372,28.468],[116.359,28.465],[116.349,28.455],[116.345,28.442],[116.347,28.43],[116.355,28.42],[116.365,28.412],[116.373,28.407],[116.363,28.404],[116.353,28.404],[116.331,28.407],[116.331,28.414],[116.314,28.421],[116.315,28.436],[116.331,28.462],[116.314,28.464],[116.3,28.47],[116.29,28.48],[116.283,28.496],[116.28,28.492],[116.276,28.49],[116.273,28.508],[116.276,28.528],[116.289,28.572],[116.283,28.572],[116.28,28.566]]]}},{"type":"Feature","properties":{"name":"","feature":"Lake","rank":8,"code":"CHN"},"geometry":{"type":"Polygon","coordinates":[[[116.107,28.452],[116.13,28.501],[116.133,28.524],[116.122,28.535],[116.109,28.522],[116.098,28.497],[116.091,28.475],[116.091,28.501],[116.094,28.528],[116.106,28.549],[116.13,28.558],[116.148,28.561],[116.169,28.569],[116.191,28.581],[116.208,28.593],[116.216,28.583],[116.226,28.58],[116.236,28.578],[116.243,28.572],[116.245,28.562],[116.243,28.524],[116.22,28.549],[116.202,28.561],[116.195,28.555],[116.19,28.544],[116.167,28.531],[116.16,28.524],[116.161,28.513],[116.171,28.495],[116.195,28.435],[116.202,28.432],[116.233,28.435],[116.236,28.43],[116.249,28.401],[116.231,28.402],[116.216,28.409],[116.201,28.413],[116.188,28.407],[116.154,28.455],[116.146,28.462],[116.129,28.458],[116.129,28.443],[116.137,28.424],[116.14,28.407],[116.133,28.414],[116.117,28.426],[116.112,28.429],[116.107,28.452]]]}},{"type":"Feature","properties":{"name":"","feature":"Lake","rank":8,"code":"CHN"},"geometry":{"type":"Polygon","coordinates":[[[114.404,30.596],[114.406,30.576],[114.44,30.524],[114.43,30.529],[114.406,30.546],[114.403,30.55],[114.402,30.555],[114.399,30.559],[114.392,30.56],[114.387,30.557],[114.387,30.553],[114.388,30.55],[114.386,30.546],[114.369,30.531],[114.361,30.514],[114.363,30.498],[114.372,30.483],[114.358,30.469],[114.347,30.481],[114.324,30.494],[114.313,30.502],[114.317,30.507],[114.322,30.511],[114.329,30.512],[114.337,30.511],[114.329,30.523],[114.32,30.539],[114.319,30.553],[114.346,30.564],[114.379,30.593],[114.39,30.6],[114.399,30.603],[114.404,30.596]]]}},{"type":"Feature","properties":{"name":"","feature":"Lake","rank":8,"code":"CHN"},"geometry":{"type":"Polygon","coordinates":[[[112.522,29.272],[112.549,29.271],[112.558,29.255],[112.557,29.235],[112.549,29.199],[112.547,29.179],[112.541,29.173],[112.511,29.175],[112.501,29.169],[112.505,29.155],[112.521,29.134],[112.523,29.118],[112.52,29.103],[112.51,29.092],[112.494,29.086],[112.506,29.114],[112.498,29.126],[112.48,29.131],[112.46,29.141],[112.449,29.148],[112.432,29.153],[112.418,29.16],[112.411,29.171],[112.442,29.223],[112.463,29.233],[112.491,29.255],[112.522,29.272]]]}},{"type":"Feature","properties":{"name":"","feature":"Lake","rank":8,"code":"CHN"},"geometry":{"type":"Polygon","coordinates":[[[114.172,30.177],[114.132,30.189],[114.111,30.208],[114.115,30.226],[114.127,30.235],[114.159,30.25],[114.161,30.255],[114.176,30.278],[114.18,30.281],[114.182,30.287],[114.194,30.306],[114.2,30.313],[114.22,30.323],[114.227,30.318],[114.226,30.303],[114.221,30.285],[114.217,30.279],[114.211,30.271],[114.207,30.263],[114.21,30.254],[114.22,30.247],[114.228,30.244],[114.236,30.239],[114.242,30.23],[114.228,30.23],[114.228,30.224],[114.236,30.224],[114.253,30.223],[114.262,30.224],[114.262,30.216],[114.244,30.201],[114.234,30.196],[114.221,30.196],[114.221,30.189],[114.229,30.187],[114.233,30.185],[114.236,30.182],[114.242,30.175],[114.214,30.173],[114.172,30.177]]]}},{"type":"Feature","properties":{"name":"Dongping","feature":"Lake","rank":8,"code":"CHN"},"geometry":{"type":"Polygon","coordinates":[[[116.156,35.998],[116.146,36.021],[116.166,36.036],[116.178,36.064],[116.188,36.117],[116.196,36.111],[116.201,36.103],[116.208,36.083],[116.205,36.035],[116.208,36.021],[116.233,36.001],[116.241,35.989],[116.229,35.98],[116.249,35.951],[116.245,35.921],[116.225,35.905],[116.17,35.927],[116.136,35.932],[116.109,35.945],[116.106,35.98],[116.123,35.973],[116.144,35.98],[116.156,35.998]]]}},{"type":"Feature","properties":{"name":"Alaotra","feature":"Lake","rank":9,"code":"MDG"},"geometry":{"type":"Polygon","coordinates":[[[48.579,-17.327],[48.593,-17.339],[48.6,-17.364],[48.596,-17.402],[48.581,-17.437],[48.52,-17.52],[48.513,-17.534],[48.51,-17.549],[48.508,-17.593],[48.503,-17.611],[48.494,-17.628],[48.481,-17.646],[48.467,-17.621],[48.461,-17.588],[48.461,-17.554],[48.463,-17.524],[48.474,-17.497],[48.51,-17.458],[48.527,-17.435],[48.533,-17.412],[48.533,-17.368],[48.542,-17.347],[48.561,-17.329],[48.579,-17.327]]]}},{"type":"Feature","properties":{"name":"Mweru Wantipa","feature":"Lake","rank":9,"code":"ZMB"},"geometry":{"type":"Polygon","coordinates":[[[29.871,-8.569],[29.897,-8.57],[29.899,-8.583],[29.885,-8.614],[29.881,-8.615],[29.874,-8.624],[29.868,-8.634],[29.867,-8.638],[29.862,-8.641],[29.856,-8.647],[29.852,-8.655],[29.847,-8.683],[29.838,-8.7],[29.823,-8.707],[29.802,-8.7],[29.805,-8.722],[29.8,-8.729],[29.79,-8.732],[29.769,-8.744],[29.764,-8.745],[29.762,-8.748],[29.761,-8.766],[29.757,-8.771],[29.752,-8.774],[29.744,-8.775],[29.722,-8.783],[29.703,-8.8],[29.683,-8.811],[29.659,-8.801],[29.656,-8.788],[29.668,-8.764],[29.662,-8.751],[29.652,-8.747],[29.638,-8.747],[29.611,-8.748],[29.611,-8.741],[29.62,-8.737],[29.64,-8.737],[29.652,-8.734],[29.662,-8.73],[29.668,-8.724],[29.679,-8.707],[29.687,-8.7],[29.691,-8.696],[29.695,-8.681],[29.699,-8.68],[29.703,-8.681],[29.707,-8.679],[29.712,-8.671],[29.714,-8.663],[29.709,-8.658],[29.693,-8.659],[29.693,-8.652],[29.718,-8.652],[29.73,-8.654],[29.741,-8.659],[29.792,-8.614],[29.802,-8.611],[29.81,-8.602],[29.817,-8.598],[29.826,-8.595],[29.837,-8.59],[29.871,-8.569]]]}},{"type":"Feature","properties":{"name":"Lake Ebinur","feature":"Lake","rank":9,"code":"CHN"},"geometry":{"type":"Polygon","coordinates":[[[83.122,44.908],[83.154,44.878],[83.164,44.84],[83.149,44.802],[83.115,44.772],[83.072,44.754],[83.027,44.752],[83.006,44.758],[82.973,44.775],[82.955,44.778],[82.933,44.786],[82.89,44.821],[82.87,44.834],[82.767,44.844],[82.755,44.854],[82.702,44.875],[82.685,44.888],[82.708,44.909],[82.757,44.937],[82.777,44.953],[82.788,44.967],[82.794,44.977],[82.803,44.985],[82.821,44.991],[82.835,44.993],[82.877,44.991],[82.895,44.986],[82.973,44.974],[83.041,44.943],[83.08,44.929],[83.122,44.908]]]}},{"type":"Feature","properties":{"name":"Upemba","feature":"Lake","rank":9,"code":"COD"},"geometry":{"type":"Polygon","coordinates":[[[26.54,-8.522],[26.554,-8.535],[26.568,-8.528],[26.557,-8.544],[26.529,-8.564],[26.519,-8.583],[26.514,-8.608],[26.513,-8.635],[26.486,-8.672],[26.483,-8.679],[26.466,-8.685],[26.425,-8.708],[26.383,-8.716],[26.38,-8.722],[26.38,-8.73],[26.37,-8.741],[26.357,-8.742],[26.342,-8.737],[26.329,-8.729],[26.321,-8.721],[26.332,-8.714],[26.342,-8.688],[26.356,-8.679],[26.327,-8.685],[26.312,-8.706],[26.301,-8.716],[26.287,-8.692],[26.28,-8.692],[26.278,-8.699],[26.266,-8.714],[26.255,-8.696],[26.246,-8.675],[26.244,-8.65],[26.252,-8.624],[26.26,-8.634],[26.267,-8.633],[26.283,-8.614],[26.292,-8.61],[26.304,-8.61],[26.328,-8.611],[26.314,-8.577],[26.332,-8.577],[26.342,-8.574],[26.368,-8.54],[26.374,-8.534],[26.39,-8.528],[26.403,-8.525],[26.427,-8.524],[26.438,-8.521],[26.479,-8.501],[26.498,-8.502],[26.52,-8.51],[26.54,-8.522]]]}},{"type":"Feature","properties":{"name":"Markakol","feature":"Lake","rank":9,"code":"KAZ"},"geometry":{"type":"Polygon","coordinates":[[[85.925,48.808],[86.002,48.827],[86.022,48.812],[86.02,48.789],[86.003,48.768],[85.977,48.759],[85.953,48.753],[85.933,48.74],[85.899,48.704],[85.856,48.677],[85.806,48.663],[85.754,48.662],[85.714,48.67],[85.675,48.679],[85.57,48.688],[85.536,48.71],[85.531,48.735],[85.544,48.753],[85.562,48.766],[85.57,48.777],[85.581,48.797],[85.606,48.805],[85.658,48.807],[85.729,48.83],[85.758,48.834],[85.781,48.829],[85.832,48.809],[85.85,48.807],[85.86,48.812],[85.871,48.829],[85.878,48.834],[85.888,48.833],[85.899,48.826],[85.909,48.818],[85.912,48.81],[85.925,48.808]]]}},{"type":"Feature","properties":{"name":"","feature":"Lake","rank":9,"code":"MNG"},"geometry":{"type":"Polygon","coordinates":[[[88.604,48.532],[88.564,48.522],[88.551,48.523],[88.53,48.527],[88.496,48.54],[88.449,48.588],[88.464,48.591],[88.477,48.585],[88.49,48.575],[88.502,48.566],[88.522,48.562],[88.538,48.563],[88.571,48.574],[88.609,48.578],[88.676,48.568],[88.709,48.566],[88.681,48.542],[88.645,48.534],[88.604,48.532]]]}},{"type":"Feature","properties":{"name":"Achit","feature":"Lake","rank":9,"code":"MNG"},"geometry":{"type":"Polygon","coordinates":[[[90.648,49.529],[90.624,49.522],[90.613,49.503],[90.62,49.484],[90.654,49.462],[90.667,49.445],[90.673,49.426],[90.673,49.406],[90.668,49.387],[90.658,49.373],[90.645,49.369],[90.637,49.376],[90.633,49.385],[90.637,49.39],[90.643,49.393],[90.65,49.401],[90.653,49.41],[90.648,49.417],[90.639,49.415],[90.607,49.4],[90.593,49.397],[90.54,49.41],[90.532,49.414],[90.516,49.43],[90.446,49.434],[90.429,49.458],[90.429,49.472],[90.427,49.484],[90.422,49.497],[90.414,49.507],[90.43,49.517],[90.471,49.533],[90.495,49.55],[90.518,49.559],[90.528,49.565],[90.559,49.589],[90.6,49.598],[90.658,49.595],[90.701,49.576],[90.695,49.541],[90.675,49.532],[90.648,49.529]]]}},{"type":"Feature","properties":{"name":"Luoma","feature":"Lake","rank":9,"code":"CHN"},"geometry":{"type":"Polygon","coordinates":[[[118.25,34.109],[118.265,34.098],[118.268,34.091],[118.264,34.082],[118.248,34.04],[118.237,34.023],[118.221,34.018],[118.195,34.027],[118.174,34.037],[118.156,34.05],[118.14,34.066],[118.127,34.088],[118.131,34.088],[118.134,34.09],[118.137,34.092],[118.14,34.095],[118.156,34.13],[118.161,34.137],[118.174,34.138],[118.183,34.133],[118.191,34.123],[118.202,34.116],[118.215,34.114],[118.239,34.113],[118.25,34.109]]]}},{"type":"Feature","properties":{"name":"","feature":"Lake","rank":9,"code":"CHN"},"geometry":{"type":"Polygon","coordinates":[[[116.929,32.4],[116.947,32.393],[116.968,32.389],[116.968,32.382],[116.935,32.378],[116.927,32.375],[116.921,32.364],[116.927,32.359],[116.936,32.354],[116.941,32.344],[116.938,32.335],[116.93,32.332],[116.921,32.331],[116.914,32.327],[116.906,32.316],[116.902,32.307],[116.9,32.297],[116.9,32.268],[116.899,32.262],[116.894,32.259],[116.871,32.258],[116.864,32.254],[116.838,32.218],[116.829,32.211],[116.824,32.221],[116.826,32.23],[116.831,32.24],[116.838,32.251],[116.845,32.259],[116.845,32.259],[116.852,32.271],[116.88,32.307],[116.873,32.323],[116.876,32.341],[116.893,32.375],[116.87,32.392],[116.862,32.405],[116.859,32.423],[116.89,32.481],[116.867,32.508],[116.858,32.504],[116.842,32.488],[116.828,32.478],[116.812,32.47],[116.794,32.465],[116.777,32.464],[116.816,32.489],[116.859,32.533],[116.869,32.534],[116.879,32.524],[116.893,32.505],[116.908,32.491],[116.912,32.483],[116.914,32.468],[116.912,32.46],[116.908,32.453],[116.905,32.443],[116.907,32.43],[116.915,32.411],[116.929,32.4]]]}},{"type":"Feature","properties":{"name":"","feature":"Lake","rank":9,"code":"CHN"},"geometry":{"type":"Polygon","coordinates":[[[116.31,32.217],[116.299,32.236],[116.296,32.25],[116.3,32.262],[116.321,32.276],[116.326,32.284],[116.325,32.3],[116.337,32.289],[116.348,32.288],[116.356,32.295],[116.361,32.326],[116.365,32.334],[116.38,32.347],[116.401,32.372],[116.415,32.378],[116.431,32.372],[116.439,32.36],[116.435,32.353],[116.425,32.345],[116.414,32.334],[116.376,32.271],[116.359,32.252],[116.354,32.249],[116.343,32.239],[116.335,32.229],[116.342,32.224],[116.357,32.218],[116.357,32.204],[116.349,32.188],[116.338,32.176],[116.338,32.193],[116.329,32.202],[116.318,32.208],[116.31,32.217]]]}},{"type":"Feature","properties":{"name":"Wuchang","feature":"Lake","rank":9,"code":"CHN"},"geometry":{"type":"Polygon","coordinates":[[[116.821,30.313],[116.825,30.311],[116.841,30.285],[116.839,30.281],[116.834,30.277],[116.832,30.268],[116.826,30.259],[116.812,30.261],[116.791,30.271],[116.775,30.271],[116.764,30.268],[116.743,30.258],[116.74,30.255],[116.736,30.251],[116.731,30.247],[116.723,30.244],[116.716,30.243],[116.695,30.244],[116.669,30.242],[116.657,30.238],[116.647,30.23],[116.634,30.235],[116.605,30.24],[116.592,30.244],[116.592,30.25],[116.621,30.249],[116.638,30.25],[116.65,30.255],[116.64,30.262],[116.613,30.299],[116.604,30.295],[116.568,30.298],[116.551,30.291],[116.546,30.301],[116.546,30.308],[116.55,30.315],[116.558,30.319],[116.558,30.313],[116.571,30.326],[116.614,30.325],[116.626,30.34],[116.633,30.34],[116.634,30.335],[116.636,30.332],[116.638,30.33],[116.641,30.326],[116.638,30.323],[116.633,30.313],[116.644,30.309],[116.669,30.296],[116.674,30.295],[116.678,30.298],[116.686,30.29],[116.701,30.271],[116.708,30.291],[116.715,30.291],[116.72,30.278],[116.726,30.281],[116.74,30.302],[116.749,30.31],[116.769,30.321],[116.781,30.329],[116.79,30.331],[116.802,30.325],[116.813,30.317],[116.821,30.313]]]}},{"type":"Feature","properties":{"name":"","feature":"Lake","rank":9,"code":"CHN"},"geometry":{"type":"Polygon","coordinates":[[[117.119,30.404],[117.112,30.395],[117.16,30.395],[117.16,30.388],[117.149,30.386],[117.141,30.382],[117.134,30.376],[117.126,30.368],[117.134,30.36],[117.124,30.358],[117.114,30.361],[117.103,30.366],[117.096,30.368],[117.081,30.368],[117.07,30.372],[117.064,30.38],[117.065,30.395],[117.058,30.395],[117.051,30.38],[117.018,30.367],[117.003,30.354],[117.009,30.339],[117.01,30.32],[117.004,30.308],[116.989,30.313],[116.988,30.313],[116.985,30.317],[116.985,30.321],[116.989,30.326],[116.98,30.336],[116.974,30.352],[116.973,30.37],[116.979,30.384],[116.99,30.392],[117.005,30.399],[117.037,30.408],[117.047,30.416],[117.066,30.42],[117.083,30.427],[117.099,30.436],[117.113,30.45],[117.122,30.455],[117.134,30.456],[117.135,30.452],[117.134,30.442],[117.136,30.433],[117.147,30.429],[117.147,30.422],[117.127,30.411],[117.119,30.404]]]}},{"type":"Feature","properties":{"name":"","feature":"Lake","rank":9,"code":"CHN"},"geometry":{"type":"Polygon","coordinates":[[[114.954,30.25],[114.948,30.258],[114.95,30.257],[114.952,30.254],[114.953,30.252],[114.954,30.25]]]}},{"type":"Feature","properties":{"name":"","feature":"Lake","rank":9,"code":"CHN"},"geometry":{"type":"Polygon","coordinates":[[[114.944,30.262],[114.937,30.266],[114.92,30.271],[114.935,30.278],[114.955,30.279],[114.992,30.278],[115.005,30.282],[115.007,30.292],[115.008,30.307],[115.016,30.326],[115.006,30.335],[114.999,30.349],[114.996,30.365],[114.995,30.381],[115.006,30.373],[115.026,30.351],[115.047,30.34],[115.049,30.323],[115.043,30.288],[115.034,30.257],[115.01,30.245],[114.979,30.247],[114.95,30.257],[114.944,30.262]]]}},{"type":"Feature","properties":{"name":"","feature":"Lake","rank":9,"code":"CHN"},"geometry":{"type":"Polygon","coordinates":[[[114.645,30.244],[114.646,30.243],[114.65,30.241],[114.653,30.237],[114.645,30.244]]]}},{"type":"Feature","properties":{"name":"","feature":"Lake","rank":9,"code":"CHN"},"geometry":{"type":"Polygon","coordinates":[[[114.406,30.463],[114.41,30.459],[114.412,30.456],[114.412,30.419],[114.406,30.388],[114.402,30.391],[114.391,30.397],[114.386,30.401],[114.379,30.382],[114.379,30.375],[114.369,30.384],[114.364,30.397],[114.362,30.41],[114.358,30.422],[114.344,30.388],[114.331,30.392],[114.317,30.378],[114.31,30.388],[114.303,30.381],[114.309,30.454],[114.316,30.477],[114.334,30.461],[114.362,30.441],[114.388,30.436],[114.399,30.46],[114.402,30.465],[114.406,30.463]]]}},{"type":"Feature","properties":{"name":"","feature":"Lake","rank":9,"code":"CHN"},"geometry":{"type":"Polygon","coordinates":[[[114.31,30.505],[114.311,30.504],[114.313,30.502],[114.311,30.499],[114.31,30.497],[114.31,30.505]]]}},{"type":"Feature","properties":{"name":"","feature":"Lake","rank":9,"code":"CHN"},"geometry":{"type":"Polygon","coordinates":[[[114.598,30.634],[114.591,30.642],[114.596,30.636],[114.598,30.634]]]}},{"type":"Feature","properties":{"name":"","feature":"Lake","rank":9,"code":"CHN"},"geometry":{"type":"Polygon","coordinates":[[[114.489,30.729],[114.454,30.744],[114.46,30.744],[114.446,30.748],[114.438,30.757],[114.426,30.785],[114.434,30.792],[114.429,30.806],[114.435,30.809],[114.443,30.802],[114.447,30.789],[114.451,30.781],[114.46,30.777],[114.482,30.772],[114.473,30.787],[114.461,30.806],[114.454,30.826],[114.46,30.847],[114.463,30.838],[114.467,30.83],[114.473,30.824],[114.482,30.819],[114.483,30.825],[114.487,30.834],[114.488,30.84],[114.496,30.84],[114.497,30.834],[114.502,30.819],[114.515,30.827],[114.525,30.829],[114.543,30.827],[114.55,30.825],[114.556,30.822],[114.561,30.819],[114.567,30.823],[114.573,30.829],[114.578,30.831],[114.584,30.83],[114.591,30.827],[114.579,30.81],[114.555,30.803],[114.526,30.799],[114.518,30.797],[114.523,30.798],[114.533,30.797],[114.543,30.792],[114.538,30.789],[114.536,30.786],[114.533,30.783],[114.53,30.779],[114.537,30.782],[114.542,30.784],[114.556,30.785],[114.556,30.779],[114.551,30.775],[114.542,30.768],[114.536,30.764],[114.536,30.758],[114.551,30.763],[114.564,30.769],[114.576,30.771],[114.591,30.764],[114.523,30.734],[114.489,30.729]]]}},{"type":"Feature","properties":{"name":"","feature":"Lake","rank":9,"code":"CHN"},"geometry":{"type":"Polygon","coordinates":[[[114.233,33.002],[114.215,33.019],[114.204,33.037],[114.214,33.054],[114.246,33.07],[114.269,33.056],[114.281,33.023],[114.273,32.964],[114.268,32.956],[114.258,32.961],[114.242,32.988],[114.233,33.002]]]}},{"type":"Feature","properties":{"name":"","feature":"Lake","rank":9,"code":"CHN"},"geometry":{"type":"Polygon","coordinates":[[[112.627,33.35],[112.638,33.356],[112.633,33.334],[112.634,33.307],[112.629,33.283],[112.607,33.273],[112.589,33.282],[112.577,33.3],[112.563,33.313],[112.542,33.307],[112.534,33.319],[112.524,33.329],[112.511,33.337],[112.496,33.345],[112.484,33.355],[112.476,33.367],[112.474,33.381],[112.48,33.397],[112.488,33.377],[112.5,33.36],[112.515,33.347],[112.535,33.334],[112.546,33.35],[112.549,33.356],[112.549,33.342],[112.556,33.342],[112.558,33.347],[112.56,33.35],[112.562,33.355],[112.563,33.362],[112.567,33.35],[112.571,33.341],[112.576,33.334],[112.583,33.327],[112.589,33.323],[112.604,33.317],[112.611,33.314],[112.618,33.314],[112.618,33.328],[112.62,33.34],[112.627,33.35]]]}},{"type":"Feature","properties":{"name":"Dalai Nur","feature":"Lake","rank":9,"code":"CHN"},"geometry":{"type":"Polygon","coordinates":[[[116.674,43.237],[116.573,43.224],[116.469,43.229],[116.482,43.245],[116.495,43.257],[116.511,43.268],[116.531,43.278],[116.566,43.291],[116.583,43.301],[116.592,43.319],[116.585,43.317],[116.58,43.318],[116.576,43.319],[116.571,43.319],[116.599,43.358],[116.616,43.373],[116.642,43.381],[116.654,43.386],[116.661,43.387],[116.667,43.388],[116.697,43.386],[116.736,43.373],[116.702,43.353],[116.706,43.346],[116.729,43.333],[116.742,43.327],[116.756,43.316],[116.762,43.3],[116.757,43.278],[116.741,43.258],[116.72,43.247],[116.674,43.237]]]}},{"type":"Feature","properties":{"name":"Kenohan Jempang","feature":"Lake","rank":9,"code":"IDN"},"geometry":{"type":"Polygon","coordinates":[[[116.518,-0.225],[116.531,-0.229],[116.538,-0.237],[116.531,-0.25],[116.52,-0.254],[116.458,-0.259],[116.441,-0.264],[116.426,-0.27],[116.414,-0.278],[116.433,-0.296],[116.415,-0.319],[116.38,-0.338],[116.348,-0.346],[116.331,-0.343],[116.302,-0.329],[116.293,-0.326],[116.29,-0.324],[116.287,-0.319],[116.283,-0.315],[116.273,-0.312],[116.269,-0.307],[116.274,-0.297],[116.283,-0.285],[116.283,-0.285],[116.299,-0.272],[116.335,-0.248],[116.348,-0.244],[116.374,-0.287],[116.386,-0.299],[116.395,-0.284],[116.403,-0.252],[116.414,-0.244],[116.406,-0.226],[116.406,-0.208],[116.412,-0.193],[116.421,-0.183],[116.437,-0.175],[116.458,-0.171],[116.472,-0.174],[116.469,-0.189],[116.506,-0.223],[116.518,-0.225]]]}},{"type":"Feature","properties":{"name":"","feature":"Lake","rank":9,"code":"IDN"},"geometry":{"type":"Polygon","coordinates":[[[116.259,-0.415],[116.266,-0.415],[116.27,-0.419],[116.269,-0.429],[116.268,-0.436],[116.263,-0.441],[116.252,-0.442],[116.24,-0.447],[116.238,-0.46],[116.24,-0.476],[116.236,-0.49],[116.224,-0.499],[116.206,-0.503],[116.187,-0.504],[116.149,-0.503],[116.14,-0.497],[116.141,-0.445],[116.137,-0.433],[116.123,-0.428],[116.115,-0.421],[116.111,-0.404],[116.115,-0.39],[116.126,-0.387],[116.142,-0.399],[116.155,-0.396],[116.169,-0.392],[116.184,-0.398],[116.197,-0.405],[116.243,-0.415],[116.25,-0.416],[116.259,-0.415]]]}},{"type":"Feature","properties":{"name":"Taal","feature":"Lake","rank":9,"code":"PHL"},"geometry":{"type":"Polygon","coordinates":[[[120.994,14.058],[121.021,14.063],[121.05,14.052],[121.045,14.011],[121.032,13.983],[121.007,13.962],[120.966,13.957],[120.945,13.987],[120.936,14.037],[120.932,14.07],[120.978,14.07],[120.994,14.058]]]}},{"type":"Feature","properties":{"name":"","feature":"Lake","rank":9,"code":"CHN"},"geometry":{"type":"Polygon","coordinates":[[[114.111,30.209],[114.111,30.208],[114.111,30.205],[114.111,30.209],[114.111,30.209]]]}},{"type":"Feature","properties":{"name":"Telmen","feature":"Lake","rank":9,"code":"MNG"},"geometry":{"type":"Polygon","coordinates":[[[97.424,48.873],[97.493,48.836],[97.514,48.817],[97.51,48.805],[97.492,48.805],[97.469,48.818],[97.447,48.825],[97.419,48.82],[97.33,48.786],[97.326,48.784],[97.322,48.781],[97.315,48.78],[97.309,48.783],[97.305,48.787],[97.3,48.792],[97.292,48.794],[97.269,48.79],[97.247,48.782],[97.224,48.777],[97.199,48.78],[97.181,48.792],[97.168,48.81],[97.16,48.832],[97.157,48.853],[97.162,48.86],[97.173,48.857],[97.186,48.852],[97.2,48.848],[97.21,48.843],[97.216,48.842],[97.219,48.845],[97.22,48.851],[97.221,48.858],[97.227,48.862],[97.247,48.863],[97.26,48.861],[97.271,48.862],[97.298,48.882],[97.344,48.894],[97.387,48.887],[97.424,48.873]]]}},{"type":"Feature","properties":{"name":"Sangiin Dalai","feature":"Lake","rank":9,"code":"MNG"},"geometry":{"type":"Polygon","coordinates":[[[99.128,49.253],[99.141,49.253],[99.255,49.239],[99.228,49.223],[99.157,49.232],[99.138,49.212],[99.14,49.2],[99.146,49.19],[99.152,49.18],[99.152,49.164],[99.142,49.149],[99.13,49.145],[99.115,49.149],[99.1,49.161],[99.073,49.168],[99.032,49.172],[99.001,49.18],[99.004,49.202],[99.017,49.208],[99.055,49.215],[99.062,49.223],[99.055,49.231],[99.007,49.253],[98.984,49.247],[98.947,49.245],[98.913,49.248],[98.899,49.257],[98.886,49.275],[98.828,49.288],[98.809,49.302],[98.838,49.306],[98.926,49.302],[99.011,49.302],[99.024,49.299],[99.031,49.293],[99.036,49.285],[99.042,49.28],[99.056,49.275],[99.066,49.272],[99.075,49.268],[99.083,49.26],[99.077,49.259],[99.076,49.245],[99.081,49.233],[99.093,49.236],[99.104,49.244],[99.115,49.25],[99.128,49.253]]]}},{"type":"Feature","properties":{"name":"Khukh Lake","feature":"Lake","rank":9,"code":"MNG"},"geometry":{"type":"Polygon","coordinates":[[[115.634,49.552],[115.641,49.528],[115.641,49.505],[115.634,49.488],[115.615,49.478],[115.59,49.469],[115.565,49.467],[115.547,49.476],[115.538,49.488],[115.536,49.493],[115.537,49.499],[115.536,49.533],[115.53,49.536],[115.509,49.535],[115.532,49.552],[115.564,49.57],[115.597,49.58],[115.623,49.572],[115.634,49.552]]]}},{"type":"Feature","properties":{"name":"","feature":"Lake","rank":9,"code":"MNG"},"geometry":{"type":"Polygon","coordinates":[[[115.822,49.524],[115.841,49.516],[115.851,49.502],[115.835,49.496],[115.817,49.496],[115.802,49.502],[115.797,49.517],[115.805,49.526],[115.822,49.524]]]}},{"type":"Feature","properties":{"name":"","feature":"Lake","rank":9,"code":"MNG"},"geometry":{"type":"Polygon","coordinates":[[[116.124,49.368],[116.095,49.369],[116.078,49.384],[116.088,49.399],[116.119,49.401],[116.15,49.395],[116.16,49.384],[116.151,49.376],[116.124,49.368]]]}},{"type":"Feature","properties":{"name":"","feature":"Lake","rank":9,"code":"MNG"},"geometry":{"type":"Polygon","coordinates":[[[117.267,47.435],[117.247,47.432],[117.236,47.434],[117.238,47.454],[117.244,47.474],[117.255,47.484],[117.27,47.478],[117.279,47.449],[117.267,47.435]]]}},{"type":"Feature","properties":{"name":"","feature":"Lake","rank":9,"code":"MNG"},"geometry":{"type":"Polygon","coordinates":[[[117.559,47.321],[117.549,47.321],[117.538,47.321],[117.549,47.33],[117.564,47.339],[117.58,47.343],[117.592,47.335],[117.599,47.335],[117.603,47.316],[117.593,47.306],[117.581,47.304],[117.579,47.314],[117.569,47.319],[117.559,47.321]]]}},{"type":"Feature","properties":{"name":"","feature":"Lake","rank":9,"code":"CHN"},"geometry":{"type":"Polygon","coordinates":[[[124.339,46.149],[124.335,46.156],[124.334,46.166],[124.339,46.168],[124.345,46.168],[124.349,46.17],[124.36,46.196],[124.369,46.203],[124.383,46.197],[124.395,46.192],[124.393,46.181],[124.383,46.167],[124.376,46.153],[124.383,46.151],[124.425,46.177],[124.427,46.154],[124.411,46.138],[124.385,46.134],[124.363,46.149],[124.355,46.146],[124.346,46.146],[124.339,46.149]]]}},{"type":"Feature","properties":{"name":"","feature":"Lake","rank":9,"code":"CHN"},"geometry":{"type":"Polygon","coordinates":[[[124.262,45.353],[124.253,45.345],[124.236,45.34],[124.236,45.353],[124.25,45.374],[124.27,45.386],[124.287,45.367],[124.289,45.359],[124.295,45.354],[124.272,45.358],[124.262,45.353]]]}},{"type":"Feature","properties":{"name":"Ulgain Gobi","feature":"Lake","rank":9,"code":"CHN"},"geometry":{"type":"Polygon","coordinates":[[[117.616,45.568],[117.636,45.564],[117.647,45.539],[117.63,45.537],[117.621,45.528],[117.62,45.516],[117.627,45.504],[117.622,45.488],[117.61,45.471],[117.579,45.443],[117.569,45.437],[117.558,45.433],[117.546,45.431],[117.534,45.43],[117.523,45.426],[117.518,45.418],[117.515,45.409],[117.51,45.402],[117.501,45.401],[117.436,45.402],[117.428,45.405],[117.38,45.439],[117.359,45.447],[117.339,45.443],[117.32,45.456],[117.327,45.463],[117.366,45.471],[117.385,45.479],[117.428,45.512],[117.465,45.526],[117.508,45.532],[117.599,45.532],[117.577,45.56],[117.574,45.573],[117.585,45.587],[117.597,45.57],[117.616,45.568]]]}},{"type":"Feature","properties":{"name":"Aqqikkol Hu","feature":"Lake","rank":9,"code":"CHN"},"geometry":{"type":"Polygon","coordinates":[[[88.405,36.984],[88.359,36.996],[88.335,37.015],[88.309,37.025],[88.288,37.051],[88.276,37.06],[88.342,37.144],[88.372,37.163],[88.416,37.173],[88.467,37.174],[88.515,37.165],[88.55,37.149],[88.556,37.127],[88.558,37.09],[88.552,37.055],[88.54,37.039],[88.525,37.043],[88.522,37.053],[88.518,37.062],[88.499,37.066],[88.471,37.068],[88.466,37.06],[88.455,37.01],[88.451,37.001],[88.44,36.992],[88.42,36.983],[88.405,36.984]]]}},{"type":"Feature","properties":{"name":"","feature":"Lake","rank":9,"code":"CHN"},"geometry":{"type":"Polygon","coordinates":[[[95.231,37.008],[95.295,36.963],[95.3,36.938],[95.294,36.907],[95.28,36.883],[95.259,36.877],[95.237,36.894],[95.201,36.948],[95.174,36.959],[95.148,36.967],[95.117,37.0],[95.091,37.008],[95.029,37.01],[95.0,37.016],[94.972,37.028],[94.983,37.034],[94.994,37.035],[95.006,37.034],[95.02,37.035],[95.03,37.039],[95.052,37.052],[95.064,37.055],[95.087,37.052],[95.13,37.038],[95.194,37.027],[95.231,37.008]]]}},{"type":"Feature","properties":{"name":"Gas Hure Hu","feature":"Lake","rank":9,"code":"CHN"},"geometry":{"type":"Polygon","coordinates":[[[90.802,38.17],[90.826,38.159],[90.899,38.122],[90.954,38.113],[90.986,38.1],[91.007,38.081],[91.004,38.056],[91.02,38.05],[91.009,38.049],[90.976,38.049],[90.973,38.044],[90.972,38.028],[90.97,38.021],[90.961,38.017],[90.94,38.009],[90.932,38.004],[90.914,37.997],[90.899,38.009],[90.881,38.043],[90.869,38.053],[90.851,38.061],[90.832,38.068],[90.815,38.07],[90.8,38.075],[90.781,38.084],[90.761,38.091],[90.738,38.086],[90.726,38.087],[90.714,38.091],[90.709,38.094],[90.708,38.104],[90.707,38.112],[90.706,38.12],[90.709,38.131],[90.729,38.153],[90.764,38.167],[90.802,38.17]]]}},{"type":"Feature","properties":{"name":"Hoh Sai Hu","feature":"Lake","rank":9,"code":"CHN"},"geometry":{"type":"Polygon","coordinates":[[[92.974,35.733],[92.996,35.719],[93.039,35.7],[93.026,35.681],[93.007,35.671],[92.984,35.667],[92.914,35.666],[92.899,35.674],[92.827,35.737],[92.821,35.757],[92.807,35.772],[92.789,35.782],[92.709,35.81],[92.693,35.819],[92.674,35.828],[92.623,35.835],[92.607,35.843],[92.621,35.858],[92.674,35.86],[92.772,35.85],[92.777,35.852],[92.786,35.858],[92.81,35.831],[92.823,35.819],[92.841,35.809],[92.887,35.797],[92.902,35.789],[92.954,35.759],[92.964,35.744],[92.974,35.733]]]}},{"type":"Feature","properties":{"name":"Huiten Nur","feature":"Lake","rank":9,"code":"CHN"},"geometry":{"type":"Polygon","coordinates":[[[92.039,35.575],[92.058,35.57],[92.1,35.563],[92.1,35.556],[92.089,35.552],[92.052,35.528],[92.048,35.534],[92.036,35.543],[92.032,35.549],[92.004,35.533],[91.97,35.519],[91.936,35.509],[91.908,35.507],[91.889,35.518],[91.881,35.521],[91.871,35.522],[91.85,35.52],[91.84,35.521],[91.826,35.529],[91.785,35.57],[91.795,35.575],[91.805,35.583],[91.811,35.595],[91.812,35.611],[91.862,35.639],[91.881,35.646],[91.904,35.646],[91.946,35.634],[91.967,35.631],[92.039,35.575]]]}},{"type":"Feature","properties":{"name":"","feature":"Lake","rank":9,"code":"CHN"},"geometry":{"type":"Polygon","coordinates":[[[90.215,35.704],[90.126,35.721],[90.084,35.736],[90.058,35.757],[90.06,35.788],[90.101,35.793],[90.188,35.785],[90.223,35.803],[90.245,35.807],[90.267,35.795],[90.284,35.794],[90.329,35.818],[90.346,35.813],[90.348,35.806],[90.346,35.798],[90.338,35.782],[90.324,35.741],[90.296,35.715],[90.259,35.703],[90.215,35.704]]]}},{"type":"Feature","properties":{"name":"","feature":"Lake","rank":9,"code":"CHN"},"geometry":{"type":"Polygon","coordinates":[[[90.401,35.165],[90.355,35.151],[90.24,35.161],[90.202,35.143],[90.197,35.152],[90.191,35.156],[90.183,35.156],[90.174,35.15],[90.164,35.159],[90.146,35.18],[90.134,35.191],[90.12,35.198],[90.109,35.201],[90.099,35.206],[90.092,35.219],[90.11,35.219],[90.116,35.228],[90.119,35.241],[90.126,35.253],[90.142,35.258],[90.153,35.252],[90.165,35.244],[90.181,35.24],[90.214,35.234],[90.212,35.223],[90.187,35.213],[90.154,35.212],[90.154,35.205],[90.171,35.199],[90.2,35.193],[90.225,35.191],[90.231,35.191],[90.237,35.19],[90.247,35.181],[90.255,35.177],[90.261,35.178],[90.267,35.184],[90.27,35.191],[90.264,35.192],[90.259,35.194],[90.255,35.196],[90.25,35.198],[90.258,35.212],[90.265,35.232],[90.275,35.245],[90.291,35.24],[90.291,35.252],[90.295,35.265],[90.304,35.276],[90.315,35.281],[90.322,35.282],[90.333,35.288],[90.34,35.288],[90.345,35.285],[90.353,35.276],[90.356,35.274],[90.365,35.264],[90.384,35.216],[90.401,35.205],[90.392,35.237],[90.386,35.253],[90.377,35.26],[90.374,35.267],[90.38,35.278],[90.39,35.28],[90.394,35.26],[90.4,35.264],[90.406,35.265],[90.418,35.264],[90.468,35.227],[90.484,35.219],[90.492,35.217],[90.521,35.219],[90.53,35.217],[90.537,35.212],[90.552,35.198],[90.555,35.212],[90.561,35.217],[90.567,35.215],[90.576,35.208],[90.586,35.206],[90.597,35.21],[90.61,35.216],[90.62,35.219],[90.631,35.217],[90.643,35.213],[90.649,35.205],[90.644,35.195],[90.576,35.188],[90.518,35.171],[90.5,35.173],[90.481,35.184],[90.466,35.2],[90.456,35.219],[90.438,35.166],[90.423,35.147],[90.401,35.165]]]}},{"type":"Feature","properties":{"name":"","feature":"Lake","rank":9,"code":"CHN"},"geometry":{"type":"Polygon","coordinates":[[[90.739,34.84],[90.733,34.835],[90.699,34.835],[90.689,34.838],[90.666,34.851],[90.654,34.855],[90.627,34.855],[90.58,34.839],[90.555,34.835],[90.487,34.835],[90.48,34.838],[90.477,34.842],[90.476,34.847],[90.476,34.849],[90.461,34.846],[90.456,34.838],[90.453,34.826],[90.442,34.815],[90.424,34.809],[90.386,34.804],[90.366,34.795],[90.366,34.787],[90.381,34.784],[90.42,34.782],[90.429,34.777],[90.435,34.77],[90.451,34.768],[90.469,34.768],[90.484,34.767],[90.499,34.757],[90.5,34.749],[90.494,34.737],[90.49,34.722],[90.483,34.715],[90.449,34.709],[90.435,34.705],[90.461,34.694],[90.46,34.684],[90.442,34.684],[90.414,34.698],[90.34,34.753],[90.323,34.745],[90.307,34.748],[90.295,34.759],[90.291,34.777],[90.298,34.791],[90.314,34.798],[90.353,34.801],[90.338,34.813],[90.257,34.835],[90.264,34.846],[90.266,34.854],[90.264,34.873],[90.269,34.88],[90.28,34.88],[90.292,34.878],[90.301,34.88],[90.319,34.895],[90.34,34.904],[90.363,34.908],[90.389,34.91],[90.398,34.908],[90.403,34.903],[90.407,34.897],[90.414,34.891],[90.428,34.883],[90.435,34.882],[90.47,34.886],[90.476,34.883],[90.487,34.873],[90.499,34.865],[90.506,34.872],[90.51,34.891],[90.532,34.897],[90.553,34.896],[90.65,34.881],[90.66,34.877],[90.668,34.872],[90.675,34.869],[90.685,34.869],[90.706,34.871],[90.716,34.869],[90.724,34.863],[90.734,34.851],[90.739,34.84]]]}},{"type":"Feature","properties":{"name":"","feature":"Lake","rank":9,"code":"CHN"},"geometry":{"type":"Polygon","coordinates":[[[90.389,34.91],[90.388,34.91],[90.388,34.91],[90.394,34.91],[90.389,34.91]]]}},{"type":"Feature","properties":{"name":"","feature":"Lake","rank":9,"code":"CHN"},"geometry":{"type":"Polygon","coordinates":[[[89.361,35.26],[89.375,35.266],[89.387,35.246],[89.386,35.224],[89.372,35.215],[89.353,35.218],[89.336,35.23],[89.32,35.237],[89.3,35.242],[89.291,35.251],[89.304,35.267],[89.284,35.271],[89.236,35.275],[89.203,35.294],[89.18,35.299],[89.157,35.3],[89.14,35.294],[89.135,35.304],[89.137,35.313],[89.154,35.329],[89.158,35.33],[89.177,35.329],[89.181,35.331],[89.181,35.334],[89.18,35.339],[89.181,35.343],[89.177,35.341],[89.174,35.347],[89.173,35.356],[89.174,35.362],[89.179,35.367],[89.186,35.371],[89.196,35.375],[89.28,35.384],[89.303,35.379],[89.31,35.367],[89.314,35.351],[89.336,35.32],[89.342,35.302],[89.344,35.283],[89.345,35.263],[89.35,35.252],[89.361,35.26]]]}},{"type":"Feature","properties":{"name":"","feature":"Lake","rank":9,"code":"CHN"},"geometry":{"type":"Polygon","coordinates":[[[89.23,34.592],[89.235,34.568],[89.236,34.558],[89.234,34.548],[89.23,34.539],[89.222,34.534],[89.205,34.534],[89.195,34.544],[89.189,34.556],[89.184,34.561],[89.164,34.565],[89.128,34.58],[89.106,34.582],[89.087,34.581],[89.082,34.577],[89.078,34.568],[89.08,34.565],[89.078,34.524],[89.07,34.504],[89.052,34.494],[89.03,34.491],[88.989,34.495],[88.964,34.501],[88.946,34.513],[88.942,34.534],[88.914,34.513],[88.917,34.567],[88.921,34.582],[88.888,34.575],[88.868,34.588],[88.838,34.63],[88.853,34.642],[88.876,34.646],[88.896,34.637],[88.9,34.616],[88.911,34.621],[88.924,34.621],[88.936,34.62],[88.934,34.616],[89.021,34.599],[89.065,34.598],[89.106,34.602],[89.113,34.606],[89.117,34.611],[89.124,34.616],[89.14,34.616],[89.151,34.611],[89.162,34.598],[89.171,34.596],[89.217,34.599],[89.23,34.592]]]}},{"type":"Feature","properties":{"name":"","feature":"Lake","rank":9,"code":"CHN"},"geometry":{"type":"Polygon","coordinates":[[[89.578,36.291],[89.603,36.274],[89.612,36.254],[89.589,36.244],[89.573,36.24],[89.563,36.234],[89.554,36.231],[89.537,36.238],[89.531,36.243],[89.527,36.248],[89.524,36.255],[89.523,36.262],[89.52,36.266],[89.501,36.266],[89.483,36.272],[89.455,36.277],[89.449,36.282],[89.444,36.288],[89.356,36.336],[89.328,36.346],[89.298,36.348],[89.299,36.362],[89.296,36.383],[89.289,36.401],[89.28,36.409],[89.278,36.42],[89.276,36.442],[89.283,36.457],[89.304,36.45],[89.339,36.424],[89.374,36.41],[89.449,36.389],[89.483,36.372],[89.51,36.351],[89.533,36.324],[89.551,36.293],[89.578,36.291]]]}},{"type":"Feature","properties":{"name":"","feature":"Lake","rank":9,"code":"CHN"},"geometry":{"type":"Polygon","coordinates":[[[90.633,31.333],[90.617,31.3],[90.612,31.282],[90.616,31.268],[90.628,31.25],[90.62,31.221],[90.627,31.203],[90.609,31.162],[90.607,31.152],[90.6,31.145],[90.584,31.139],[90.567,31.136],[90.555,31.138],[90.522,31.17],[90.521,31.176],[90.517,31.183],[90.535,31.241],[90.554,31.26],[90.559,31.271],[90.558,31.286],[90.55,31.31],[90.552,31.327],[90.556,31.342],[90.56,31.35],[90.569,31.353],[90.586,31.354],[90.601,31.355],[90.615,31.353],[90.627,31.347],[90.633,31.333]]]}},{"type":"Feature","properties":{"name":"","feature":"Lake","rank":9,"code":"CHN"},"geometry":{"type":"Polygon","coordinates":[[[88.328,31.811],[88.336,31.806],[88.345,31.803],[88.352,31.792],[88.339,31.791],[88.318,31.781],[88.308,31.779],[88.297,31.781],[88.268,31.791],[88.263,31.796],[88.259,31.805],[88.251,31.804],[88.225,31.786],[88.216,31.782],[88.207,31.78],[88.151,31.78],[88.135,31.787],[88.143,31.803],[88.159,31.818],[88.178,31.832],[88.199,31.839],[88.221,31.833],[88.266,31.821],[88.281,31.826],[88.283,31.855],[88.294,31.851],[88.308,31.844],[88.32,31.834],[88.325,31.823],[88.328,31.811]]]}},{"type":"Feature","properties":{"name":"","feature":"Lake","rank":9,"code":"CHN"},"geometry":{"type":"Polygon","coordinates":[[[88.126,31.69],[88.086,31.678],[87.997,31.662],[87.919,31.635],[87.899,31.63],[87.875,31.628],[87.833,31.618],[87.822,31.62],[87.831,31.641],[87.835,31.643],[87.841,31.643],[87.847,31.648],[87.851,31.663],[87.851,31.675],[87.846,31.695],[87.845,31.707],[87.852,31.723],[87.869,31.735],[87.907,31.751],[87.929,31.764],[87.94,31.769],[87.954,31.772],[87.979,31.766],[88.011,31.766],[88.041,31.772],[88.088,31.795],[88.108,31.781],[88.11,31.761],[88.085,31.751],[88.098,31.738],[88.142,31.753],[88.163,31.748],[88.173,31.728],[88.163,31.711],[88.143,31.698],[88.126,31.69]]]}},{"type":"Feature","properties":{"name":"","feature":"Lake","rank":9,"code":"CHN"},"geometry":{"type":"Polygon","coordinates":[[[82.439,34.145],[82.455,34.132],[82.458,34.116],[82.445,34.111],[82.422,34.115],[82.398,34.122],[82.383,34.129],[82.367,34.142],[82.353,34.155],[82.338,34.166],[82.318,34.17],[82.307,34.178],[82.284,34.211],[82.244,34.229],[82.212,34.256],[82.189,34.289],[82.191,34.321],[82.295,34.276],[82.322,34.254],[82.357,34.191],[82.379,34.167],[82.407,34.157],[82.42,34.154],[82.439,34.145]]]}},{"type":"Feature","properties":{"name":"Lumajangdong","feature":"Lake","rank":9,"code":"CHN"},"geometry":{"type":"Polygon","coordinates":[[[81.797,34.034],[81.811,34.025],[81.815,34.006],[81.809,33.987],[81.797,33.979],[81.777,33.98],[81.768,33.984],[81.752,34.012],[81.741,34.025],[81.729,34.03],[81.717,34.027],[81.705,34.012],[81.695,33.982],[81.691,33.951],[81.683,33.925],[81.657,33.91],[81.651,33.932],[81.653,33.945],[81.659,33.958],[81.664,33.979],[81.639,33.972],[81.622,33.983],[81.607,33.998],[81.592,34.006],[81.58,34.009],[81.574,34.016],[81.57,34.023],[81.561,34.027],[81.548,34.026],[81.54,34.023],[81.495,33.992],[81.477,33.983],[81.455,33.979],[81.43,33.956],[81.416,33.95],[81.41,33.968],[81.415,33.981],[81.427,33.984],[81.441,33.984],[81.451,33.986],[81.456,33.992],[81.494,34.051],[81.509,34.068],[81.523,34.075],[81.533,34.077],[81.539,34.082],[81.54,34.089],[81.534,34.095],[81.523,34.096],[81.5,34.088],[81.493,34.088],[81.486,34.101],[81.505,34.112],[81.533,34.12],[81.554,34.122],[81.573,34.121],[81.591,34.11],[81.596,34.088],[81.633,34.095],[81.667,34.085],[81.701,34.069],[81.752,34.057],[81.779,34.038],[81.797,34.034]]]}},{"type":"Feature","properties":{"name":"Guozha","feature":"Lake","rank":9,"code":"CHN"},"geometry":{"type":"Polygon","coordinates":[[[81.186,35.091],[81.231,35.07],[81.244,35.059],[81.244,35.051],[81.243,35.044],[81.241,35.037],[81.23,35.019],[81.225,35.015],[81.207,35.016],[81.147,35.007],[81.131,35.013],[81.102,35.021],[81.06,35.009],[81.018,34.991],[80.984,34.982],[80.966,34.984],[80.945,34.988],[80.929,34.998],[80.923,35.013],[80.927,35.033],[80.938,35.054],[80.952,35.072],[80.967,35.079],[81.018,35.087],[81.039,35.085],[81.057,35.082],[81.075,35.081],[81.087,35.087],[81.094,35.106],[81.101,35.106],[81.112,35.094],[81.138,35.097],[81.164,35.104],[81.176,35.103],[81.186,35.091]]]}},{"type":"Feature","properties":{"name":"","feature":"Lake","rank":9,"code":"CHN"},"geometry":{"type":"Polygon","coordinates":[[[91.219,33.942],[91.236,33.934],[91.243,33.921],[91.243,33.907],[91.239,33.891],[91.232,33.874],[91.219,33.858],[91.205,33.848],[91.187,33.841],[91.167,33.836],[91.148,33.835],[91.134,33.852],[91.144,33.874],[91.164,33.893],[91.182,33.903],[91.182,33.91],[91.161,33.911],[91.156,33.921],[91.164,33.935],[91.182,33.945],[91.199,33.946],[91.219,33.942]]]}},{"type":"Feature","properties":{"name":"","feature":"Lake","rank":9,"code":"CHN"},"geometry":{"type":"Polygon","coordinates":[[[90.048,32.492],[90.061,32.477],[90.064,32.448],[90.056,32.423],[90.038,32.423],[90.019,32.41],[90.017,32.406],[90.013,32.401],[90.003,32.405],[89.986,32.416],[89.94,32.409],[89.88,32.41],[89.873,32.413],[89.874,32.44],[89.877,32.452],[89.884,32.457],[89.894,32.458],[89.899,32.463],[89.903,32.469],[89.915,32.478],[89.927,32.484],[89.955,32.492],[89.969,32.498],[89.988,32.514],[89.999,32.522],[90.014,32.526],[90.025,32.521],[90.04,32.497],[90.048,32.492]]]}},{"type":"Feature","properties":{"name":"","feature":"Lake","rank":9,"code":"CHN"},"geometry":{"type":"Polygon","coordinates":[[[90.924,32.133],[90.935,32.111],[90.946,32.034],[90.942,32.023],[90.925,32.019],[90.91,32.019],[90.898,32.02],[90.888,32.025],[90.881,32.033],[90.881,32.025],[90.853,32.046],[90.761,32.05],[90.729,32.067],[90.741,32.076],[90.777,32.094],[90.785,32.103],[90.79,32.115],[90.799,32.125],[90.829,32.132],[90.836,32.14],[90.842,32.149],[90.853,32.155],[90.868,32.155],[90.892,32.145],[90.905,32.142],[90.924,32.133]]]}},{"type":"Feature","properties":{"name":"","feature":"Lake","rank":9,"code":"CHN"},"geometry":{"type":"Polygon","coordinates":[[[88.818,31.663],[88.827,31.648],[88.833,31.622],[88.831,31.597],[88.815,31.587],[88.814,31.574],[88.81,31.546],[88.8,31.518],[88.78,31.505],[88.755,31.503],[88.736,31.494],[88.727,31.475],[88.728,31.444],[88.741,31.418],[88.745,31.405],[88.739,31.392],[88.732,31.382],[88.715,31.34],[88.708,31.349],[88.703,31.369],[88.694,31.381],[88.713,31.399],[88.721,31.41],[88.719,31.419],[88.708,31.425],[88.698,31.429],[88.691,31.435],[88.694,31.444],[88.694,31.463],[88.688,31.488],[88.678,31.509],[88.656,31.523],[88.648,31.534],[88.642,31.547],[88.639,31.556],[88.634,31.559],[88.599,31.559],[88.611,31.574],[88.63,31.574],[88.648,31.567],[88.66,31.559],[88.665,31.55],[88.668,31.542],[88.672,31.533],[88.681,31.525],[88.691,31.521],[88.702,31.519],[88.725,31.519],[88.73,31.528],[88.72,31.549],[88.705,31.57],[88.691,31.58],[88.67,31.582],[88.628,31.592],[88.605,31.594],[88.621,31.612],[88.646,31.626],[88.674,31.634],[88.702,31.635],[88.686,31.658],[88.681,31.671],[88.691,31.676],[88.701,31.673],[88.711,31.667],[88.725,31.652],[88.743,31.647],[88.77,31.65],[88.818,31.663]]]}},{"type":"Feature","properties":{"name":"Geren Cuo","feature":"Lake","rank":9,"code":"CHN"},"geometry":{"type":"Polygon","coordinates":[[[88.567,31.068],[88.576,31.053],[88.581,31.036],[88.575,31.022],[88.547,30.994],[88.54,30.99],[88.518,30.987],[88.509,30.984],[88.473,30.995],[88.468,31.001],[88.466,31.015],[88.458,31.025],[88.446,31.03],[88.4,31.036],[88.377,31.047],[88.364,31.07],[88.359,31.104],[88.347,31.116],[88.257,31.169],[88.245,31.171],[88.215,31.17],[88.19,31.165],[88.181,31.169],[88.173,31.183],[88.124,31.231],[88.109,31.238],[88.104,31.243],[88.079,31.277],[88.067,31.282],[88.053,31.287],[88.043,31.292],[88.032,31.312],[88.044,31.317],[88.11,31.309],[88.129,31.299],[88.16,31.278],[88.461,31.135],[88.536,31.096],[88.557,31.08],[88.567,31.068]]]}},{"type":"Feature","properties":{"name":"Ngangzi Co","feature":"Lake","rank":9,"code":"CHN"},"geometry":{"type":"Polygon","coordinates":[[[87.291,31.073],[87.303,31.06],[87.308,31.01],[87.277,30.999],[87.194,31.011],[87.154,31.004],[87.12,30.988],[87.064,30.943],[87.042,30.92],[87.027,30.909],[87.008,30.902],[86.989,30.902],[86.972,30.908],[86.962,30.92],[86.968,30.936],[86.98,30.957],[86.981,30.964],[86.979,30.974],[86.97,30.989],[86.968,31.001],[86.972,31.026],[86.983,31.039],[87.046,31.061],[87.061,31.07],[87.097,31.105],[87.113,31.112],[87.122,31.118],[87.129,31.127],[87.134,31.136],[87.14,31.144],[87.153,31.148],[87.169,31.144],[87.208,31.12],[87.225,31.114],[87.243,31.107],[87.291,31.073]]]}},{"type":"Feature","properties":{"name":"","feature":"Lake","rank":9,"code":"CHN"},"geometry":{"type":"Polygon","coordinates":[[[86.333,30.582],[86.327,30.573],[86.319,30.571],[86.303,30.562],[86.292,30.56],[86.284,30.564],[86.277,30.573],[86.275,30.587],[86.263,30.614],[86.255,30.618],[86.207,30.624],[86.2,30.628],[86.192,30.638],[86.188,30.657],[86.175,30.68],[86.173,30.698],[86.176,30.715],[86.183,30.727],[86.229,30.721],[86.241,30.717],[86.253,30.702],[86.263,30.663],[86.275,30.648],[86.292,30.648],[86.312,30.655],[86.329,30.655],[86.337,30.638],[86.336,30.601],[86.333,30.582]]]}},{"type":"Feature","properties":{"name":"","feature":"Lake","rank":9,"code":"CHN"},"geometry":{"type":"Polygon","coordinates":[[[86.463,30.372],[86.467,30.36],[86.468,30.35],[86.463,30.332],[86.459,30.303],[86.434,30.24],[86.433,30.234],[86.436,30.2],[86.433,30.189],[86.42,30.169],[86.407,30.168],[86.392,30.176],[86.378,30.189],[86.361,30.199],[86.354,30.205],[86.351,30.213],[86.35,30.233],[86.348,30.242],[86.344,30.25],[86.34,30.262],[86.32,30.304],[86.32,30.316],[86.337,30.347],[86.349,30.361],[86.385,30.373],[86.406,30.383],[86.427,30.389],[86.443,30.384],[86.451,30.378],[86.458,30.376],[86.463,30.372]]]}},{"type":"Feature","properties":{"name":"","feature":"Lake","rank":9,"code":"CHN"},"geometry":{"type":"Polygon","coordinates":[[[83.951,31.288],[83.947,31.294],[83.945,31.302],[83.945,31.313],[83.983,31.309],[83.973,31.332],[83.957,31.361],[83.976,31.375],[84.01,31.392],[84.018,31.392],[84.048,31.381],[84.068,31.379],[84.085,31.382],[84.091,31.39],[84.076,31.402],[84.056,31.396],[84.033,31.404],[84.015,31.418],[84.007,31.433],[84.005,31.439],[84.0,31.442],[83.995,31.444],[83.993,31.446],[83.994,31.452],[83.997,31.456],[83.999,31.458],[84.014,31.498],[84.049,31.514],[84.078,31.491],[84.1,31.45],[84.11,31.409],[84.109,31.383],[84.11,31.375],[84.123,31.354],[84.126,31.342],[84.12,31.33],[84.1,31.322],[84.06,31.329],[84.041,31.32],[84.032,31.302],[84.031,31.281],[84.025,31.265],[84.003,31.258],[83.993,31.256],[83.983,31.252],[83.972,31.251],[83.963,31.255],[83.96,31.261],[83.963,31.276],[83.959,31.285],[83.951,31.288]]]}},{"type":"Feature","properties":{"name":"","feature":"Lake","rank":9,"code":"CHN"},"geometry":{"type":"Polygon","coordinates":[[[84.316,31.19],[84.33,31.183],[84.33,31.172],[84.322,31.159],[84.313,31.147],[84.303,31.127],[84.291,31.119],[84.261,31.107],[84.204,31.073],[84.176,31.066],[84.151,31.08],[84.127,31.071],[84.099,31.067],[84.055,31.066],[84.05,31.073],[84.045,31.078],[84.038,31.08],[84.031,31.079],[84.02,31.075],[83.978,31.065],[83.966,31.06],[83.965,31.068],[83.959,31.086],[83.931,31.126],[83.925,31.142],[83.943,31.188],[83.948,31.196],[84.013,31.208],[84.044,31.205],[84.069,31.183],[84.096,31.204],[84.129,31.21],[84.211,31.2],[84.241,31.192],[84.257,31.189],[84.296,31.192],[84.316,31.19]]]}},{"type":"Feature","properties":{"name":"","feature":"Lake","rank":9,"code":"CHN"},"geometry":{"type":"Polygon","coordinates":[[[83.642,30.936],[83.64,30.929],[83.644,30.878],[83.637,30.881],[83.621,30.875],[83.604,30.865],[83.592,30.857],[83.587,30.844],[83.578,30.807],[83.572,30.799],[83.555,30.801],[83.544,30.807],[83.536,30.817],[83.527,30.833],[83.519,30.866],[83.524,30.896],[83.538,30.922],[83.573,30.969],[83.584,30.976],[83.603,30.977],[83.616,30.968],[83.632,30.952],[83.642,30.936]]]}},{"type":"Feature","properties":{"name":"","feature":"Lake","rank":9,"code":"CHN"},"geometry":{"type":"Polygon","coordinates":[[[83.528,31.264],[83.5,31.244],[83.497,31.235],[83.499,31.226],[83.499,31.219],[83.49,31.217],[83.463,31.216],[83.452,31.217],[83.442,31.216],[83.433,31.219],[83.427,31.225],[83.422,31.243],[83.415,31.245],[83.406,31.246],[83.397,31.252],[83.398,31.256],[83.398,31.265],[83.395,31.274],[83.387,31.278],[83.376,31.276],[83.358,31.268],[83.349,31.265],[83.328,31.265],[83.325,31.272],[83.332,31.282],[83.358,31.305],[83.374,31.316],[83.449,31.348],[83.467,31.351],[83.487,31.347],[83.5,31.34],[83.518,31.327],[83.533,31.313],[83.541,31.299],[83.54,31.277],[83.528,31.264]]]}},{"type":"Feature","properties":{"name":"","feature":"Lake","rank":9,"code":"CHN"},"geometry":{"type":"Polygon","coordinates":[[[84.819,30.224],[84.856,30.201],[84.863,30.154],[84.848,30.113],[84.828,30.108],[84.801,30.122],[84.796,30.127],[84.793,30.139],[84.794,30.149],[84.796,30.159],[84.796,30.169],[84.779,30.209],[84.718,30.312],[84.705,30.348],[84.72,30.368],[84.731,30.358],[84.751,30.329],[84.761,30.319],[84.816,30.234],[84.819,30.224]]]}},{"type":"Feature","properties":{"name":"","feature":"Lake","rank":9,"code":"CHN"},"geometry":{"type":"Polygon","coordinates":[[[84.83,30.107],[84.823,30.107],[84.828,30.108],[84.83,30.107]]]}},{"type":"Feature","properties":{"name":"","feature":"Lake","rank":9,"code":"CHN"},"geometry":{"type":"Polygon","coordinates":[[[85.744,29.891],[85.754,29.875],[85.754,29.858],[85.741,29.795],[85.722,29.774],[85.696,29.759],[85.666,29.751],[85.672,29.785],[85.672,29.779],[85.688,29.85],[85.692,29.859],[85.694,29.868],[85.686,29.883],[85.682,29.893],[85.679,29.912],[85.674,29.924],[85.657,29.953],[85.658,29.963],[85.678,29.969],[85.691,29.954],[85.699,29.936],[85.7,29.929],[85.71,29.914],[85.72,29.906],[85.744,29.891]]]}},{"type":"Feature","properties":{"name":"Aksai Chin","feature":"Lake","rank":9,"code":"CHN"},"geometry":{"type":"Polygon","coordinates":[[[79.884,35.268],[79.896,35.249],[79.91,35.223],[79.905,35.192],[79.889,35.166],[79.868,35.154],[79.853,35.155],[79.832,35.158],[79.813,35.164],[79.806,35.171],[79.804,35.176],[79.801,35.181],[79.799,35.187],[79.799,35.195],[79.802,35.201],[79.811,35.209],[79.812,35.215],[79.795,35.23],[79.767,35.243],[79.749,35.259],[79.765,35.284],[79.794,35.296],[79.835,35.3],[79.876,35.296],[79.902,35.284],[79.887,35.278],[79.881,35.277],[79.884,35.268]]]}},{"type":"Feature","properties":{"name":"Ozero Maraldy","feature":"Lake","rank":9,"code":"KAZ"},"geometry":{"type":"Polygon","coordinates":[[[77.797,52.35],[77.816,52.336],[77.826,52.323],[77.823,52.286],[77.788,52.276],[77.745,52.285],[77.717,52.303],[77.723,52.303],[77.725,52.312],[77.736,52.327],[77.761,52.354],[77.777,52.358],[77.797,52.35]]]}},{"type":"Feature","properties":{"name":"Ozero Teke","feature":"Lake","rank":9,"code":"KAZ"},"geometry":{"type":"Polygon","coordinates":[[[73.06,53.837],[73.079,53.826],[73.084,53.817],[73.081,53.809],[73.063,53.783],[73.046,53.768],[73.027,53.759],[72.981,53.762],[72.949,53.773],[72.914,53.781],[72.851,53.81],[72.839,53.823],[72.826,53.843],[72.822,53.863],[72.84,53.872],[72.865,53.877],[72.884,53.89],[72.916,53.924],[72.939,53.934],[72.963,53.931],[72.985,53.919],[73.05,53.858],[73.057,53.841],[73.06,53.837]]]}},{"type":"Feature","properties":{"name":"Qyzylqaq Lake","feature":"Lake","rank":9,"code":"KAZ"},"geometry":{"type":"Polygon","coordinates":[[[73.882,53.475],[73.892,53.468],[73.902,53.454],[73.9,53.447],[73.893,53.44],[73.888,53.428],[73.89,53.421],[73.892,53.412],[73.892,53.406],[73.889,53.391],[73.886,53.385],[73.879,53.378],[73.863,53.372],[73.808,53.365],[73.763,53.37],[73.72,53.379],[73.639,53.406],[73.664,53.443],[73.674,53.448],[73.688,53.451],[73.7,53.459],[73.718,53.478],[73.747,53.494],[73.777,53.496],[73.842,53.488],[73.853,53.487],[73.868,53.482],[73.882,53.475]]]}},{"type":"Feature","properties":{"name":"Žalauly Lake","feature":"Lake","rank":9,"code":"KAZ"},"geometry":{"type":"Polygon","coordinates":[[[74.133,52.919],[74.146,52.878],[74.202,52.817],[74.18,52.809],[74.148,52.811],[74.082,52.826],[74.06,52.856],[74.058,52.896],[74.075,52.931],[74.108,52.947],[74.124,52.939],[74.133,52.919]]]}},{"type":"Feature","properties":{"name":"Shreksor Lake","feature":"Lake","rank":9,"code":"KAZ"},"geometry":{"type":"Polygon","coordinates":[[[75.853,52.31],[75.871,52.267],[75.873,52.252],[75.872,52.232],[75.866,52.221],[75.842,52.197],[75.833,52.192],[75.82,52.191],[75.806,52.193],[75.793,52.196],[75.784,52.2],[75.741,52.217],[75.724,52.23],[75.722,52.248],[75.752,52.236],[75.767,52.236],[75.777,52.248],[75.764,52.267],[75.785,52.288],[75.832,52.32],[75.826,52.345],[75.825,52.345],[75.819,52.366],[75.818,52.383],[75.819,52.389],[75.823,52.391],[75.832,52.392],[75.842,52.388],[75.845,52.382],[75.844,52.374],[75.845,52.364],[75.845,52.357],[75.842,52.351],[75.842,52.343],[75.849,52.334],[75.856,52.324],[75.856,52.317],[75.853,52.31]]]}},{"type":"Feature","properties":{"name":"Qarasor Lake","feature":"Lake","rank":9,"code":"KAZ"},"geometry":{"type":"Polygon","coordinates":[[[75.49,49.925],[75.583,49.905],[75.617,49.883],[75.599,49.842],[75.578,49.832],[75.563,49.842],[75.534,49.88],[75.514,49.894],[75.49,49.901],[75.465,49.902],[75.442,49.898],[75.408,49.882],[75.373,49.857],[75.369,49.852],[75.36,49.837],[75.353,49.829],[75.345,49.824],[75.323,49.811],[75.306,49.806],[75.29,49.797],[75.28,49.795],[75.271,49.796],[75.256,49.8],[75.23,49.804],[75.208,49.81],[75.189,49.82],[75.177,49.832],[75.188,49.841],[75.278,49.857],[75.296,49.852],[75.316,49.85],[75.338,49.864],[75.383,49.928],[75.397,49.939],[75.461,49.937],[75.472,49.934],[75.49,49.925]]]}},{"type":"Feature","properties":{"name":"Ulken Azhbolat Lake","feature":"Lake","rank":9,"code":"KAZ"},"geometry":{"type":"Polygon","coordinates":[[[77.453,53.32],[77.494,53.3],[77.513,53.254],[77.483,53.227],[77.434,53.222],[77.394,53.242],[77.401,53.248],[77.333,53.236],[77.312,53.242],[77.312,53.248],[77.327,53.255],[77.346,53.26],[77.413,53.31],[77.453,53.32]]]}},{"type":"Feature","properties":{"name":"Qiyakty Lake","feature":"Lake","rank":9,"code":"KAZ"},"geometry":{"type":"Polygon","coordinates":[[[69.29,50.047],[69.303,50.045],[69.308,50.031],[69.308,50.024],[69.306,50.016],[69.299,50.01],[69.284,50.008],[69.274,50.004],[69.263,49.986],[69.254,49.98],[69.239,49.978],[69.199,49.982],[69.185,49.986],[69.171,50.003],[69.157,50.028],[69.155,50.05],[69.178,50.055],[69.215,50.038],[69.223,50.038],[69.233,50.045],[69.241,50.046],[69.25,50.043],[69.264,50.041],[69.29,50.047]]]}},{"type":"Feature","properties":{"name":"Kere","feature":"Lake","rank":9,"code":"KAZ"},"geometry":{"type":"Polygon","coordinates":[[[68.739,50.179],[68.753,50.164],[68.759,50.142],[68.755,50.125],[68.742,50.112],[68.725,50.103],[68.699,50.097],[68.681,50.103],[68.664,50.113],[68.64,50.117],[68.63,50.125],[68.634,50.141],[68.648,50.157],[68.667,50.164],[68.716,50.177],[68.739,50.179]]]}},{"type":"Feature","properties":{"name":"Kozha-Kul' Lake","feature":"Lake","rank":9,"code":"KAZ"},"geometry":{"type":"Polygon","coordinates":[[[69.166,50.913],[69.164,50.918],[69.152,50.92],[69.135,50.908],[69.119,50.905],[69.109,50.91],[69.1,50.923],[69.099,50.937],[69.109,50.946],[69.104,50.951],[69.096,50.967],[69.103,50.97],[69.109,50.971],[69.116,50.97],[69.123,50.967],[69.138,50.964],[69.178,50.946],[69.2,50.944],[69.21,50.949],[69.218,50.956],[69.229,50.96],[69.24,50.955],[69.281,50.932],[69.282,50.919],[69.273,50.908],[69.26,50.901],[69.244,50.898],[69.218,50.912],[69.205,50.916],[69.198,50.908],[69.195,50.903],[69.189,50.897],[69.181,50.892],[69.175,50.891],[69.166,50.894],[69.165,50.903],[69.166,50.913]]]}},{"type":"Feature","properties":{"name":"Aike","feature":"Lake","rank":9,"code":"KAZ"},"geometry":{"type":"Polygon","coordinates":[[[61.541,51.0],[61.633,51.001],[61.633,50.97],[61.629,50.951],[61.614,50.942],[61.528,50.932],[61.517,50.932],[61.5,50.94],[61.498,50.948],[61.508,50.956],[61.524,50.96],[61.504,50.978],[61.498,50.987],[61.496,51.001],[61.49,51.013],[61.491,51.019],[61.5,51.021],[61.515,51.021],[61.521,51.018],[61.524,51.012],[61.541,51.0]]]}},{"type":"Feature","properties":{"name":"Saryqopa Lake","feature":"Lake","rank":9,"code":"KAZ"},"geometry":{"type":"Polygon","coordinates":[[[64.232,50.35],[64.245,50.364],[64.26,50.351],[64.255,50.34],[64.224,50.322],[64.212,50.313],[64.204,50.304],[64.176,50.26],[64.154,50.234],[64.127,50.216],[64.1,50.22],[64.11,50.231],[64.136,50.249],[64.148,50.261],[64.154,50.271],[64.169,50.315],[64.151,50.308],[64.13,50.289],[64.097,50.25],[64.085,50.241],[64.079,50.244],[64.078,50.252],[64.08,50.261],[64.087,50.27],[64.096,50.275],[64.1,50.281],[64.093,50.295],[64.099,50.299],[64.098,50.304],[64.093,50.309],[64.098,50.324],[64.084,50.338],[64.075,50.351],[64.093,50.364],[64.093,50.371],[64.074,50.37],[64.06,50.366],[64.053,50.368],[64.052,50.384],[64.053,50.39],[64.057,50.393],[64.061,50.395],[64.066,50.397],[64.066,50.4],[64.065,50.409],[64.066,50.411],[64.073,50.414],[64.078,50.414],[64.083,50.411],[64.086,50.411],[64.111,50.433],[64.126,50.441],[64.142,50.438],[64.152,50.426],[64.151,50.412],[64.135,50.384],[64.155,50.382],[64.169,50.396],[64.172,50.418],[64.162,50.438],[64.184,50.449],[64.201,50.444],[64.213,50.426],[64.217,50.401],[64.216,50.389],[64.21,50.366],[64.21,50.356],[64.205,50.343],[64.206,50.337],[64.217,50.339],[64.225,50.344],[64.232,50.35]]]}},{"type":"Feature","properties":{"name":"","feature":"Lake","rank":9,"code":"KAZ"},"geometry":{"type":"Polygon","coordinates":[[[64.183,50.212],[64.174,50.204],[64.17,50.194],[64.172,50.186],[64.183,50.179],[64.174,50.167],[64.152,50.147],[64.148,50.134],[64.142,50.125],[64.116,50.108],[64.107,50.096],[64.157,50.115],[64.175,50.117],[64.172,50.105],[64.164,50.086],[64.162,50.075],[64.158,50.043],[64.155,50.034],[64.136,50.015],[64.108,50.003],[64.089,50.005],[64.093,50.027],[64.066,50.016],[64.052,50.015],[64.038,50.021],[64.06,50.041],[64.142,50.083],[64.142,50.089],[64.118,50.085],[64.092,50.084],[64.071,50.091],[64.059,50.11],[64.053,50.121],[64.054,50.127],[64.107,50.172],[64.141,50.199],[64.161,50.209],[64.183,50.212]]]}},{"type":"Feature","properties":{"name":"Shaghalalytengiz Lake","feature":"Lake","rank":9,"code":"KAZ"},"geometry":{"type":"Polygon","coordinates":[[[70.062,54.118],[70.069,54.101],[70.071,54.086],[70.066,54.071],[70.049,54.048],[70.046,54.041],[70.04,54.037],[70.024,54.037],[70.019,54.041],[70.022,54.052],[70.028,54.064],[70.034,54.071],[69.981,54.105],[69.834,54.012],[69.768,54.009],[69.742,54.071],[69.778,54.141],[69.847,54.191],[69.918,54.194],[69.937,54.188],[69.972,54.168],[69.993,54.159],[70.034,54.147],[70.048,54.138],[70.062,54.118]]]}},{"type":"Feature","properties":{"name":"","feature":"Lake","rank":9,"code":"KAZ"},"geometry":{"type":"Polygon","coordinates":[[[64.59,54.132],[64.6,54.126],[64.6,54.112],[64.595,54.097],[64.582,54.076],[64.577,54.065],[64.569,54.055],[64.553,54.05],[64.539,54.052],[64.524,54.059],[64.508,54.068],[64.481,54.093],[64.485,54.097],[64.504,54.098],[64.522,54.102],[64.518,54.112],[64.508,54.125],[64.508,54.136],[64.517,54.163],[64.515,54.194],[64.523,54.218],[64.559,54.222],[64.576,54.216],[64.579,54.203],[64.571,54.19],[64.559,54.18],[64.565,54.169],[64.572,54.153],[64.579,54.139],[64.59,54.132]]]}},{"type":"Feature","properties":{"name":"Zharman Lake","feature":"Lake","rank":9,"code":"KAZ"},"geometry":{"type":"Polygon","coordinates":[[[64.504,51.602],[64.521,51.61],[64.545,51.611],[64.535,51.583],[64.517,51.564],[64.492,51.555],[64.463,51.556],[64.458,51.558],[64.449,51.567],[64.446,51.569],[64.436,51.568],[64.421,51.564],[64.412,51.563],[64.393,51.567],[64.386,51.576],[64.386,51.589],[64.396,51.632],[64.436,51.7],[64.454,51.722],[64.481,51.734],[64.51,51.734],[64.538,51.72],[64.541,51.67],[64.538,51.659],[64.525,51.661],[64.504,51.671],[64.485,51.678],[64.477,51.669],[64.477,51.645],[64.479,51.639],[64.484,51.635],[64.489,51.63],[64.491,51.62],[64.494,51.601],[64.504,51.602]]]}},{"type":"Feature","properties":{"name":"Iken Aqsuat Lake","feature":"Lake","rank":9,"code":"KAZ"},"geometry":{"type":"Polygon","coordinates":[[[64.528,51.411],[64.541,51.4],[64.545,51.391],[64.542,51.382],[64.524,51.351],[64.518,51.343],[64.498,51.337],[64.48,51.34],[64.464,51.35],[64.456,51.35],[64.433,51.372],[64.417,51.381],[64.405,51.384],[64.394,51.394],[64.389,51.415],[64.388,51.436],[64.392,51.446],[64.403,51.451],[64.437,51.475],[64.462,51.483],[64.471,51.489],[64.497,51.513],[64.504,51.513],[64.512,51.51],[64.522,51.508],[64.534,51.5],[64.537,51.481],[64.532,51.446],[64.53,51.438],[64.527,51.433],[64.525,51.427],[64.525,51.419],[64.528,51.411]]]}},{"type":"Feature","properties":{"name":"Kajbagar","feature":"Lake","rank":9,"code":"KAZ"},"geometry":{"type":"Polygon","coordinates":[[[65.65,52.623],[65.666,52.617],[65.67,52.614],[65.668,52.607],[65.663,52.599],[65.659,52.594],[65.656,52.589],[65.651,52.574],[65.649,52.57],[65.631,52.561],[65.615,52.56],[65.598,52.564],[65.58,52.57],[65.562,52.578],[65.543,52.596],[65.542,52.62],[65.559,52.645],[65.587,52.661],[65.597,52.671],[65.601,52.69],[65.606,52.705],[65.62,52.71],[65.652,52.707],[65.667,52.7],[65.667,52.683],[65.661,52.665],[65.655,52.652],[65.651,52.649],[65.643,52.646],[65.636,52.641],[65.635,52.632],[65.64,52.628],[65.65,52.623]]]}},{"type":"Feature","properties":{"name":"Imantau","feature":"Lake","rank":9,"code":"KAZ"},"geometry":{"type":"Polygon","coordinates":[[[68.325,52.975],[68.301,52.995],[68.302,52.994],[68.258,53.013],[68.234,53.02],[68.209,53.022],[68.199,53.028],[68.198,53.042],[68.201,53.056],[68.205,53.064],[68.22,53.07],[68.235,53.07],[68.286,53.058],[68.315,53.043],[68.34,53.025],[68.356,53.009],[68.36,52.985],[68.346,52.973],[68.325,52.975]]]}},{"type":"Feature","properties":{"name":"Qalybek Lake","feature":"Lake","rank":9,"code":"KAZ"},"geometry":{"type":"Polygon","coordinates":[[[70.7,53.954],[70.718,53.95],[70.734,53.941],[70.717,53.935],[70.704,53.936],[70.696,53.931],[70.689,53.873],[70.684,53.855],[70.675,53.841],[70.653,53.824],[70.626,53.814],[70.599,53.815],[70.576,53.833],[70.57,53.844],[70.572,53.853],[70.581,53.87],[70.585,53.883],[70.603,53.906],[70.606,53.914],[70.608,53.928],[70.61,53.934],[70.619,53.947],[70.628,53.953],[70.661,53.954],[70.7,53.954]]]}},{"type":"Feature","properties":{"name":"Kishi Qaraoy Lake","feature":"Lake","rank":9,"code":"KAZ"},"geometry":{"type":"Polygon","coordinates":[[[71.415,54.078],[71.423,54.068],[71.426,54.06],[71.422,54.047],[71.414,54.04],[71.405,54.034],[71.398,54.023],[71.419,54.023],[71.419,54.016],[71.403,54.006],[71.385,54.0],[71.365,53.997],[71.319,53.997],[71.295,54.001],[71.274,54.009],[71.261,54.023],[71.26,54.035],[71.263,54.049],[71.269,54.062],[71.275,54.071],[71.286,54.081],[71.297,54.085],[71.326,54.085],[71.333,54.082],[71.355,54.067],[71.368,54.064],[71.378,54.068],[71.386,54.087],[71.395,54.091],[71.405,54.087],[71.415,54.078]]]}},{"type":"Feature","properties":{"name":"","feature":"Lake","rank":9,"code":"KAZ"},"geometry":{"type":"Polygon","coordinates":[[[48.491,49.013],[48.483,49.006],[48.469,49.0],[48.476,48.996],[48.481,48.991],[48.49,48.979],[48.434,48.977],[48.424,48.976],[48.411,48.965],[48.398,48.961],[48.384,48.963],[48.366,48.972],[48.35,48.967],[48.322,48.964],[48.236,48.966],[48.222,48.97],[48.216,48.983],[48.212,48.999],[48.202,49.005],[48.189,49.008],[48.175,49.014],[48.164,49.025],[48.158,49.048],[48.151,49.058],[48.128,49.072],[48.118,49.081],[48.113,49.092],[48.118,49.108],[48.129,49.114],[48.161,49.116],[48.169,49.114],[48.177,49.111],[48.185,49.109],[48.219,49.123],[48.236,49.122],[48.247,49.119],[48.32,49.092],[48.332,49.082],[48.324,49.075],[48.341,49.056],[48.359,49.041],[48.346,49.034],[48.321,49.05],[48.296,49.063],[48.273,49.065],[48.256,49.047],[48.255,49.02],[48.271,49.001],[48.299,48.992],[48.332,48.993],[48.343,48.997],[48.354,49.004],[48.365,49.008],[48.377,49.003],[48.391,48.994],[48.401,48.997],[48.421,49.014],[48.434,49.02],[48.443,49.022],[48.473,49.021],[48.489,49.018],[48.491,49.013]]]}},{"type":"Feature","properties":{"name":"","feature":"Lake","rank":9,"code":"KAZ"},"geometry":{"type":"Polygon","coordinates":[[[50.264,48.774],[50.278,48.769],[50.282,48.764],[50.281,48.758],[50.278,48.746],[50.275,48.74],[50.27,48.731],[50.262,48.722],[50.254,48.719],[50.245,48.722],[50.242,48.73],[50.24,48.74],[50.234,48.75],[50.226,48.756],[50.216,48.762],[50.204,48.766],[50.108,48.771],[50.09,48.777],[50.07,48.789],[50.047,48.794],[49.974,48.796],[49.961,48.8],[49.949,48.805],[49.94,48.805],[49.895,48.801],[49.922,48.821],[49.86,48.842],[49.848,48.853],[49.864,48.856],[49.891,48.853],[49.938,48.842],[49.948,48.841],[49.963,48.842],[49.996,48.848],[50.007,48.849],[50.013,48.856],[49.994,48.87],[49.953,48.89],[49.933,48.895],[49.909,48.905],[49.888,48.918],[49.875,48.931],[49.899,48.93],[49.94,48.915],[49.963,48.911],[50.004,48.914],[50.024,48.909],[50.031,48.893],[50.042,48.878],[50.065,48.878],[50.107,48.89],[50.128,48.893],[50.148,48.89],[50.157,48.882],[50.141,48.87],[50.169,48.86],[50.232,48.858],[50.258,48.849],[50.241,48.843],[50.224,48.842],[50.21,48.838],[50.203,48.821],[50.18,48.832],[50.157,48.839],[50.132,48.84],[50.107,48.828],[50.093,48.811],[50.105,48.8],[50.154,48.788],[50.238,48.78],[50.264,48.774]]]}},{"type":"Feature","properties":{"name":"","feature":"Lake","rank":9,"code":"KAZ"},"geometry":{"type":"Polygon","coordinates":[[[51.757,50.61],[51.78,50.575],[51.786,50.562],[51.785,50.544],[51.778,50.528],[51.758,50.501],[51.755,50.493],[51.753,50.486],[51.751,50.479],[51.744,50.474],[51.735,50.472],[51.66,50.474],[51.637,50.478],[51.621,50.487],[51.599,50.511],[51.583,50.535],[51.582,50.561],[51.604,50.593],[51.666,50.624],[51.675,50.626],[51.686,50.63],[51.697,50.632],[51.714,50.624],[51.748,50.617],[51.757,50.61]]]}},{"type":"Feature","properties":{"name":"","feature":"Lake","rank":9,"code":"KAZ"},"geometry":{"type":"Polygon","coordinates":[[[52.495,49.459],[52.508,49.444],[52.513,49.428],[52.509,49.418],[52.5,49.419],[52.49,49.424],[52.485,49.425],[52.482,49.415],[52.489,49.404],[52.485,49.397],[52.466,49.391],[52.448,49.396],[52.433,49.408],[52.42,49.421],[52.406,49.43],[52.347,49.445],[52.343,49.449],[52.343,49.453],[52.343,49.455],[52.334,49.452],[52.331,49.447],[52.333,49.439],[52.332,49.433],[52.321,49.431],[52.289,49.461],[52.281,49.476],[52.3,49.486],[52.291,49.498],[52.293,49.511],[52.303,49.522],[52.317,49.527],[52.325,49.525],[52.333,49.512],[52.341,49.507],[52.353,49.504],[52.389,49.5],[52.441,49.476],[52.461,49.472],[52.479,49.469],[52.495,49.459]]]}},{"type":"Feature","properties":{"name":"Songhua","feature":"Lake","rank":9,"code":"CHN"},"geometry":{"type":"Polygon","coordinates":[[[126.939,43.617],[126.969,43.626],[126.987,43.628],[126.953,43.598],[126.933,43.587],[126.911,43.587],[126.921,43.568],[126.925,43.545],[126.921,43.524],[126.905,43.511],[126.9,43.541],[126.898,43.573],[126.893,43.565],[126.889,43.562],[126.877,43.559],[126.894,43.603],[126.898,43.606],[126.893,43.618],[126.884,43.621],[126.857,43.614],[126.859,43.634],[126.841,43.641],[126.821,43.633],[126.816,43.606],[126.8,43.61],[126.783,43.61],[126.77,43.615],[126.768,43.634],[126.736,43.61],[126.718,43.6],[126.707,43.606],[126.711,43.619],[126.744,43.643],[126.755,43.655],[126.742,43.661],[126.746,43.668],[126.755,43.676],[126.755,43.689],[126.749,43.697],[126.738,43.704],[126.726,43.707],[126.713,43.703],[126.708,43.695],[126.715,43.674],[126.713,43.661],[126.702,43.645],[126.695,43.653],[126.689,43.678],[126.682,43.684],[126.679,43.686],[126.678,43.688],[126.679,43.696],[126.679,43.708],[126.679,43.714],[126.682,43.716],[126.727,43.723],[126.737,43.72],[126.757,43.718],[126.802,43.752],[126.823,43.751],[126.828,43.758],[126.834,43.761],[126.851,43.765],[126.848,43.756],[126.844,43.748],[126.839,43.743],[126.842,43.745],[126.799,43.713],[126.784,43.694],[126.785,43.678],[126.796,43.67],[126.808,43.666],[126.843,43.66],[126.863,43.661],[126.87,43.659],[126.884,43.651],[126.891,43.648],[126.89,43.665],[126.896,43.673],[126.909,43.676],[126.926,43.675],[126.922,43.66],[126.93,43.651],[126.943,43.647],[126.96,43.648],[126.96,43.641],[126.949,43.639],[126.941,43.634],[126.926,43.621],[126.939,43.617]]]}},{"type":"Feature","properties":{"name":"Yueliang Lake","feature":"Lake","rank":9,"code":"CHN"},"geometry":{"type":"Polygon","coordinates":[[[123.942,45.745],[124.005,45.733],[124.041,45.71],[124.031,45.706],[124.01,45.705],[124.0,45.704],[123.99,45.7],[123.965,45.683],[123.963,45.694],[123.959,45.703],[123.953,45.711],[123.945,45.717],[123.931,45.709],[123.907,45.69],[123.89,45.683],[123.869,45.683],[123.85,45.688],[123.815,45.704],[123.831,45.721],[123.841,45.724],[123.856,45.717],[123.882,45.741],[123.942,45.745]]]}},{"type":"Feature","properties":{"name":"Puma Yumco","feature":"Lake","rank":5,"code":"CHN"},"geometry":{"type":"Polygon","coordinates":[[[90.266,28.625],[90.33,28.621],[90.348,28.625],[90.358,28.626],[90.366,28.623],[90.373,28.619],[90.38,28.616],[90.386,28.616],[90.397,28.626],[90.405,28.628],[90.437,28.626],[90.458,28.62],[90.5,28.593],[90.514,28.578],[90.519,28.576],[90.523,28.575],[90.527,28.572],[90.531,28.568],[90.532,28.564],[90.534,28.531],[90.532,28.527],[90.529,28.524],[90.524,28.522],[90.51,28.524],[90.472,28.519],[90.465,28.52],[90.46,28.523],[90.451,28.532],[90.446,28.532],[90.441,28.53],[90.427,28.518],[90.421,28.515],[90.415,28.513],[90.406,28.515],[90.397,28.517],[90.39,28.521],[90.389,28.524],[90.393,28.528],[90.396,28.532],[90.396,28.535],[90.392,28.536],[90.386,28.535],[90.382,28.535],[90.378,28.538],[90.373,28.545],[90.37,28.546],[90.366,28.546],[90.355,28.537],[90.352,28.538],[90.351,28.544],[90.347,28.551],[90.342,28.553],[90.335,28.551],[90.323,28.538],[90.317,28.534],[90.312,28.533],[90.302,28.538],[90.287,28.542],[90.283,28.543],[90.276,28.549],[90.274,28.552],[90.273,28.555],[90.273,28.557],[90.272,28.559],[90.259,28.568],[90.254,28.573],[90.244,28.589],[90.241,28.591],[90.237,28.592],[90.233,28.594],[90.233,28.597],[90.241,28.621],[90.249,28.625],[90.266,28.625]]]}},{"type":"Feature","properties":{"name":"Khashm el-Girba Dam","feature":"Reservoir","rank":8,"code":"SDN"},"geometry":{"type":"Polygon","coordinates":[[[35.947,14.772],[35.939,14.763],[35.936,14.757],[35.936,14.751],[35.939,14.745],[35.942,14.74],[35.943,14.736],[35.94,14.727],[35.928,14.704],[35.901,14.662],[35.896,14.645],[35.895,14.62],[35.891,14.628],[35.888,14.645],[35.88,14.668],[35.884,14.677],[35.891,14.685],[35.898,14.696],[35.926,14.777],[35.923,14.797],[35.886,14.834],[35.873,14.852],[35.875,14.875],[35.898,14.915],[35.902,14.936],[35.908,14.874],[35.915,14.852],[35.929,14.831],[35.942,14.816],[35.95,14.801],[35.949,14.777],[35.947,14.772]]]}},{"type":"Feature","properties":{"name":"Mingachevir","feature":"Reservoir","rank":7,"code":"AZE"},"geometry":{"type":"Polygon","coordinates":[[[46.941,40.831],[46.897,40.849],[46.617,40.907],[46.455,40.897],[46.411,40.887],[46.385,40.886],[46.338,40.9],[46.37,40.925],[46.486,40.94],[46.524,40.975],[46.501,40.991],[46.466,41.029],[46.441,41.043],[46.441,41.05],[46.469,41.05],[46.522,41.041],[46.551,41.043],[46.598,41.061],[46.623,41.065],[46.646,41.057],[46.658,41.018],[46.685,40.987],[46.722,40.964],[46.899,40.904],[46.941,40.88],[46.947,40.875],[46.952,40.869],[46.958,40.864],[46.968,40.858],[47.005,40.852],[47.029,40.841],[47.126,40.818],[47.143,40.81],[47.155,40.797],[47.16,40.773],[47.15,40.775],[47.085,40.798],[47.058,40.797],[47.022,40.78],[46.999,40.776],[46.992,40.78],[46.985,40.789],[46.979,40.8],[46.976,40.808],[46.972,40.813],[46.962,40.82],[46.941,40.831]]]}},{"type":"Feature","properties":{"name":"Ubol Ratana","feature":"Reservoir","rank":9,"code":"THA"},"geometry":{"type":"Polygon","coordinates":[[[102.603,16.855],[102.605,16.849],[102.612,16.741],[102.606,16.693],[102.603,16.681],[102.589,16.663],[102.586,16.651],[102.584,16.648],[102.575,16.644],[102.572,16.642],[102.57,16.636],[102.572,16.621],[102.572,16.614],[102.555,16.578],[102.55,16.573],[102.539,16.588],[102.537,16.675],[102.554,16.677],[102.572,16.696],[102.583,16.72],[102.578,16.737],[102.568,16.737],[102.555,16.732],[102.542,16.731],[102.537,16.741],[102.534,16.754],[102.527,16.766],[102.517,16.775],[102.506,16.778],[102.497,16.779],[102.476,16.784],[102.468,16.785],[102.432,16.779],[102.417,16.778],[102.41,16.782],[102.385,16.799],[102.379,16.806],[102.384,16.817],[102.394,16.825],[102.4,16.834],[102.394,16.847],[102.409,16.84],[102.421,16.808],[102.434,16.799],[102.446,16.804],[102.453,16.817],[102.463,16.829],[102.482,16.832],[102.477,16.822],[102.482,16.816],[102.495,16.814],[102.51,16.813],[102.518,16.814],[102.532,16.818],[102.54,16.819],[102.545,16.816],[102.552,16.802],[102.557,16.799],[102.574,16.801],[102.582,16.81],[102.592,16.84],[102.587,16.851],[102.585,16.857],[102.589,16.86],[102.598,16.859],[102.603,16.855]]]}},{"type":"Feature","properties":{"name":"Xinfengjiang","feature":"Reservoir","rank":7,"code":"CHN"},"geometry":{"type":"Polygon","coordinates":[[[114.663,23.903],[114.711,23.902],[114.728,23.898],[114.705,23.89],[114.683,23.885],[114.668,23.874],[114.666,23.851],[114.659,23.851],[114.658,23.859],[114.656,23.863],[114.652,23.865],[114.645,23.871],[114.638,23.857],[114.63,23.829],[114.625,23.816],[114.626,23.81],[114.628,23.803],[114.627,23.798],[114.608,23.794],[114.584,23.782],[114.594,23.775],[114.616,23.758],[114.621,23.754],[114.636,23.749],[114.637,23.738],[114.628,23.732],[114.615,23.737],[114.595,23.748],[114.566,23.754],[114.538,23.752],[114.522,23.734],[114.515,23.734],[114.499,23.746],[114.476,23.739],[114.452,23.727],[114.434,23.728],[114.435,23.736],[114.442,23.749],[114.444,23.76],[114.434,23.761],[114.423,23.754],[114.415,23.736],[114.406,23.728],[114.39,23.745],[114.386,23.754],[114.388,23.761],[114.396,23.764],[114.4,23.767],[114.392,23.775],[114.392,23.782],[114.42,23.788],[114.427,23.788],[114.431,23.787],[114.434,23.784],[114.44,23.782],[114.505,23.782],[114.518,23.786],[114.528,23.794],[114.534,23.806],[114.536,23.819],[114.532,23.828],[114.51,23.847],[114.502,23.857],[114.507,23.864],[114.502,23.873],[114.492,23.88],[114.482,23.885],[114.48,23.865],[114.472,23.845],[114.46,23.829],[114.444,23.823],[114.422,23.823],[114.412,23.826],[114.403,23.833],[114.369,23.833],[114.358,23.836],[114.384,23.849],[114.442,23.854],[114.46,23.871],[114.44,23.872],[114.434,23.871],[114.447,23.905],[114.455,23.918],[114.46,23.905],[114.477,23.913],[114.491,23.915],[114.504,23.916],[114.515,23.919],[114.527,23.93],[114.535,23.944],[114.541,23.959],[114.543,23.974],[114.543,23.992],[114.54,24.005],[114.535,24.018],[114.53,24.036],[114.531,24.051],[114.535,24.065],[114.534,24.077],[114.522,24.083],[114.522,24.089],[114.53,24.09],[114.536,24.089],[114.543,24.083],[114.55,24.072],[114.552,24.038],[114.556,24.022],[114.567,24.011],[114.58,24.009],[114.591,24.017],[114.598,24.036],[114.609,24.013],[114.593,23.995],[114.569,23.977],[114.556,23.957],[114.555,23.943],[114.553,23.928],[114.548,23.916],[114.543,23.905],[114.542,23.897],[114.543,23.89],[114.542,23.886],[114.533,23.885],[114.526,23.886],[114.502,23.898],[114.508,23.886],[114.518,23.88],[114.528,23.877],[114.536,23.871],[114.539,23.864],[114.545,23.844],[114.55,23.836],[114.567,23.833],[114.585,23.842],[114.599,23.855],[114.612,23.888],[114.628,23.908],[114.645,23.918],[114.653,23.908],[114.663,23.903]]]}},{"type":"Feature","properties":{"name":"Krishna Raja Sagara","feature":"Reservoir","rank":8,"code":"IND"},"geometry":{"type":"Polygon","coordinates":[[[76.555,12.447],[76.565,12.444],[76.57,12.436],[76.57,12.427],[76.565,12.42],[76.558,12.421],[76.511,12.441],[76.49,12.446],[76.471,12.444],[76.456,12.433],[76.454,12.448],[76.461,12.464],[76.463,12.477],[76.446,12.482],[76.432,12.492],[76.429,12.511],[76.435,12.522],[76.449,12.509],[76.454,12.498],[76.484,12.467],[76.494,12.461],[76.513,12.466],[76.521,12.465],[76.525,12.458],[76.53,12.457],[76.552,12.449],[76.555,12.447]]]}},{"type":"Feature","properties":{"name":"","feature":"Reservoir","rank":9,"code":"LKA"},"geometry":{"type":"Polygon","coordinates":[[[80.81,7.278],[80.814,7.28],[80.812,7.272],[80.812,7.266],[80.814,7.261],[80.809,7.249],[80.807,7.233],[80.796,7.237],[80.787,7.242],[80.773,7.253],[80.78,7.243],[80.793,7.212],[80.783,7.191],[80.776,7.183],[80.765,7.178],[80.778,7.203],[80.771,7.224],[80.757,7.229],[80.745,7.212],[80.736,7.214],[80.727,7.21],[80.718,7.212],[80.715,7.215],[80.713,7.221],[80.709,7.226],[80.697,7.226],[80.705,7.232],[80.712,7.236],[80.719,7.236],[80.725,7.233],[80.738,7.246],[80.747,7.241],[80.751,7.244],[80.751,7.25],[80.749,7.253],[80.738,7.254],[80.731,7.256],[80.725,7.259],[80.697,7.266],[80.678,7.274],[80.664,7.287],[80.656,7.308],[80.663,7.301],[80.675,7.292],[80.692,7.284],[80.743,7.266],[80.75,7.267],[80.752,7.277],[80.757,7.281],[80.768,7.276],[80.78,7.267],[80.787,7.261],[80.785,7.274],[80.78,7.281],[80.765,7.294],[80.76,7.303],[80.745,7.335],[80.752,7.334],[80.758,7.33],[80.763,7.325],[80.765,7.318],[80.767,7.31],[80.77,7.309],[80.774,7.31],[80.779,7.308],[80.789,7.301],[80.798,7.296],[80.802,7.289],[80.8,7.274],[80.81,7.278]]]}},{"type":"Feature","properties":{"name":"Bhadra Reservoir","feature":"Reservoir","rank":8,"code":"IND"},"geometry":{"type":"Polygon","coordinates":[[[75.627,13.716],[75.634,13.708],[75.647,13.667],[75.645,13.647],[75.616,13.677],[75.606,13.667],[75.596,13.672],[75.585,13.671],[75.573,13.668],[75.557,13.667],[75.557,13.66],[75.573,13.65],[75.577,13.632],[75.578,13.592],[75.584,13.566],[75.579,13.553],[75.557,13.545],[75.557,13.537],[75.572,13.53],[75.557,13.524],[75.546,13.516],[75.538,13.506],[75.531,13.496],[75.533,13.518],[75.542,13.539],[75.555,13.558],[75.572,13.571],[75.565,13.581],[75.562,13.588],[75.559,13.596],[75.557,13.606],[75.552,13.606],[75.545,13.596],[75.535,13.588],[75.51,13.571],[75.529,13.609],[75.525,13.619],[75.496,13.619],[75.496,13.627],[75.511,13.631],[75.527,13.642],[75.539,13.654],[75.544,13.664],[75.549,13.7],[75.555,13.716],[75.564,13.715],[75.571,13.724],[75.577,13.727],[75.583,13.726],[75.591,13.722],[75.607,13.723],[75.618,13.721],[75.627,13.716]]]}},{"type":"Feature","properties":{"name":"Tungabhadra Reservoir","feature":"Reservoir","rank":8,"code":"IND"},"geometry":{"type":"Polygon","coordinates":[[[76.313,15.281],[76.333,15.256],[76.335,15.236],[76.322,15.226],[76.303,15.218],[76.284,15.209],[76.3,15.194],[76.291,15.19],[76.26,15.195],[76.248,15.19],[76.229,15.169],[76.215,15.161],[76.205,15.168],[76.2,15.178],[76.196,15.188],[76.188,15.195],[76.176,15.2],[76.171,15.198],[76.167,15.194],[76.161,15.189],[76.119,15.175],[76.115,15.166],[76.109,15.145],[76.103,15.14],[76.07,15.14],[76.065,15.137],[76.063,15.13],[76.059,15.122],[76.053,15.116],[76.048,15.113],[76.04,15.115],[76.026,15.125],[76.021,15.127],[76.01,15.126],[75.995,15.122],[75.983,15.12],[75.923,15.122],[75.914,15.12],[75.907,15.113],[75.898,15.096],[75.894,15.093],[75.884,15.097],[75.88,15.106],[75.88,15.13],[75.885,15.143],[75.894,15.145],[75.903,15.144],[75.908,15.15],[75.91,15.157],[75.918,15.16],[75.938,15.161],[75.941,15.163],[75.943,15.168],[75.946,15.172],[75.952,15.175],[75.955,15.173],[75.957,15.171],[75.96,15.169],[75.966,15.168],[75.974,15.172],[75.977,15.18],[75.977,15.191],[75.976,15.202],[75.983,15.202],[75.986,15.186],[75.992,15.172],[76.001,15.163],[76.017,15.161],[76.028,15.166],[76.059,15.184],[76.065,15.185],[76.069,15.195],[76.089,15.213],[76.093,15.226],[76.09,15.275],[76.093,15.284],[76.113,15.267],[76.119,15.264],[76.127,15.263],[76.174,15.264],[76.182,15.262],[76.187,15.258],[76.193,15.257],[76.202,15.264],[76.21,15.256],[76.219,15.256],[76.226,15.262],[76.229,15.274],[76.225,15.302],[76.228,15.311],[76.243,15.305],[76.264,15.29],[76.289,15.287],[76.313,15.281]]]}},{"type":"Feature","properties":{"name":"Zaysan","feature":"Reservoir","rank":3,"code":"KAZ"},"geometry":{"type":"Polygon","coordinates":[[[84.481,47.957],[84.544,47.946],[84.562,47.931],[84.506,47.913],[84.476,47.91],[84.465,47.907],[84.456,47.901],[84.453,47.893],[84.452,47.884],[84.447,47.874],[84.446,47.866],[84.438,47.853],[84.419,47.846],[84.398,47.841],[84.384,47.835],[84.374,47.819],[84.375,47.805],[84.391,47.773],[84.38,47.773],[84.372,47.768],[84.365,47.763],[84.357,47.76],[84.345,47.759],[84.294,47.768],[84.285,47.771],[84.278,47.777],[84.27,47.779],[84.245,47.774],[84.234,47.773],[84.238,47.764],[84.244,47.762],[84.252,47.763],[84.261,47.76],[84.264,47.754],[84.267,47.745],[84.272,47.736],[84.278,47.732],[84.346,47.738],[84.364,47.732],[84.328,47.72],[84.292,47.715],[84.257,47.718],[84.221,47.729],[84.206,47.747],[84.199,47.752],[84.191,47.756],[84.173,47.762],[84.164,47.766],[84.146,47.779],[84.113,47.809],[84.096,47.821],[84.076,47.828],[84.007,47.842],[83.925,47.869],[83.856,47.875],[83.836,47.883],[83.818,47.9],[83.8,47.935],[83.788,47.951],[83.768,47.963],[83.721,47.971],[83.699,47.979],[83.666,48.01],[83.65,48.019],[83.63,48.013],[83.61,48.022],[83.583,48.026],[83.531,48.026],[83.522,48.029],[83.508,48.038],[83.496,48.041],[83.47,48.042],[83.445,48.047],[83.418,48.059],[83.411,48.061],[83.395,48.059],[83.368,48.049],[83.353,48.047],[83.326,48.049],[83.307,48.054],[83.212,48.1],[83.196,48.112],[83.168,48.14],[83.157,48.148],[83.148,48.148],[83.138,48.145],[83.124,48.144],[83.085,48.155],[83.044,48.18],[83.012,48.21],[83.0,48.24],[83.008,48.259],[83.023,48.267],[83.042,48.265],[83.058,48.256],[83.087,48.235],[83.093,48.232],[83.098,48.23],[83.103,48.227],[83.107,48.225],[83.117,48.232],[83.129,48.238],[83.142,48.243],[83.156,48.256],[83.161,48.259],[83.209,48.259],[83.221,48.261],[83.245,48.271],[83.257,48.273],[83.299,48.273],[83.319,48.271],[83.36,48.261],[83.436,48.258],[83.46,48.263],[83.479,48.273],[83.482,48.279],[83.493,48.308],[83.507,48.335],[83.525,48.348],[83.547,48.356],[83.596,48.369],[83.566,48.387],[83.548,48.394],[83.511,48.399],[83.476,48.408],[83.462,48.41],[83.431,48.427],[83.402,48.466],[83.384,48.506],[83.391,48.527],[83.369,48.561],[83.398,48.569],[83.425,48.589],[83.442,48.614],[83.438,48.636],[83.449,48.651],[83.446,48.674],[83.434,48.698],[83.421,48.716],[83.415,48.733],[83.416,48.757],[83.434,48.835],[83.449,48.865],[83.472,48.892],[83.572,48.969],[83.584,48.973],[83.615,48.971],[83.627,48.976],[83.638,48.984],[83.706,49.021],[83.735,49.031],[83.744,49.037],[83.765,49.046],[83.968,49.074],[84.157,49.135],[84.182,49.162],[84.172,49.206],[84.157,49.232],[84.151,49.239],[84.116,49.258],[84.11,49.257],[84.102,49.271],[84.02,49.343],[83.987,49.358],[83.968,49.373],[83.958,49.376],[83.935,49.376],[83.922,49.38],[83.912,49.389],[83.897,49.411],[83.87,49.427],[83.836,49.437],[83.702,49.452],[83.683,49.449],[83.675,49.442],[83.669,49.431],[83.658,49.417],[83.645,49.43],[83.637,49.443],[83.632,49.457],[83.63,49.476],[83.624,49.485],[83.582,49.521],[83.567,49.526],[83.551,49.529],[83.539,49.535],[83.535,49.552],[83.526,49.558],[83.508,49.549],[83.479,49.527],[83.47,49.54],[83.458,49.539],[83.444,49.536],[83.431,49.541],[83.431,49.546],[83.433,49.571],[83.431,49.582],[83.417,49.598],[83.377,49.623],[83.364,49.644],[83.382,49.642],[83.429,49.63],[83.445,49.623],[83.451,49.616],[83.453,49.607],[83.457,49.599],[83.469,49.596],[83.495,49.597],[83.507,49.6],[83.517,49.607],[83.535,49.613],[83.613,49.617],[83.622,49.615],[83.651,49.603],[83.671,49.599],[83.737,49.596],[83.744,49.6],[83.747,49.61],[83.749,49.622],[83.754,49.631],[83.775,49.641],[83.805,49.649],[83.832,49.661],[83.852,49.701],[83.872,49.715],[83.897,49.724],[83.965,49.731],[83.985,49.737],[84.007,49.747],[84.014,49.733],[83.985,49.708],[83.968,49.696],[83.948,49.692],[83.904,49.687],[83.882,49.681],[83.864,49.672],[83.801,49.627],[83.799,49.623],[83.795,49.617],[83.79,49.609],[83.788,49.6],[83.791,49.589],[83.809,49.562],[83.786,49.557],[83.732,49.567],[83.706,49.568],[83.724,49.545],[83.727,49.538],[83.723,49.528],[83.715,49.527],[83.703,49.529],[83.691,49.527],[83.675,49.517],[83.672,49.51],[83.682,49.505],[83.699,49.5],[83.732,49.494],[83.798,49.49],[83.829,49.48],[83.825,49.477],[83.816,49.466],[83.861,49.469],[83.885,49.467],[83.905,49.459],[83.916,49.443],[83.92,49.425],[83.928,49.41],[83.987,49.394],[83.993,49.393],[83.998,49.386],[84.018,49.367],[84.024,49.363],[84.027,49.36],[84.058,49.346],[84.089,49.315],[84.214,49.251],[84.234,49.229],[84.244,49.222],[84.29,49.202],[84.329,49.192],[84.342,49.19],[84.353,49.195],[84.365,49.201],[84.379,49.205],[84.393,49.204],[84.405,49.198],[84.423,49.205],[84.444,49.203],[84.465,49.196],[84.48,49.185],[84.434,49.174],[84.388,49.171],[84.334,49.133],[84.316,49.123],[84.11,49.075],[84.055,49.069],[84.01,49.057],[83.997,49.055],[83.985,49.047],[83.951,49.011],[83.932,49.0],[83.819,48.993],[83.796,48.988],[83.727,48.959],[83.628,48.939],[83.582,48.924],[83.547,48.897],[83.546,48.892],[83.548,48.881],[83.547,48.877],[83.543,48.872],[83.533,48.867],[83.515,48.852],[83.509,48.846],[83.507,48.839],[83.503,48.83],[83.476,48.805],[83.469,48.794],[83.452,48.734],[83.453,48.718],[83.461,48.704],[83.476,48.688],[83.513,48.657],[83.528,48.639],[83.535,48.616],[83.532,48.606],[83.523,48.586],[83.521,48.575],[83.531,48.559],[83.535,48.548],[83.531,48.537],[83.528,48.52],[83.538,48.498],[83.562,48.465],[83.601,48.43],[83.655,48.403],[83.713,48.39],[83.767,48.397],[83.782,48.405],[83.791,48.414],[83.8,48.421],[83.816,48.424],[83.832,48.423],[83.871,48.41],[83.923,48.411],[83.95,48.409],[83.966,48.397],[83.949,48.38],[83.931,48.371],[83.885,48.363],[83.817,48.362],[83.801,48.355],[83.776,48.368],[83.717,48.367],[83.691,48.377],[83.543,48.306],[83.504,48.276],[83.511,48.265],[83.53,48.253],[83.554,48.244],[83.572,48.24],[83.596,48.238],[83.717,48.214],[83.882,48.151],[83.969,48.13],[84.052,48.096],[84.073,48.082],[84.083,48.064],[84.09,48.04],[84.106,48.042],[84.144,48.067],[84.157,48.069],[84.172,48.068],[84.186,48.064],[84.196,48.058],[84.207,48.047],[84.218,48.043],[84.349,48.033],[84.374,48.023],[84.436,47.985],[84.456,47.968],[84.481,47.957]]]}},{"type":"Feature","properties":{"name":"Habbaniyah","feature":"Reservoir","rank":6,"code":"IRQ"},"geometry":{"type":"Polygon","coordinates":[[[43.447,33.252],[43.416,33.252],[43.394,33.259],[43.351,33.287],[43.304,33.305],[43.287,33.322],[43.295,33.349],[43.306,33.356],[43.322,33.357],[43.339,33.36],[43.357,33.376],[43.362,33.39],[43.371,33.445],[43.417,33.425],[43.426,33.417],[43.429,33.399],[43.429,33.381],[43.434,33.367],[43.45,33.362],[43.482,33.329],[43.487,33.331],[43.49,33.335],[43.497,33.333],[43.511,33.327],[43.517,33.331],[43.522,33.34],[43.529,33.356],[43.57,33.337],[43.576,33.331],[43.58,33.323],[43.594,33.301],[43.597,33.293],[43.592,33.272],[43.58,33.247],[43.565,33.226],[43.549,33.211],[43.539,33.209],[43.525,33.209],[43.513,33.207],[43.501,33.195],[43.487,33.189],[43.467,33.184],[43.457,33.186],[43.447,33.19],[43.437,33.195],[43.429,33.201],[43.427,33.21],[43.433,33.216],[43.438,33.222],[43.432,33.231],[43.437,33.237],[43.439,33.24],[43.442,33.243],[43.447,33.246],[43.447,33.252]]]}},{"type":"Feature","properties":{"name":"Tharthar","feature":"Reservoir","rank":3,"code":"IRQ"},"geometry":{"type":"Polygon","coordinates":[[[43.3,33.723],[43.291,33.72],[43.285,33.723],[43.281,33.732],[43.275,33.732],[43.271,33.728],[43.265,33.722],[43.261,33.718],[43.249,33.727],[43.235,33.748],[43.223,33.752],[43.223,33.755],[43.21,33.771],[43.207,33.773],[43.203,33.779],[43.201,33.782],[43.203,33.784],[43.213,33.786],[43.208,33.795],[43.172,33.82],[43.137,33.861],[43.125,33.887],[43.096,33.915],[43.09,33.927],[43.088,33.936],[43.078,33.947],[43.076,33.954],[43.08,33.963],[43.087,33.968],[43.089,33.973],[43.076,33.979],[43.083,33.993],[43.072,33.993],[43.069,33.993],[43.069,33.999],[43.083,34.012],[43.079,34.055],[43.09,34.067],[43.09,34.075],[43.068,34.085],[43.064,34.105],[43.076,34.15],[43.075,34.177],[43.059,34.218],[43.051,34.254],[43.051,34.264],[43.059,34.277],[43.074,34.289],[43.08,34.295],[43.083,34.304],[43.076,34.329],[43.077,34.343],[43.087,34.349],[43.096,34.344],[43.103,34.334],[43.11,34.308],[43.118,34.308],[43.113,34.321],[43.111,34.337],[43.115,34.346],[43.124,34.341],[43.129,34.333],[43.134,34.324],[43.141,34.316],[43.152,34.314],[43.15,34.31],[43.15,34.309],[43.145,34.308],[43.156,34.297],[43.157,34.283],[43.145,34.253],[43.161,34.248],[43.169,34.239],[43.191,34.183],[43.193,34.181],[43.196,34.18],[43.217,34.16],[43.218,34.156],[43.218,34.147],[43.22,34.143],[43.223,34.142],[43.235,34.14],[43.24,34.137],[43.258,34.112],[43.266,34.108],[43.286,34.107],[43.295,34.102],[43.297,34.094],[43.293,34.087],[43.291,34.079],[43.295,34.067],[43.303,34.075],[43.315,34.088],[43.323,34.095],[43.326,34.08],[43.331,34.069],[43.333,34.058],[43.329,34.047],[43.346,34.048],[43.357,34.042],[43.363,34.029],[43.364,34.012],[43.371,34.012],[43.376,34.019],[43.384,34.029],[43.395,34.037],[43.405,34.04],[43.412,34.036],[43.434,34.019],[43.439,34.012],[43.441,34.004],[43.443,33.977],[43.447,33.965],[43.456,33.957],[43.468,33.956],[43.477,33.952],[43.481,33.938],[43.495,33.939],[43.503,33.924],[43.507,33.906],[43.508,33.879],[43.507,33.876],[43.502,33.875],[43.495,33.875],[43.49,33.877],[43.487,33.88],[43.482,33.883],[43.472,33.882],[43.453,33.876],[43.468,33.874],[43.488,33.867],[43.506,33.858],[43.515,33.848],[43.505,33.851],[43.5,33.852],[43.495,33.856],[43.489,33.85],[43.485,33.849],[43.479,33.849],[43.473,33.848],[43.479,33.843],[43.479,33.837],[43.475,33.829],[43.472,33.81],[43.47,33.806],[43.469,33.802],[43.473,33.793],[43.477,33.791],[43.485,33.788],[43.491,33.784],[43.495,33.777],[43.493,33.763],[43.489,33.742],[43.48,33.721],[43.467,33.705],[43.442,33.693],[43.424,33.697],[43.408,33.706],[43.387,33.711],[43.345,33.714],[43.323,33.72],[43.309,33.732],[43.3,33.723]]]}},{"type":"Feature","properties":{"name":"Karakaya Dam Lake","feature":"Reservoir","rank":7,"code":"TUR"},"geometry":{"type":"Polygon","coordinates":[[[38.381,38.51],[38.355,38.542],[38.345,38.562],[38.336,38.598],[38.359,38.638],[38.378,38.668],[38.398,38.689],[38.447,38.707],[38.468,38.728],[38.471,38.741],[38.488,38.714],[38.479,38.695],[38.432,38.674],[38.4,38.653],[38.387,38.628],[38.369,38.602],[38.369,38.582],[38.377,38.554],[38.402,38.539],[38.429,38.537],[38.446,38.526],[38.472,38.509],[38.536,38.487],[38.58,38.471],[38.622,38.461],[38.67,38.447],[38.698,38.442],[38.724,38.441],[38.761,38.441],[38.801,38.452],[38.841,38.466],[38.848,38.438],[38.865,38.424],[38.88,38.388],[38.903,38.382],[38.94,38.363],[38.965,38.344],[38.997,38.337],[39.014,38.342],[39.051,38.349],[39.073,38.348],[39.026,38.32],[38.94,38.311],[38.917,38.294],[38.901,38.289],[38.922,38.32],[38.924,38.343],[38.911,38.35],[38.889,38.354],[38.87,38.368],[38.851,38.389],[38.832,38.401],[38.822,38.41],[38.806,38.425],[38.782,38.419],[38.755,38.409],[38.731,38.404],[38.701,38.402],[38.681,38.413],[38.635,38.431],[38.575,38.447],[38.535,38.453],[38.505,38.458],[38.479,38.467],[38.445,38.476],[38.419,38.493],[38.399,38.498],[38.381,38.51]]]}},{"type":"Feature","properties":{"name":"Mbakaou","feature":"Reservoir","rank":8,"code":"CMR"},"geometry":{"type":"Polygon","coordinates":[[[12.722,6.522],[12.744,6.506],[12.761,6.486],[12.784,6.472],[12.806,6.5],[12.808,6.486],[12.811,6.472],[12.843,6.477],[12.872,6.483],[12.862,6.467],[12.828,6.461],[12.796,6.451],[12.778,6.428],[12.802,6.408],[12.833,6.428],[12.834,6.418],[12.833,6.405],[12.844,6.413],[12.855,6.422],[12.858,6.419],[12.861,6.417],[12.854,6.388],[12.878,6.383],[12.885,6.365],[12.9,6.361],[12.914,6.343],[12.928,6.322],[12.932,6.337],[12.929,6.354],[12.932,6.366],[12.939,6.372],[12.94,6.402],[12.945,6.428],[12.947,6.425],[12.95,6.422],[12.952,6.431],[12.956,6.439],[12.987,6.432],[13.017,6.439],[12.997,6.408],[12.972,6.372],[12.983,6.36],[12.967,6.355],[12.99,6.334],[13.001,6.318],[12.963,6.317],[12.939,6.283],[12.921,6.288],[12.911,6.311],[12.9,6.3],[12.889,6.289],[12.872,6.321],[12.833,6.295],[12.802,6.323],[12.772,6.345],[12.751,6.379],[12.756,6.4],[12.69,6.443],[12.622,6.456],[12.628,6.456],[12.633,6.456],[12.624,6.478],[12.611,6.5],[12.629,6.488],[12.65,6.483],[12.65,6.489],[12.65,6.494],[12.67,6.494],[12.689,6.5],[12.687,6.529],[12.722,6.533],[12.722,6.528],[12.722,6.522]]]}},{"type":"Feature","properties":{"name":"Atatürk Dam","feature":"Reservoir","rank":7,"code":"TUR"},"geometry":{"type":"Polygon","coordinates":[[[38.614,37.549],[38.603,37.541],[38.605,37.52],[38.601,37.492],[38.577,37.476],[38.562,37.482],[38.545,37.483],[38.52,37.474],[38.533,37.453],[38.558,37.424],[38.54,37.418],[38.49,37.445],[38.431,37.464],[38.373,37.473],[38.336,37.483],[38.317,37.498],[38.316,37.518],[38.304,37.534],[38.286,37.551],[38.281,37.562],[38.274,37.574],[38.255,37.584],[38.248,37.596],[38.257,37.612],[38.277,37.615],[38.309,37.6],[38.315,37.582],[38.323,37.567],[38.341,37.572],[38.349,37.606],[38.342,37.655],[38.34,37.68],[38.365,37.658],[38.39,37.651],[38.401,37.66],[38.426,37.66],[38.439,37.654],[38.449,37.636],[38.459,37.622],[38.441,37.626],[38.421,37.627],[38.416,37.609],[38.406,37.602],[38.385,37.598],[38.373,37.575],[38.368,37.555],[38.373,37.542],[38.375,37.529],[38.375,37.509],[38.387,37.495],[38.396,37.508],[38.406,37.517],[38.418,37.524],[38.45,37.532],[38.486,37.545],[38.493,37.568],[38.506,37.58],[38.53,37.583],[38.542,37.591],[38.558,37.602],[38.577,37.606],[38.594,37.609],[38.621,37.62],[38.624,37.639],[38.63,37.652],[38.661,37.651],[38.705,37.648],[38.738,37.659],[38.714,37.694],[38.68,37.728],[38.667,37.748],[38.658,37.786],[38.667,37.797],[38.685,37.771],[38.692,37.747],[38.726,37.699],[38.774,37.659],[38.808,37.66],[38.813,37.671],[38.789,37.697],[38.814,37.715],[38.849,37.713],[38.877,37.723],[38.879,37.748],[38.873,37.758],[38.893,37.768],[38.902,37.77],[38.918,37.768],[38.932,37.779],[38.93,37.795],[38.885,37.774],[38.883,37.811],[38.9,37.824],[38.927,37.843],[38.951,37.841],[38.961,37.859],[38.973,37.866],[38.983,37.899],[39.0,37.881],[38.994,37.853],[38.992,37.826],[38.971,37.809],[38.979,37.796],[38.98,37.778],[38.973,37.75],[38.947,37.748],[38.928,37.728],[38.936,37.711],[38.913,37.698],[38.927,37.695],[38.946,37.699],[38.951,37.688],[38.932,37.682],[38.912,37.692],[38.889,37.685],[38.847,37.687],[38.841,37.676],[38.883,37.655],[38.881,37.639],[38.836,37.641],[38.803,37.633],[38.778,37.626],[38.75,37.62],[38.712,37.615],[38.678,37.614],[38.658,37.61],[38.649,37.598],[38.63,37.571],[38.614,37.549]]]}},{"type":"Feature","properties":{"name":"Kainji","feature":"Reservoir","rank":4,"code":"NGA"},"geometry":{"type":"Polygon","coordinates":[[[4.671,10.397],[4.678,10.375],[4.695,10.364],[4.681,10.336],[4.664,10.351],[4.657,10.341],[4.653,10.296],[4.623,10.233],[4.619,10.213],[4.623,10.215],[4.633,10.22],[4.634,10.207],[4.623,10.193],[4.608,10.189],[4.598,10.2],[4.583,10.182],[4.573,10.163],[4.563,10.148],[4.543,10.144],[4.543,10.138],[4.549,10.134],[4.555,10.129],[4.56,10.124],[4.564,10.118],[4.559,10.109],[4.556,10.1],[4.559,10.093],[4.568,10.09],[4.578,10.093],[4.583,10.101],[4.586,10.111],[4.592,10.118],[4.614,10.125],[4.622,10.117],[4.62,10.108],[4.611,10.11],[4.605,10.11],[4.608,10.085],[4.606,10.079],[4.598,10.084],[4.596,10.07],[4.606,10.064],[4.618,10.056],[4.626,10.042],[4.624,10.035],[4.619,10.026],[4.608,10.012],[4.606,10.006],[4.608,10.0],[4.61,9.993],[4.611,9.984],[4.614,9.975],[4.624,9.966],[4.626,9.96],[4.622,9.953],[4.608,9.951],[4.605,9.943],[4.606,9.923],[4.611,9.912],[4.622,9.91],[4.639,9.919],[4.643,9.901],[4.638,9.89],[4.63,9.881],[4.626,9.867],[4.619,9.862],[4.603,9.853],[4.585,9.845],[4.571,9.843],[4.573,9.849],[4.575,9.855],[4.579,9.859],[4.585,9.865],[4.585,9.857],[4.591,9.869],[4.59,9.881],[4.585,9.891],[4.577,9.898],[4.572,9.895],[4.568,9.893],[4.563,9.893],[4.557,9.891],[4.563,9.91],[4.563,9.933],[4.556,9.947],[4.543,9.939],[4.539,9.956],[4.55,9.967],[4.564,9.977],[4.571,9.993],[4.569,10.004],[4.563,10.011],[4.557,10.017],[4.55,10.021],[4.541,10.034],[4.535,10.034],[4.523,10.021],[4.516,10.029],[4.528,10.039],[4.537,10.054],[4.537,10.07],[4.523,10.084],[4.512,10.08],[4.503,10.084],[4.495,10.072],[4.467,10.042],[4.47,10.049],[4.475,10.069],[4.454,10.061],[4.447,10.056],[4.459,10.075],[4.494,10.095],[4.495,10.11],[4.49,10.111],[4.466,10.122],[4.464,10.124],[4.45,10.128],[4.443,10.126],[4.433,10.118],[4.44,10.139],[4.462,10.144],[4.488,10.138],[4.503,10.124],[4.509,10.124],[4.514,10.136],[4.517,10.139],[4.523,10.144],[4.518,10.154],[4.516,10.165],[4.517,10.176],[4.523,10.185],[4.477,10.176],[4.455,10.18],[4.447,10.2],[4.483,10.191],[4.505,10.205],[4.51,10.228],[4.495,10.248],[4.5,10.26],[4.486,10.287],[4.482,10.306],[4.475,10.313],[4.448,10.354],[4.444,10.364],[4.43,10.37],[4.405,10.398],[4.393,10.405],[4.378,10.401],[4.364,10.389],[4.349,10.381],[4.331,10.385],[4.342,10.39],[4.354,10.397],[4.375,10.416],[4.389,10.422],[4.401,10.418],[4.416,10.405],[4.429,10.402],[4.442,10.396],[4.454,10.393],[4.461,10.398],[4.461,10.411],[4.441,10.454],[4.445,10.451],[4.461,10.446],[4.46,10.46],[4.463,10.472],[4.468,10.484],[4.475,10.494],[4.461,10.499],[4.451,10.508],[4.433,10.529],[4.448,10.533],[4.456,10.541],[4.462,10.553],[4.471,10.567],[4.492,10.586],[4.498,10.598],[4.485,10.604],[4.474,10.606],[4.465,10.613],[4.458,10.621],[4.454,10.631],[4.454,10.64],[4.457,10.645],[4.462,10.652],[4.467,10.666],[4.483,10.636],[4.489,10.631],[4.496,10.635],[4.502,10.646],[4.509,10.666],[4.516,10.666],[4.519,10.653],[4.521,10.636],[4.525,10.623],[4.533,10.618],[4.543,10.615],[4.553,10.609],[4.56,10.6],[4.564,10.59],[4.575,10.597],[4.582,10.595],[4.584,10.587],[4.585,10.573],[4.588,10.568],[4.594,10.571],[4.601,10.576],[4.626,10.604],[4.639,10.613],[4.645,10.615],[4.65,10.615],[4.655,10.613],[4.657,10.609],[4.656,10.604],[4.652,10.599],[4.648,10.595],[4.646,10.59],[4.624,10.554],[4.621,10.544],[4.624,10.532],[4.626,10.527],[4.628,10.524],[4.632,10.522],[4.636,10.521],[4.641,10.522],[4.657,10.527],[4.66,10.529],[4.657,10.515],[4.648,10.506],[4.638,10.501],[4.633,10.494],[4.633,10.481],[4.639,10.467],[4.648,10.453],[4.656,10.443],[4.666,10.423],[4.671,10.397]]]}},{"type":"Feature","properties":{"name":"Kariba","feature":"Reservoir","rank":5,"code":"ZWE"},"geometry":{"type":"Polygon","coordinates":[[[28.975,-16.598],[28.991,-16.604],[29.001,-16.615],[28.989,-16.615],[28.956,-16.624],[28.946,-16.629],[28.936,-16.637],[28.93,-16.645],[28.933,-16.65],[28.952,-16.649],[28.94,-16.661],[28.931,-16.675],[28.925,-16.691],[28.925,-16.712],[28.892,-16.668],[28.881,-16.662],[28.865,-16.669],[28.849,-16.683],[28.844,-16.697],[28.86,-16.704],[28.869,-16.721],[28.864,-16.754],[28.843,-16.777],[28.802,-16.766],[28.806,-16.784],[28.8,-16.794],[28.789,-16.802],[28.781,-16.814],[28.763,-16.81],[28.738,-16.811],[28.716,-16.808],[28.707,-16.79],[28.703,-16.779],[28.696,-16.774],[28.689,-16.771],[28.685,-16.762],[28.689,-16.753],[28.706,-16.734],[28.713,-16.724],[28.69,-16.724],[28.691,-16.708],[28.693,-16.689],[28.679,-16.677],[28.654,-16.683],[28.638,-16.716],[28.617,-16.712],[28.608,-16.72],[28.592,-16.717],[28.582,-16.719],[28.589,-16.738],[28.576,-16.734],[28.564,-16.735],[28.554,-16.734],[28.549,-16.724],[28.535,-16.731],[28.541,-16.746],[28.537,-16.749],[28.526,-16.757],[28.521,-16.759],[28.501,-16.757],[28.484,-16.773],[28.459,-16.814],[28.453,-16.816],[28.447,-16.814],[28.442,-16.814],[28.439,-16.821],[28.441,-16.828],[28.446,-16.834],[28.452,-16.839],[28.456,-16.841],[28.464,-16.848],[28.473,-16.895],[28.457,-16.885],[28.45,-16.849],[28.435,-16.841],[28.422,-16.84],[28.402,-16.837],[28.385,-16.829],[28.377,-16.817],[28.376,-16.81],[28.371,-16.8],[28.369,-16.79],[28.374,-16.785],[28.382,-16.778],[28.39,-16.769],[28.391,-16.759],[28.38,-16.749],[28.365,-16.753],[28.353,-16.767],[28.349,-16.787],[28.334,-16.782],[28.324,-16.789],[28.317,-16.802],[28.315,-16.817],[28.307,-16.82],[28.261,-16.828],[28.26,-16.807],[28.227,-16.812],[28.165,-16.834],[28.132,-16.84],[28.117,-16.846],[28.104,-16.872],[28.094,-16.887],[28.092,-16.9],[28.11,-16.909],[28.088,-16.921],[28.075,-16.932],[28.067,-16.947],[28.062,-16.971],[28.056,-16.98],[28.05,-16.987],[28.052,-16.99],[28.072,-16.991],[28.086,-16.989],[28.109,-16.979],[28.124,-16.978],[28.113,-16.99],[28.098,-16.995],[28.09,-17.002],[28.101,-17.018],[28.1,-17.019],[28.097,-17.025],[28.096,-17.026],[28.103,-17.026],[28.103,-17.033],[28.083,-17.036],[28.066,-17.044],[28.053,-17.059],[28.048,-17.081],[28.04,-17.075],[28.022,-17.052],[28.016,-17.054],[28.01,-17.054],[28.007,-17.05],[28.007,-17.042],[28.007,-17.037],[28.004,-17.034],[27.997,-17.033],[27.964,-17.022],[27.958,-17.022],[27.957,-17.031],[27.956,-17.04],[27.959,-17.039],[27.961,-17.039],[27.963,-17.043],[27.963,-17.048],[27.959,-17.054],[27.953,-17.055],[27.946,-17.052],[27.94,-17.049],[27.935,-17.047],[27.926,-17.049],[27.926,-17.056],[27.932,-17.067],[27.916,-17.096],[27.908,-17.105],[27.892,-17.115],[27.871,-17.124],[27.828,-17.135],[27.837,-17.15],[27.849,-17.163],[27.835,-17.168],[27.826,-17.16],[27.818,-17.149],[27.808,-17.143],[27.795,-17.145],[27.76,-17.17],[27.71,-17.19],[27.694,-17.201],[27.712,-17.204],[27.706,-17.213],[27.69,-17.228],[27.684,-17.239],[27.663,-17.23],[27.662,-17.244],[27.675,-17.273],[27.664,-17.276],[27.652,-17.284],[27.644,-17.294],[27.647,-17.304],[27.653,-17.316],[27.648,-17.324],[27.63,-17.335],[27.612,-17.363],[27.576,-17.478],[27.569,-17.478],[27.574,-17.453],[27.572,-17.443],[27.562,-17.437],[27.563,-17.453],[27.554,-17.495],[27.547,-17.503],[27.529,-17.508],[27.497,-17.512],[27.469,-17.512],[27.46,-17.515],[27.458,-17.521],[27.459,-17.528],[27.459,-17.533],[27.425,-17.574],[27.441,-17.573],[27.451,-17.565],[27.46,-17.555],[27.473,-17.546],[27.466,-17.562],[27.451,-17.579],[27.433,-17.589],[27.418,-17.581],[27.41,-17.588],[27.389,-17.573],[27.351,-17.601],[27.219,-17.736],[27.214,-17.744],[27.212,-17.756],[27.216,-17.759],[27.225,-17.761],[27.232,-17.766],[27.232,-17.78],[27.215,-17.774],[27.201,-17.777],[27.159,-17.808],[27.158,-17.817],[27.165,-17.825],[27.171,-17.841],[27.157,-17.864],[27.098,-17.911],[27.095,-17.93],[27.084,-17.925],[27.075,-17.928],[27.068,-17.938],[27.061,-17.952],[27.07,-17.953],[27.078,-17.957],[27.084,-17.963],[27.088,-17.971],[27.073,-17.967],[27.068,-17.965],[27.065,-17.968],[27.058,-17.975],[27.054,-17.978],[27.04,-17.974],[27.026,-17.984],[27.021,-17.971],[27.023,-17.948],[27.055,-17.919],[27.061,-17.896],[27.072,-17.901],[27.08,-17.902],[27.084,-17.898],[27.081,-17.89],[27.081,-17.883],[27.09,-17.88],[27.1,-17.876],[27.105,-17.87],[27.102,-17.862],[27.114,-17.855],[27.125,-17.846],[27.133,-17.835],[27.136,-17.821],[27.126,-17.826],[27.113,-17.835],[27.1,-17.841],[27.088,-17.841],[27.081,-17.833],[27.083,-17.822],[27.09,-17.813],[27.095,-17.807],[27.088,-17.807],[27.088,-17.801],[27.109,-17.794],[27.102,-17.79],[27.094,-17.783],[27.088,-17.78],[27.104,-17.768],[27.14,-17.728],[27.148,-17.715],[27.155,-17.698],[27.163,-17.687],[27.178,-17.691],[27.183,-17.681],[27.182,-17.677],[27.178,-17.671],[27.188,-17.665],[27.204,-17.646],[27.228,-17.637],[27.228,-17.626],[27.23,-17.616],[27.246,-17.615],[27.245,-17.609],[27.246,-17.601],[27.246,-17.595],[27.258,-17.604],[27.265,-17.608],[27.274,-17.608],[27.286,-17.604],[27.29,-17.599],[27.291,-17.591],[27.298,-17.57],[27.296,-17.563],[27.297,-17.558],[27.308,-17.553],[27.313,-17.555],[27.342,-17.567],[27.344,-17.565],[27.344,-17.563],[27.345,-17.563],[27.349,-17.56],[27.349,-17.553],[27.334,-17.545],[27.335,-17.537],[27.347,-17.534],[27.363,-17.54],[27.371,-17.526],[27.372,-17.514],[27.37,-17.501],[27.37,-17.485],[27.376,-17.47],[27.381,-17.461],[27.38,-17.456],[27.363,-17.451],[27.35,-17.452],[27.338,-17.457],[27.329,-17.463],[27.322,-17.465],[27.312,-17.454],[27.314,-17.44],[27.323,-17.428],[27.345,-17.416],[27.387,-17.365],[27.434,-17.329],[27.449,-17.311],[27.431,-17.307],[27.436,-17.297],[27.438,-17.294],[27.418,-17.277],[27.432,-17.267],[27.459,-17.263],[27.473,-17.262],[27.482,-17.252],[27.502,-17.24],[27.517,-17.225],[27.514,-17.204],[27.518,-17.199],[27.519,-17.195],[27.52,-17.189],[27.52,-17.18],[27.524,-17.171],[27.533,-17.167],[27.543,-17.166],[27.548,-17.163],[27.552,-17.154],[27.551,-17.148],[27.549,-17.142],[27.548,-17.132],[27.551,-17.13],[27.565,-17.124],[27.569,-17.122],[27.571,-17.114],[27.572,-17.107],[27.573,-17.099],[27.579,-17.091],[27.585,-17.087],[27.598,-17.084],[27.603,-17.081],[27.624,-17.051],[27.637,-17.039],[27.659,-17.062],[27.66,-17.072],[27.65,-17.088],[27.667,-17.086],[27.682,-17.079],[27.712,-17.059],[27.687,-17.039],[27.673,-17.031],[27.657,-17.026],[27.672,-17.011],[27.714,-17.001],[27.733,-16.985],[27.737,-16.97],[27.73,-16.958],[27.714,-16.951],[27.692,-16.951],[27.698,-16.94],[27.719,-16.926],[27.726,-16.916],[27.733,-16.916],[27.743,-16.935],[27.772,-16.931],[27.822,-16.909],[27.848,-16.905],[27.863,-16.9],[27.87,-16.892],[27.862,-16.887],[27.815,-16.875],[27.804,-16.869],[27.777,-16.846],[27.777,-16.841],[27.788,-16.838],[27.79,-16.829],[27.788,-16.82],[27.788,-16.814],[27.794,-16.806],[27.794,-16.805],[27.795,-16.806],[27.86,-16.817],[27.87,-16.81],[27.872,-16.789],[27.868,-16.781],[27.856,-16.772],[27.868,-16.769],[27.881,-16.768],[27.904,-16.772],[27.908,-16.77],[27.913,-16.767],[27.92,-16.764],[27.925,-16.766],[27.926,-16.769],[27.924,-16.777],[27.925,-16.78],[27.924,-16.782],[27.918,-16.8],[27.933,-16.794],[27.949,-16.79],[27.963,-16.791],[27.973,-16.8],[27.974,-16.816],[27.968,-16.827],[27.966,-16.836],[27.98,-16.848],[28.007,-16.854],[28.04,-16.847],[28.071,-16.831],[28.09,-16.807],[28.077,-16.803],[28.074,-16.804],[28.069,-16.807],[28.064,-16.796],[28.067,-16.792],[28.073,-16.789],[28.076,-16.783],[28.076,-16.762],[28.082,-16.744],[28.097,-16.741],[28.115,-16.747],[28.13,-16.759],[28.134,-16.753],[28.136,-16.746],[28.138,-16.728],[28.14,-16.719],[28.147,-16.717],[28.156,-16.715],[28.165,-16.712],[28.189,-16.699],[28.201,-16.689],[28.205,-16.677],[28.176,-16.691],[28.175,-16.677],[28.179,-16.655],[28.165,-16.642],[28.165,-16.636],[28.186,-16.631],[28.199,-16.636],[28.219,-16.662],[28.226,-16.649],[28.244,-16.657],[28.248,-16.645],[28.246,-16.625],[28.246,-16.608],[28.265,-16.618],[28.278,-16.614],[28.293,-16.606],[28.318,-16.601],[28.329,-16.594],[28.323,-16.579],[28.305,-16.565],[28.281,-16.56],[28.281,-16.553],[28.291,-16.553],[28.295,-16.553],[28.295,-16.546],[28.288,-16.546],[28.274,-16.54],[28.294,-16.536],[28.311,-16.538],[28.324,-16.546],[28.329,-16.563],[28.334,-16.566],[28.355,-16.556],[28.363,-16.553],[28.372,-16.556],[28.375,-16.561],[28.373,-16.567],[28.363,-16.573],[28.372,-16.583],[28.392,-16.592],[28.397,-16.601],[28.407,-16.591],[28.434,-16.558],[28.439,-16.543],[28.447,-16.54],[28.464,-16.538],[28.48,-16.532],[28.487,-16.512],[28.505,-16.52],[28.51,-16.537],[28.509,-16.553],[28.511,-16.56],[28.524,-16.556],[28.536,-16.548],[28.548,-16.542],[28.563,-16.546],[28.567,-16.542],[28.571,-16.537],[28.574,-16.532],[28.576,-16.526],[28.564,-16.527],[28.553,-16.526],[28.543,-16.523],[28.535,-16.518],[28.547,-16.513],[28.621,-16.501],[28.646,-16.482],[28.662,-16.478],[28.68,-16.481],[28.684,-16.49],[28.683,-16.503],[28.685,-16.518],[28.698,-16.533],[28.713,-16.533],[28.728,-16.531],[28.74,-16.54],[28.758,-16.532],[28.781,-16.53],[28.847,-16.535],[28.86,-16.541],[28.873,-16.55],[28.891,-16.56],[28.887,-16.562],[28.886,-16.563],[28.886,-16.564],[28.884,-16.567],[28.871,-16.561],[28.858,-16.56],[28.846,-16.562],[28.836,-16.567],[28.864,-16.58],[28.879,-16.583],[28.898,-16.581],[28.913,-16.575],[28.952,-16.553],[28.96,-16.56],[28.948,-16.577],[28.939,-16.594],[28.955,-16.595],[28.975,-16.598]]]}},{"type":"Feature","properties":{"name":"Nam Ngum Dam","feature":"Reservoir","rank":5,"code":"LAO"},"geometry":{"type":"Polygon","coordinates":[[[102.809,18.549],[102.935,18.544],[102.961,18.539],[102.937,18.534],[102.847,18.534],[102.779,18.524],[102.74,18.529],[102.723,18.527],[102.704,18.515],[102.693,18.505],[102.692,18.5],[102.693,18.495],[102.691,18.483],[102.684,18.469],[102.658,18.433],[102.607,18.465],[102.579,18.506],[102.552,18.609],[102.548,18.615],[102.536,18.624],[102.532,18.63],[102.53,18.637],[102.532,18.653],[102.531,18.661],[102.513,18.717],[102.507,18.725],[102.489,18.743],[102.484,18.751],[102.484,18.766],[102.49,18.771],[102.5,18.768],[102.512,18.758],[102.516,18.771],[102.523,18.772],[102.531,18.763],[102.537,18.75],[102.544,18.754],[102.546,18.754],[102.547,18.751],[102.551,18.747],[102.552,18.744],[102.563,18.733],[102.574,18.724],[102.577,18.725],[102.576,18.71],[102.573,18.692],[102.577,18.68],[102.597,18.683],[102.584,18.671],[102.583,18.659],[102.591,18.653],[102.606,18.658],[102.613,18.671],[102.617,18.699],[102.627,18.703],[102.637,18.696],[102.644,18.68],[102.648,18.664],[102.647,18.652],[102.638,18.643],[102.626,18.642],[102.619,18.641],[102.62,18.629],[102.638,18.611],[102.66,18.62],[102.696,18.656],[102.781,18.713],[102.775,18.698],[102.758,18.668],[102.754,18.651],[102.749,18.646],[102.727,18.641],[102.718,18.631],[102.72,18.611],[102.74,18.597],[102.765,18.587],[102.782,18.576],[102.782,18.571],[102.777,18.566],[102.778,18.56],[102.795,18.552],[102.809,18.549]]]}},{"type":"Feature","properties":{"name":"Nasser","feature":"Reservoir","rank":5,"code":"EGY"},"geometry":{"type":"Polygon","coordinates":[[[32.228,22.651],[32.242,22.672],[32.248,22.679],[32.218,22.686],[32.211,22.693],[32.222,22.706],[32.205,22.708],[32.193,22.716],[32.182,22.726],[32.166,22.733],[32.149,22.734],[32.133,22.73],[32.099,22.71],[32.094,22.708],[32.089,22.706],[32.084,22.706],[32.077,22.704],[32.078,22.701],[32.08,22.696],[32.078,22.692],[32.07,22.69],[32.062,22.691],[32.056,22.69],[32.05,22.685],[32.044,22.671],[32.047,22.664],[32.053,22.655],[32.057,22.638],[32.037,22.647],[32.02,22.652],[32.004,22.648],[31.985,22.634],[31.97,22.615],[31.969,22.6],[31.976,22.584],[31.981,22.562],[31.952,22.58],[31.944,22.578],[31.94,22.562],[31.943,22.565],[31.955,22.528],[31.975,22.494],[31.951,22.497],[31.941,22.49],[31.935,22.479],[31.923,22.473],[31.904,22.467],[31.895,22.451],[31.892,22.43],[31.892,22.411],[31.834,22.42],[31.812,22.418],[31.824,22.404],[31.817,22.397],[31.83,22.391],[31.841,22.379],[31.845,22.364],[31.838,22.35],[31.822,22.341],[31.813,22.348],[31.805,22.361],[31.796,22.37],[31.769,22.376],[31.741,22.371],[31.686,22.342],[31.697,22.326],[31.693,22.318],[31.681,22.321],[31.666,22.336],[31.665,22.328],[31.659,22.309],[31.646,22.322],[31.643,22.312],[31.638,22.304],[31.629,22.298],[31.618,22.295],[31.648,22.273],[31.652,22.267],[31.655,22.255],[31.662,22.247],[31.672,22.245],[31.686,22.247],[31.668,22.24],[31.649,22.243],[31.63,22.25],[31.611,22.253],[31.596,22.249],[31.542,22.213],[31.545,22.206],[31.545,22.203],[31.543,22.199],[31.542,22.192],[31.532,22.197],[31.518,22.19],[31.44,22.127],[31.393,22.053],[31.386,22.035],[31.383,22.008],[31.387,21.956],[31.386,21.932],[31.378,21.912],[31.344,21.856],[31.333,21.846],[31.331,21.843],[31.33,21.838],[31.33,21.824],[31.331,21.822],[31.303,21.795],[31.298,21.785],[31.298,21.779],[31.295,21.773],[31.283,21.767],[31.28,21.769],[31.272,21.779],[31.269,21.781],[31.263,21.779],[31.258,21.774],[31.255,21.769],[31.255,21.767],[31.244,21.767],[31.237,21.77],[31.23,21.769],[31.221,21.76],[31.215,21.752],[31.213,21.743],[31.215,21.735],[31.221,21.726],[31.201,21.706],[31.182,21.656],[31.159,21.644],[31.138,21.641],[31.122,21.635],[31.106,21.624],[31.091,21.609],[31.097,21.626],[31.107,21.644],[31.121,21.659],[31.138,21.664],[31.159,21.666],[31.167,21.671],[31.181,21.718],[31.179,21.735],[31.175,21.751],[31.173,21.767],[31.178,21.782],[31.186,21.796],[31.192,21.809],[31.187,21.822],[31.202,21.817],[31.211,21.817],[31.219,21.822],[31.228,21.829],[31.232,21.836],[31.235,21.853],[31.238,21.859],[31.243,21.863],[31.256,21.867],[31.262,21.87],[31.281,21.885],[31.337,21.961],[31.344,21.988],[31.344,22.048],[31.366,22.109],[31.366,22.122],[31.362,22.134],[31.358,22.144],[31.381,22.146],[31.401,22.16],[31.417,22.182],[31.43,22.206],[31.444,22.221],[31.515,22.26],[31.659,22.384],[31.646,22.391],[31.658,22.397],[31.687,22.4],[31.694,22.404],[31.673,22.46],[31.689,22.464],[31.705,22.457],[31.721,22.448],[31.73,22.448],[31.737,22.457],[31.748,22.467],[31.756,22.47],[31.756,22.475],[31.755,22.482],[31.753,22.487],[31.748,22.494],[31.789,22.475],[31.811,22.473],[31.817,22.494],[31.804,22.503],[31.738,22.532],[31.669,22.592],[31.656,22.614],[31.66,22.626],[31.668,22.637],[31.666,22.651],[31.675,22.643],[31.681,22.631],[31.691,22.621],[31.704,22.617],[31.716,22.614],[31.731,22.609],[31.745,22.603],[31.755,22.596],[31.773,22.571],[31.783,22.563],[31.797,22.566],[31.81,22.572],[31.824,22.575],[31.836,22.572],[31.845,22.562],[31.856,22.57],[31.856,22.577],[31.849,22.582],[31.838,22.583],[31.839,22.601],[31.847,22.613],[31.862,22.621],[31.879,22.623],[31.89,22.629],[31.879,22.652],[31.892,22.658],[31.933,22.663],[31.957,22.677],[32.003,22.726],[31.995,22.733],[32.016,22.737],[32.043,22.734],[32.062,22.74],[32.064,22.767],[32.077,22.759],[32.091,22.754],[32.104,22.756],[32.115,22.768],[32.128,22.778],[32.144,22.78],[32.158,22.786],[32.166,22.808],[32.169,22.799],[32.17,22.79],[32.169,22.782],[32.166,22.775],[32.205,22.767],[32.226,22.769],[32.242,22.782],[32.251,22.769],[32.258,22.742],[32.266,22.73],[32.272,22.725],[32.285,22.718],[32.29,22.713],[32.285,22.704],[32.284,22.696],[32.286,22.689],[32.293,22.684],[32.307,22.677],[32.31,22.672],[32.309,22.649],[32.31,22.644],[32.321,22.635],[32.336,22.63],[32.351,22.628],[32.365,22.631],[32.387,22.647],[32.399,22.67],[32.41,22.694],[32.423,22.716],[32.446,22.732],[32.504,22.759],[32.516,22.775],[32.546,22.766],[32.56,22.786],[32.564,22.817],[32.564,22.843],[32.572,22.886],[32.572,22.898],[32.567,22.903],[32.559,22.91],[32.553,22.919],[32.551,22.932],[32.568,22.923],[32.584,22.919],[32.599,22.923],[32.616,22.935],[32.628,22.951],[32.636,22.969],[32.637,22.986],[32.625,22.994],[32.63,23.003],[32.636,23.011],[32.649,23.025],[32.651,23.031],[32.642,23.047],[32.642,23.056],[32.672,23.065],[32.68,23.071],[32.66,23.076],[32.66,23.083],[32.681,23.086],[32.694,23.102],[32.696,23.124],[32.687,23.145],[32.696,23.155],[32.698,23.166],[32.698,23.179],[32.701,23.192],[32.72,23.194],[32.725,23.196],[32.727,23.202],[32.72,23.213],[32.721,23.22],[32.769,23.278],[32.78,23.28],[32.789,23.261],[32.801,23.283],[32.81,23.29],[32.82,23.282],[32.831,23.261],[32.843,23.276],[32.837,23.287],[32.827,23.297],[32.825,23.309],[32.833,23.319],[32.854,23.322],[32.865,23.33],[32.874,23.319],[32.884,23.293],[32.893,23.289],[32.905,23.294],[32.909,23.306],[32.909,23.32],[32.907,23.33],[32.894,23.35],[32.87,23.37],[32.844,23.384],[32.825,23.385],[32.829,23.399],[32.839,23.412],[32.862,23.436],[32.87,23.447],[32.88,23.467],[32.886,23.487],[32.879,23.5],[32.866,23.5],[32.834,23.479],[32.821,23.473],[32.807,23.479],[32.797,23.494],[32.789,23.511],[32.78,23.525],[32.776,23.522],[32.762,23.525],[32.749,23.531],[32.749,23.535],[32.741,23.532],[32.721,23.514],[32.718,23.507],[32.717,23.498],[32.715,23.49],[32.708,23.487],[32.7,23.485],[32.692,23.481],[32.677,23.47],[32.645,23.458],[32.614,23.469],[32.557,23.508],[32.578,23.518],[32.624,23.525],[32.646,23.532],[32.652,23.536],[32.661,23.545],[32.667,23.549],[32.671,23.548],[32.681,23.542],[32.687,23.542],[32.735,23.561],[32.739,23.562],[32.736,23.564],[32.725,23.573],[32.716,23.576],[32.703,23.577],[32.692,23.579],[32.687,23.587],[32.68,23.601],[32.665,23.601],[32.654,23.587],[32.66,23.562],[32.637,23.564],[32.621,23.576],[32.612,23.595],[32.612,23.618],[32.637,23.612],[32.654,23.629],[32.665,23.653],[32.674,23.665],[32.683,23.668],[32.692,23.675],[32.701,23.679],[32.711,23.676],[32.726,23.646],[32.728,23.638],[32.73,23.626],[32.733,23.618],[32.739,23.611],[32.749,23.603],[32.756,23.599],[32.767,23.596],[32.776,23.59],[32.784,23.582],[32.791,23.572],[32.798,23.565],[32.811,23.562],[32.821,23.567],[32.823,23.574],[32.819,23.583],[32.811,23.59],[32.828,23.599],[32.836,23.604],[32.841,23.61],[32.844,23.621],[32.845,23.63],[32.844,23.638],[32.845,23.645],[32.864,23.691],[32.865,23.706],[32.852,23.696],[32.841,23.7],[32.817,23.72],[32.853,23.716],[32.871,23.738],[32.878,23.773],[32.879,23.809],[32.877,23.826],[32.87,23.842],[32.859,23.857],[32.837,23.874],[32.831,23.886],[32.825,23.892],[32.815,23.894],[32.794,23.895],[32.783,23.898],[32.805,23.906],[32.821,23.9],[32.835,23.897],[32.851,23.912],[32.859,23.929],[32.87,23.969],[32.879,23.988],[32.889,23.967],[32.888,23.951],[32.883,23.937],[32.879,23.919],[32.882,23.91],[32.895,23.899],[32.899,23.892],[32.899,23.883],[32.894,23.88],[32.891,23.875],[32.893,23.864],[32.904,23.848],[32.929,23.821],[32.94,23.778],[32.955,23.769],[32.972,23.765],[32.989,23.754],[32.97,23.753],[32.973,23.74],[32.987,23.724],[33.003,23.713],[32.996,23.71],[32.99,23.705],[32.985,23.699],[32.982,23.693],[32.985,23.691],[32.989,23.689],[32.993,23.686],[32.995,23.683],[32.993,23.678],[32.989,23.676],[32.985,23.675],[32.982,23.672],[32.975,23.637],[32.975,23.624],[32.969,23.624],[32.96,23.638],[32.933,23.646],[32.927,23.659],[32.919,23.645],[32.91,23.634],[32.902,23.622],[32.896,23.59],[32.899,23.585],[32.91,23.583],[32.917,23.58],[32.924,23.572],[32.935,23.555],[32.955,23.569],[32.952,23.563],[32.95,23.549],[32.948,23.542],[32.952,23.544],[32.964,23.547],[32.969,23.549],[32.973,23.53],[32.991,23.518],[33.013,23.515],[33.03,23.522],[33.037,23.514],[33.016,23.503],[32.994,23.499],[32.97,23.502],[32.948,23.508],[32.91,23.524],[32.895,23.522],[32.899,23.5],[32.906,23.493],[32.914,23.489],[32.923,23.487],[32.931,23.484],[32.935,23.476],[32.93,23.472],[32.922,23.467],[32.92,23.459],[32.933,23.444],[32.949,23.432],[32.958,23.425],[32.948,23.419],[32.954,23.398],[32.966,23.39],[32.975,23.394],[32.969,23.412],[32.985,23.411],[32.992,23.403],[33.003,23.378],[32.985,23.371],[32.972,23.363],[32.97,23.352],[32.982,23.336],[32.992,23.327],[32.995,23.326],[32.998,23.328],[33.01,23.33],[33.018,23.326],[33.017,23.318],[33.009,23.302],[33.006,23.292],[33.002,23.284],[32.998,23.276],[32.999,23.268],[33.004,23.262],[33.01,23.257],[33.016,23.25],[33.017,23.24],[33.008,23.223],[32.992,23.222],[32.955,23.234],[32.957,23.239],[32.96,23.25],[32.961,23.255],[32.95,23.254],[32.939,23.254],[32.929,23.256],[32.92,23.261],[32.916,23.255],[32.912,23.248],[32.909,23.241],[32.907,23.234],[32.92,23.229],[32.928,23.216],[32.934,23.2],[32.941,23.185],[32.964,23.159],[32.97,23.144],[32.958,23.138],[32.926,23.147],[32.892,23.162],[32.863,23.168],[32.845,23.151],[32.845,23.137],[32.85,23.122],[32.865,23.097],[32.867,23.089],[32.867,23.082],[32.867,23.076],[32.873,23.069],[32.881,23.066],[32.901,23.065],[32.936,23.042],[32.947,23.03],[32.944,23.018],[32.928,23.008],[32.923,23.002],[32.924,22.993],[32.928,22.985],[32.932,22.981],[32.938,22.981],[32.948,22.986],[32.957,22.971],[32.973,22.966],[32.992,22.963],[33.009,22.959],[33.064,22.918],[33.04,22.915],[33.001,22.92],[32.963,22.932],[32.941,22.946],[32.937,22.932],[32.937,22.927],[32.941,22.918],[32.928,22.925],[32.886,22.965],[32.81,23.012],[32.804,23.018],[32.8,23.025],[32.791,23.026],[32.782,23.026],[32.776,23.028],[32.775,23.036],[32.776,23.069],[32.74,23.056],[32.728,23.049],[32.741,23.043],[32.747,23.035],[32.748,23.026],[32.742,23.014],[32.756,23.014],[32.75,23.005],[32.744,23.0],[32.737,23.001],[32.728,23.008],[32.731,22.989],[32.729,22.97],[32.715,22.932],[32.704,22.951],[32.693,22.956],[32.687,22.946],[32.694,22.925],[32.683,22.925],[32.666,22.93],[32.656,22.932],[32.65,22.93],[32.634,22.921],[32.625,22.918],[32.632,22.91],[32.634,22.904],[32.632,22.89],[32.616,22.91],[32.612,22.918],[32.603,22.907],[32.598,22.893],[32.597,22.878],[32.598,22.864],[32.609,22.868],[32.615,22.865],[32.618,22.857],[32.62,22.846],[32.61,22.841],[32.603,22.836],[32.598,22.83],[32.598,22.795],[32.596,22.782],[32.587,22.772],[32.585,22.761],[32.566,22.741],[32.489,22.716],[32.482,22.699],[32.464,22.696],[32.45,22.689],[32.423,22.661],[32.417,22.647],[32.408,22.611],[32.399,22.603],[32.343,22.606],[32.331,22.603],[32.326,22.591],[32.322,22.55],[32.318,22.535],[32.337,22.529],[32.344,22.528],[32.327,22.52],[32.315,22.525],[32.303,22.536],[32.286,22.541],[32.278,22.538],[32.265,22.523],[32.256,22.521],[32.25,22.527],[32.246,22.537],[32.242,22.555],[32.27,22.558],[32.293,22.571],[32.31,22.591],[32.318,22.617],[32.308,22.613],[32.297,22.61],[32.287,22.61],[32.276,22.61],[32.278,22.615],[32.28,22.626],[32.283,22.631],[32.266,22.634],[32.242,22.653],[32.228,22.651]]]}},{"type":"Feature","properties":{"name":"Toktogul","feature":"Reservoir","rank":5,"code":"KGZ"},"geometry":{"type":"Polygon","coordinates":[[[73.293,41.781],[73.304,41.774],[73.311,41.772],[73.31,41.77],[73.3,41.76],[73.29,41.756],[73.249,41.756],[73.174,41.735],[73.156,41.739],[73.115,41.756],[73.105,41.758],[73.093,41.762],[73.044,41.784],[73.034,41.783],[72.967,41.762],[72.919,41.736],[72.9,41.73],[72.879,41.729],[72.864,41.734],[72.835,41.75],[72.817,41.756],[72.777,41.755],[72.75,41.739],[72.708,41.695],[72.676,41.674],[72.645,41.665],[72.617,41.673],[72.591,41.702],[72.603,41.707],[72.613,41.701],[72.622,41.692],[72.632,41.688],[72.642,41.689],[72.673,41.702],[72.671,41.719],[72.711,41.742],[72.721,41.76],[72.725,41.771],[72.732,41.777],[72.74,41.78],[72.742,41.784],[72.737,41.791],[72.725,41.8],[72.713,41.808],[72.704,41.811],[72.702,41.815],[72.661,41.859],[72.652,41.866],[72.647,41.868],[72.632,41.87],[72.625,41.873],[72.623,41.877],[72.618,41.892],[72.615,41.897],[72.608,41.903],[72.601,41.908],[72.595,41.913],[72.591,41.921],[72.599,41.927],[72.608,41.928],[72.617,41.927],[72.625,41.921],[72.7,41.902],[72.85,41.885],[72.885,41.888],[72.919,41.901],[72.927,41.893],[72.935,41.878],[72.943,41.87],[72.945,41.866],[72.948,41.862],[72.954,41.859],[72.959,41.861],[72.966,41.867],[72.972,41.871],[72.978,41.869],[72.997,41.861],[73.052,41.859],[73.072,41.852],[73.074,41.845],[73.073,41.821],[73.077,41.811],[73.087,41.807],[73.149,41.804],[73.201,41.791],[73.275,41.787],[73.293,41.781]]]}},{"type":"Feature","properties":{"name":"Volta","feature":"Reservoir","rank":5,"code":"GHA"},"geometry":{"type":"Polygon","coordinates":[[[0.321,7.514],[0.307,7.48],[0.295,7.459],[0.302,7.449],[0.305,7.443],[0.302,7.442],[0.295,7.445],[0.283,7.426],[0.29,7.418],[0.302,7.41],[0.308,7.397],[0.302,7.396],[0.272,7.369],[0.267,7.362],[0.267,7.356],[0.286,7.358],[0.284,7.349],[0.273,7.335],[0.267,7.321],[0.273,7.308],[0.287,7.299],[0.303,7.294],[0.316,7.294],[0.32,7.284],[0.322,7.28],[0.308,7.275],[0.289,7.286],[0.275,7.28],[0.268,7.268],[0.266,7.25],[0.267,7.212],[0.272,7.212],[0.273,7.213],[0.273,7.215],[0.275,7.219],[0.282,7.216],[0.283,7.214],[0.283,7.214],[0.288,7.219],[0.295,7.219],[0.291,7.209],[0.285,7.203],[0.267,7.192],[0.267,7.184],[0.287,7.184],[0.292,7.176],[0.283,7.168],[0.26,7.171],[0.28,7.15],[0.273,7.133],[0.262,7.116],[0.267,7.096],[0.276,7.106],[0.287,7.11],[0.298,7.111],[0.308,7.116],[0.313,7.105],[0.311,7.096],[0.305,7.088],[0.295,7.082],[0.3,7.079],[0.303,7.075],[0.305,7.072],[0.308,7.068],[0.3,7.065],[0.295,7.063],[0.294,7.058],[0.295,7.047],[0.291,7.05],[0.281,7.055],[0.28,7.047],[0.276,7.039],[0.275,7.034],[0.267,7.034],[0.267,7.055],[0.26,7.033],[0.263,7.012],[0.271,6.99],[0.277,6.958],[0.28,6.947],[0.281,6.938],[0.275,6.931],[0.268,6.933],[0.261,6.942],[0.253,6.959],[0.224,6.881],[0.22,6.839],[0.24,6.821],[0.234,6.804],[0.237,6.784],[0.247,6.745],[0.245,6.728],[0.24,6.708],[0.239,6.69],[0.247,6.677],[0.24,6.666],[0.24,6.656],[0.247,6.65],[0.26,6.65],[0.273,6.657],[0.283,6.671],[0.295,6.698],[0.306,6.767],[0.316,6.787],[0.322,6.787],[0.319,6.764],[0.311,6.737],[0.309,6.714],[0.322,6.705],[0.314,6.695],[0.31,6.685],[0.31,6.674],[0.316,6.664],[0.308,6.643],[0.301,6.643],[0.302,6.653],[0.301,6.664],[0.287,6.655],[0.277,6.638],[0.267,6.626],[0.253,6.63],[0.253,6.623],[0.247,6.63],[0.244,6.621],[0.239,6.613],[0.234,6.607],[0.226,6.602],[0.227,6.612],[0.226,6.616],[0.213,6.612],[0.203,6.608],[0.196,6.601],[0.192,6.589],[0.185,6.601],[0.169,6.617],[0.165,6.63],[0.144,6.602],[0.151,6.602],[0.155,6.6],[0.159,6.597],[0.165,6.595],[0.137,6.548],[0.145,6.537],[0.15,6.532],[0.157,6.527],[0.149,6.515],[0.131,6.506],[0.124,6.492],[0.122,6.478],[0.125,6.468],[0.13,6.459],[0.137,6.445],[0.142,6.412],[0.136,6.385],[0.11,6.342],[0.103,6.338],[0.096,6.404],[0.103,6.401],[0.103,6.393],[0.103,6.39],[0.11,6.39],[0.106,6.456],[0.094,6.478],[0.069,6.466],[0.072,6.454],[0.071,6.438],[0.068,6.422],[0.061,6.41],[0.056,6.41],[0.041,6.419],[0.035,6.417],[0.032,6.413],[0.029,6.401],[0.005,6.349],[-0.011,6.339],[-0.028,6.363],[-0.033,6.39],[-0.033,6.413],[-0.036,6.433],[-0.049,6.451],[-0.088,6.475],[-0.105,6.489],[-0.116,6.513],[-0.144,6.506],[-0.178,6.522],[-0.212,6.544],[-0.24,6.554],[-0.24,6.569],[-0.249,6.583],[-0.262,6.594],[-0.275,6.602],[-0.273,6.607],[-0.272,6.607],[-0.267,6.609],[-0.27,6.613],[-0.272,6.615],[-0.274,6.618],[-0.275,6.623],[-0.294,6.617],[-0.343,6.624],[-0.36,6.619],[-0.371,6.623],[-0.388,6.639],[-0.421,6.678],[-0.443,6.689],[-0.486,6.705],[-0.497,6.706],[-0.531,6.705],[-0.542,6.708],[-0.548,6.715],[-0.554,6.724],[-0.562,6.732],[-0.568,6.721],[-0.587,6.714],[-0.596,6.705],[-0.609,6.728],[-0.61,6.732],[-0.618,6.733],[-0.627,6.732],[-0.634,6.734],[-0.638,6.743],[-0.639,6.744],[-0.645,6.764],[-0.645,6.767],[-0.65,6.776],[-0.654,6.779],[-0.661,6.78],[-0.669,6.783],[-0.671,6.787],[-0.672,6.792],[-0.675,6.794],[-0.676,6.795],[-0.695,6.8],[-0.699,6.801],[-0.705,6.81],[-0.711,6.822],[-0.72,6.849],[-0.705,6.842],[-0.702,6.845],[-0.701,6.849],[-0.701,6.853],[-0.699,6.855],[-0.694,6.841],[-0.686,6.836],[-0.678,6.838],[-0.672,6.849],[-0.665,6.849],[-0.663,6.844],[-0.662,6.842],[-0.66,6.84],[-0.658,6.835],[-0.636,6.836],[-0.619,6.815],[-0.605,6.788],[-0.589,6.773],[-0.582,6.787],[-0.571,6.782],[-0.558,6.778],[-0.548,6.794],[-0.548,6.816],[-0.553,6.838],[-0.551,6.857],[-0.535,6.869],[-0.535,6.831],[-0.533,6.82],[-0.523,6.808],[-0.521,6.797],[-0.519,6.76],[-0.516,6.745],[-0.507,6.732],[-0.5,6.732],[-0.488,6.73],[-0.468,6.718],[-0.449,6.716],[-0.439,6.739],[-0.431,6.739],[-0.424,6.723],[-0.417,6.715],[-0.41,6.712],[-0.401,6.712],[-0.395,6.719],[-0.4,6.733],[-0.411,6.756],[-0.413,6.772],[-0.419,6.795],[-0.418,6.808],[-0.413,6.821],[-0.385,6.855],[-0.361,6.777],[-0.355,6.733],[-0.357,6.691],[-0.345,6.697],[-0.331,6.715],[-0.319,6.718],[-0.305,6.72],[-0.299,6.725],[-0.294,6.73],[-0.284,6.732],[-0.278,6.728],[-0.272,6.72],[-0.265,6.713],[-0.254,6.712],[-0.243,6.718],[-0.236,6.728],[-0.233,6.74],[-0.233,6.753],[-0.228,6.751],[-0.217,6.748],[-0.212,6.745],[-0.212,6.76],[-0.206,6.76],[-0.193,6.735],[-0.184,6.729],[-0.171,6.732],[-0.165,6.725],[-0.159,6.713],[-0.164,6.708],[-0.173,6.704],[-0.178,6.695],[-0.178,6.662],[-0.174,6.657],[-0.158,6.641],[-0.151,6.636],[-0.144,6.634],[-0.136,6.632],[-0.127,6.632],[-0.116,6.636],[-0.116,6.616],[-0.112,6.617],[-0.109,6.618],[-0.103,6.623],[-0.098,6.619],[-0.097,6.618],[-0.094,6.618],[-0.089,6.623],[-0.087,6.621],[-0.084,6.619],[-0.082,6.617],[-0.083,6.616],[-0.046,6.625],[-0.034,6.657],[-0.034,6.732],[-0.019,6.723],[-0.014,6.718],[-0.018,6.739],[-0.02,6.76],[-0.047,6.762],[-0.064,6.767],[-0.076,6.773],[-0.084,6.782],[-0.074,6.786],[-0.061,6.787],[-0.055,6.794],[-0.062,6.802],[-0.074,6.806],[-0.085,6.812],[-0.089,6.828],[-0.083,6.828],[-0.075,6.818],[-0.063,6.815],[-0.051,6.818],[-0.041,6.828],[-0.047,6.831],[-0.05,6.834],[-0.052,6.838],[-0.055,6.842],[-0.041,6.842],[-0.041,6.849],[-0.049,6.849],[-0.049,6.855],[-0.039,6.857],[-0.034,6.863],[-0.033,6.872],[-0.034,6.884],[-0.028,6.884],[-0.021,6.878],[-0.019,6.872],[-0.018,6.864],[-0.014,6.855],[-0.004,6.842],[0.003,6.836],[0.014,6.828],[0.014,6.855],[0.02,6.851],[0.025,6.847],[0.032,6.844],[0.041,6.842],[0.034,6.856],[0.041,6.859],[0.055,6.86],[0.069,6.863],[0.069,6.873],[0.083,6.884],[0.099,6.889],[0.11,6.884],[0.116,6.884],[0.122,6.909],[0.12,6.918],[0.11,6.924],[0.096,6.926],[0.085,6.922],[0.076,6.914],[0.069,6.904],[0.063,6.905],[0.058,6.907],[0.053,6.911],[0.048,6.917],[0.037,6.911],[0.025,6.907],[0.013,6.904],[-0.0,6.904],[0.009,6.917],[0.014,6.927],[0.021,6.935],[0.038,6.938],[0.052,6.944],[0.055,6.958],[0.048,6.993],[0.106,6.968],[0.116,6.969],[0.119,6.952],[0.123,6.957],[0.128,6.974],[0.131,6.993],[0.126,6.991],[0.126,6.99],[0.126,6.989],[0.124,6.986],[0.113,6.996],[0.11,7.0],[0.103,6.993],[0.066,7.015],[0.061,7.02],[0.069,7.027],[0.083,7.027],[0.098,7.025],[0.11,7.027],[0.075,7.047],[0.093,7.046],[0.108,7.044],[0.122,7.045],[0.131,7.055],[0.098,7.074],[0.089,7.082],[0.087,7.08],[0.086,7.078],[0.085,7.077],[0.083,7.075],[0.088,7.086],[0.088,7.095],[0.083,7.101],[0.069,7.103],[0.069,7.11],[0.086,7.115],[0.093,7.12],[0.096,7.129],[0.09,7.136],[0.08,7.139],[0.075,7.144],[0.083,7.157],[0.071,7.162],[0.061,7.16],[0.053,7.153],[0.048,7.143],[0.04,7.153],[0.037,7.163],[0.037,7.174],[0.041,7.184],[0.035,7.184],[0.026,7.173],[0.016,7.171],[0.006,7.176],[-0.0,7.184],[-0.001,7.196],[0.002,7.21],[0.008,7.223],[0.014,7.233],[0.014,7.222],[0.006,7.202],[0.011,7.192],[0.021,7.192],[0.033,7.198],[0.041,7.206],[0.046,7.2],[0.047,7.202],[0.055,7.206],[0.058,7.199],[0.065,7.191],[0.069,7.184],[0.075,7.184],[0.082,7.201],[0.093,7.204],[0.101,7.195],[0.103,7.178],[0.131,7.226],[0.137,7.224],[0.151,7.221],[0.157,7.219],[0.157,7.226],[0.148,7.232],[0.145,7.241],[0.151,7.266],[0.16,7.263],[0.164,7.257],[0.166,7.249],[0.165,7.239],[0.187,7.261],[0.196,7.274],[0.188,7.28],[0.187,7.286],[0.165,7.321],[0.162,7.316],[0.16,7.312],[0.158,7.308],[0.157,7.301],[0.151,7.301],[0.146,7.304],[0.142,7.305],[0.138,7.303],[0.131,7.294],[0.128,7.318],[0.125,7.33],[0.12,7.335],[0.107,7.339],[0.096,7.349],[0.083,7.369],[0.089,7.376],[0.077,7.39],[0.053,7.429],[0.035,7.438],[0.061,7.453],[0.05,7.452],[0.044,7.454],[0.039,7.459],[0.035,7.465],[0.046,7.467],[0.053,7.472],[0.056,7.482],[0.055,7.493],[0.051,7.49],[0.048,7.488],[0.044,7.485],[0.041,7.479],[-0.003,7.508],[-0.02,7.513],[-0.025,7.51],[-0.029,7.509],[-0.033,7.51],[-0.041,7.513],[-0.05,7.509],[-0.074,7.513],[-0.089,7.513],[-0.05,7.462],[-0.036,7.434],[-0.055,7.425],[-0.055,7.442],[-0.067,7.458],[-0.082,7.468],[-0.093,7.469],[-0.112,7.453],[-0.123,7.448],[-0.133,7.445],[-0.138,7.448],[-0.131,7.456],[-0.121,7.463],[-0.116,7.465],[-0.119,7.486],[-0.133,7.5],[-0.152,7.511],[-0.168,7.524],[-0.181,7.526],[-0.201,7.519],[-0.233,7.5],[-0.235,7.509],[-0.238,7.514],[-0.244,7.518],[-0.254,7.52],[-0.254,7.528],[-0.245,7.527],[-0.228,7.528],[-0.219,7.528],[-0.221,7.532],[-0.224,7.543],[-0.226,7.548],[-0.213,7.546],[-0.21,7.545],[-0.206,7.541],[-0.198,7.541],[-0.192,7.561],[-0.185,7.561],[-0.182,7.547],[-0.171,7.541],[-0.137,7.541],[-0.141,7.55],[-0.144,7.554],[-0.13,7.568],[-0.124,7.554],[-0.114,7.546],[-0.101,7.544],[-0.089,7.548],[-0.088,7.543],[-0.083,7.534],[-0.076,7.536],[-0.072,7.537],[-0.069,7.537],[-0.061,7.534],[-0.055,7.541],[-0.058,7.549],[-0.059,7.552],[-0.057,7.554],[-0.055,7.561],[-0.049,7.561],[-0.048,7.553],[-0.046,7.549],[-0.044,7.546],[-0.041,7.541],[-0.034,7.554],[-0.024,7.539],[-0.015,7.539],[-0.005,7.545],[0.006,7.548],[0.048,7.534],[0.04,7.549],[0.025,7.559],[0.01,7.567],[-0.0,7.575],[-0.013,7.601],[-0.022,7.612],[-0.038,7.616],[-0.052,7.618],[-0.056,7.622],[-0.054,7.629],[-0.055,7.637],[-0.053,7.636],[-0.056,7.645],[-0.059,7.654],[-0.061,7.654],[-0.069,7.662],[-0.087,7.658],[-0.106,7.647],[-0.116,7.637],[-0.124,7.637],[-0.127,7.649],[-0.135,7.651],[-0.144,7.647],[-0.151,7.637],[-0.158,7.64],[-0.161,7.641],[-0.165,7.644],[-0.18,7.639],[-0.223,7.659],[-0.247,7.651],[-0.239,7.65],[-0.219,7.644],[-0.224,7.638],[-0.232,7.632],[-0.247,7.623],[-0.27,7.634],[-0.289,7.625],[-0.304,7.614],[-0.316,7.623],[-0.322,7.623],[-0.335,7.618],[-0.422,7.614],[-0.441,7.606],[-0.456,7.591],[-0.466,7.568],[-0.468,7.575],[-0.471,7.581],[-0.473,7.588],[-0.473,7.596],[-0.478,7.593],[-0.488,7.59],[-0.496,7.589],[-0.5,7.592],[-0.504,7.603],[-0.512,7.601],[-0.521,7.593],[-0.524,7.589],[-0.527,7.583],[-0.551,7.555],[-0.562,7.548],[-0.563,7.554],[-0.565,7.559],[-0.567,7.563],[-0.569,7.568],[-0.576,7.559],[-0.588,7.555],[-0.62,7.554],[-0.634,7.548],[-0.646,7.538],[-0.658,7.532],[-0.672,7.541],[-0.66,7.559],[-0.639,7.567],[-0.572,7.569],[-0.562,7.572],[-0.551,7.579],[-0.541,7.589],[-0.541,7.591],[-0.543,7.596],[-0.543,7.602],[-0.541,7.609],[-0.537,7.613],[-0.53,7.617],[-0.524,7.622],[-0.521,7.63],[-0.514,7.63],[-0.509,7.625],[-0.506,7.624],[-0.502,7.625],[-0.494,7.63],[-0.486,7.619],[-0.475,7.617],[-0.464,7.623],[-0.459,7.634],[-0.452,7.634],[-0.435,7.636],[-0.416,7.642],[-0.404,7.651],[-0.409,7.655],[-0.411,7.661],[-0.411,7.678],[-0.404,7.678],[-0.38,7.654],[-0.363,7.648],[-0.349,7.664],[-0.313,7.649],[-0.287,7.661],[-0.263,7.684],[-0.233,7.699],[-0.233,7.705],[-0.245,7.705],[-0.256,7.708],[-0.266,7.714],[-0.275,7.72],[-0.261,7.722],[-0.231,7.72],[-0.219,7.726],[-0.211,7.719],[-0.2,7.712],[-0.189,7.707],[-0.181,7.705],[-0.176,7.702],[-0.173,7.695],[-0.168,7.692],[-0.157,7.699],[-0.171,7.715],[-0.165,7.723],[-0.154,7.731],[-0.157,7.747],[-0.112,7.736],[-0.091,7.738],[-0.083,7.757],[-0.096,7.763],[-0.157,7.764],[-0.178,7.774],[-0.168,7.773],[-0.16,7.775],[-0.144,7.781],[-0.15,7.79],[-0.159,7.798],[-0.178,7.808],[-0.161,7.811],[-0.139,7.812],[-0.124,7.818],[-0.13,7.835],[-0.15,7.832],[-0.168,7.84],[-0.174,7.855],[-0.157,7.87],[-0.165,7.877],[-0.162,7.908],[-0.167,7.924],[-0.166,7.928],[-0.167,7.931],[-0.174,7.932],[-0.182,7.929],[-0.194,7.919],[-0.198,7.917],[-0.209,7.925],[-0.185,7.963],[-0.178,7.986],[-0.184,7.983],[-0.2,7.976],[-0.206,7.973],[-0.206,7.986],[-0.224,7.986],[-0.241,7.999],[-0.255,8.018],[-0.26,8.038],[-0.269,8.052],[-0.312,8.092],[-0.329,8.103],[-0.33,8.088],[-0.324,8.066],[-0.322,8.052],[-0.346,7.999],[-0.35,7.996],[-0.349,7.983],[-0.353,7.98],[-0.361,7.982],[-0.369,7.986],[-0.377,7.986],[-0.439,7.973],[-0.441,7.969],[-0.443,7.964],[-0.447,7.959],[-0.453,7.959],[-0.458,7.963],[-0.459,7.97],[-0.457,7.977],[-0.449,7.98],[-0.432,7.983],[-0.402,7.996],[-0.388,7.999],[-0.363,8.013],[-0.358,8.041],[-0.368,8.064],[-0.385,8.062],[-0.398,8.07],[-0.413,8.088],[-0.425,8.095],[-0.438,8.098],[-0.454,8.097],[-0.47,8.094],[-0.48,8.09],[-0.5,8.069],[-0.533,8.012],[-0.555,7.993],[-0.55,8.007],[-0.545,8.035],[-0.541,8.048],[-0.535,8.056],[-0.517,8.072],[-0.514,8.079],[-0.514,8.106],[-0.517,8.13],[-0.529,8.152],[-0.555,8.171],[-0.551,8.124],[-0.559,8.109],[-0.601,8.098],[-0.64,8.076],[-0.658,8.068],[-0.658,8.076],[-0.647,8.085],[-0.636,8.101],[-0.633,8.116],[-0.648,8.123],[-0.65,8.12],[-0.679,8.103],[-0.688,8.1],[-0.707,8.097],[-0.716,8.093],[-0.724,8.091],[-0.732,8.095],[-0.738,8.102],[-0.74,8.106],[-0.743,8.109],[-0.75,8.103],[-0.761,8.09],[-0.774,8.103],[-0.771,8.119],[-0.757,8.135],[-0.74,8.144],[-0.709,8.124],[-0.686,8.13],[-0.662,8.146],[-0.63,8.158],[-0.622,8.155],[-0.616,8.148],[-0.608,8.145],[-0.596,8.15],[-0.597,8.156],[-0.592,8.182],[-0.589,8.185],[-0.599,8.195],[-0.615,8.199],[-0.651,8.199],[-0.649,8.226],[-0.697,8.251],[-0.705,8.281],[-0.715,8.279],[-0.72,8.279],[-0.733,8.281],[-0.742,8.279],[-0.743,8.286],[-0.743,8.297],[-0.747,8.309],[-0.757,8.314],[-0.771,8.316],[-0.832,8.316],[-0.848,8.32],[-0.85,8.329],[-0.838,8.334],[-0.788,8.329],[-0.767,8.332],[-0.76,8.335],[-0.774,8.356],[-0.802,8.418],[-0.813,8.433],[-0.869,8.494],[-0.881,8.502],[-0.898,8.507],[-0.894,8.525],[-0.899,8.539],[-0.907,8.554],[-0.915,8.589],[-0.924,8.604],[-0.935,8.615],[-0.946,8.624],[-0.95,8.629],[-0.95,8.633],[-0.952,8.636],[-0.963,8.637],[-0.973,8.64],[-0.989,8.649],[-0.997,8.651],[-1.006,8.655],[-1.016,8.665],[-1.029,8.674],[-1.045,8.679],[-1.059,8.68],[-1.071,8.683],[-1.084,8.684],[-1.103,8.679],[-1.135,8.664],[-1.147,8.654],[-1.152,8.641],[-1.145,8.61],[-1.135,8.581],[-1.134,8.556],[-1.158,8.534],[-1.16,8.574],[-1.185,8.656],[-1.193,8.671],[-1.21,8.664],[-1.255,8.671],[-1.271,8.668],[-1.282,8.663],[-1.287,8.668],[-1.289,8.678],[-1.289,8.689],[-1.293,8.695],[-1.323,8.706],[-1.364,8.741],[-1.37,8.75],[-1.381,8.754],[-1.453,8.754],[-1.472,8.746],[-1.485,8.734],[-1.492,8.718],[-1.494,8.696],[-1.503,8.685],[-1.522,8.671],[-1.556,8.651],[-1.564,8.65],[-1.566,8.652],[-1.569,8.656],[-1.576,8.658],[-1.612,8.657],[-1.64,8.671],[-1.656,8.667],[-1.692,8.634],[-1.701,8.631],[-1.713,8.631],[-1.676,8.681],[-1.652,8.696],[-1.617,8.679],[-1.609,8.684],[-1.589,8.68],[-1.576,8.685],[-1.539,8.675],[-1.519,8.701],[-1.508,8.736],[-1.497,8.754],[-1.488,8.757],[-1.463,8.771],[-1.449,8.775],[-1.415,8.776],[-1.401,8.782],[-1.391,8.795],[-1.389,8.789],[-1.381,8.78],[-1.378,8.775],[-1.371,8.792],[-1.372,8.809],[-1.378,8.843],[-1.365,8.829],[-1.361,8.817],[-1.357,8.781],[-1.348,8.763],[-1.333,8.745],[-1.314,8.735],[-1.295,8.74],[-1.275,8.708],[-1.264,8.694],[-1.247,8.685],[-1.229,8.681],[-1.209,8.68],[-1.061,8.705],[-1.052,8.709],[-1.049,8.716],[-1.044,8.717],[-1.014,8.693],[-1.013,8.731],[-1.017,8.746],[-1.028,8.754],[-1.017,8.764],[-1.025,8.775],[-1.042,8.783],[-1.056,8.788],[-1.07,8.792],[-1.165,8.798],[-1.181,8.804],[-1.172,8.816],[-1.159,8.816],[-1.097,8.809],[-1.114,8.835],[-1.172,8.904],[-1.181,8.928],[-1.185,8.953],[-1.184,8.981],[-1.179,9.007],[-1.165,8.973],[-1.141,9.026],[-1.138,9.045],[-1.14,9.067],[-1.149,9.098],[-1.152,9.117],[-1.128,9.105],[-1.11,9.082],[-1.099,9.053],[-1.097,9.021],[-1.107,8.999],[-1.144,8.963],[-1.152,8.935],[-1.144,8.918],[-1.1,8.85],[-1.086,8.844],[-1.061,8.821],[-1.045,8.816],[-1.037,8.824],[-1.021,8.878],[-1.023,8.825],[-1.019,8.799],[-1.007,8.781],[-1.001,8.788],[-0.992,8.772],[-0.988,8.759],[-0.987,8.723],[-0.985,8.706],[-0.978,8.689],[-0.97,8.675],[-0.96,8.665],[-0.928,8.651],[-0.912,8.641],[-0.905,8.627],[-0.901,8.618],[-0.894,8.613],[-0.887,8.61],[-0.884,8.606],[-0.882,8.595],[-0.879,8.588],[-0.875,8.583],[-0.871,8.576],[-0.866,8.559],[-0.863,8.552],[-0.856,8.548],[-0.846,8.547],[-0.842,8.553],[-0.84,8.562],[-0.833,8.573],[-0.797,8.6],[-0.789,8.615],[-0.796,8.637],[-0.807,8.649],[-0.823,8.658],[-0.837,8.667],[-0.843,8.682],[-0.842,8.694],[-0.838,8.702],[-0.831,8.705],[-0.819,8.706],[-0.813,8.709],[-0.807,8.718],[-0.796,8.753],[-0.795,8.763],[-0.796,8.775],[-0.77,8.755],[-0.782,8.728],[-0.822,8.685],[-0.784,8.68],[-0.766,8.658],[-0.754,8.631],[-0.733,8.61],[-0.733,8.628],[-0.73,8.644],[-0.721,8.657],[-0.705,8.665],[-0.713,8.631],[-0.711,8.616],[-0.699,8.61],[-0.72,8.592],[-0.749,8.583],[-0.776,8.571],[-0.794,8.532],[-0.807,8.526],[-0.82,8.521],[-0.829,8.515],[-0.83,8.499],[-0.824,8.486],[-0.813,8.477],[-0.772,8.463],[-0.754,8.44],[-0.727,8.391],[-0.721,8.386],[-0.705,8.377],[-0.699,8.37],[-0.696,8.363],[-0.692,8.358],[-0.667,8.353],[-0.657,8.348],[-0.65,8.35],[-0.645,8.369],[-0.64,8.359],[-0.64,8.339],[-0.638,8.329],[-0.632,8.324],[-0.623,8.319],[-0.614,8.313],[-0.606,8.296],[-0.596,8.294],[-0.587,8.29],[-0.583,8.278],[-0.578,8.268],[-0.566,8.268],[-0.555,8.275],[-0.548,8.281],[-0.541,8.281],[-0.542,8.265],[-0.551,8.252],[-0.561,8.241],[-0.569,8.226],[-0.54,8.204],[-0.525,8.203],[-0.514,8.226],[-0.514,8.201],[-0.512,8.189],[-0.507,8.178],[-0.49,8.186],[-0.482,8.193],[-0.48,8.206],[-0.469,8.199],[-0.445,8.178],[-0.436,8.184],[-0.427,8.186],[-0.42,8.182],[-0.418,8.171],[-0.398,8.178],[-0.39,8.192],[-0.39,8.208],[-0.391,8.223],[-0.394,8.227],[-0.4,8.231],[-0.404,8.236],[-0.401,8.243],[-0.393,8.247],[-0.372,8.251],[-0.363,8.254],[-0.355,8.245],[-0.349,8.235],[-0.341,8.228],[-0.329,8.226],[-0.321,8.23],[-0.317,8.237],[-0.315,8.248],[-0.316,8.26],[-0.302,8.253],[-0.287,8.25],[-0.26,8.246],[-0.256,8.245],[-0.247,8.237],[-0.24,8.233],[-0.24,8.236],[-0.234,8.241],[-0.226,8.244],[-0.219,8.246],[-0.227,8.228],[-0.189,8.22],[-0.178,8.202],[-0.184,8.176],[-0.216,8.196],[-0.233,8.178],[-0.257,8.194],[-0.269,8.197],[-0.275,8.188],[-0.283,8.181],[-0.3,8.182],[-0.319,8.189],[-0.329,8.199],[-0.331,8.167],[-0.336,8.137],[-0.322,8.144],[-0.311,8.133],[-0.301,8.134],[-0.293,8.14],[-0.288,8.15],[-0.283,8.135],[-0.28,8.122],[-0.273,8.113],[-0.257,8.109],[-0.248,8.105],[-0.243,8.096],[-0.243,8.085],[-0.247,8.076],[-0.226,8.065],[-0.216,8.063],[-0.202,8.062],[-0.194,8.056],[-0.189,8.043],[-0.181,8.036],[-0.168,8.045],[-0.151,8.047],[-0.134,8.027],[-0.11,7.986],[-0.115,7.978],[-0.112,7.971],[-0.103,7.966],[-0.089,7.966],[-0.089,7.959],[-0.095,7.953],[-0.095,7.946],[-0.091,7.939],[-0.083,7.932],[-0.091,7.921],[-0.091,7.906],[-0.084,7.891],[-0.076,7.877],[-0.078,7.873],[-0.082,7.872],[-0.089,7.87],[-0.083,7.868],[-0.079,7.863],[-0.076,7.849],[-0.076,7.842],[-0.078,7.835],[-0.081,7.83],[-0.083,7.829],[-0.078,7.813],[-0.062,7.785],[-0.055,7.767],[-0.039,7.78],[-0.033,7.787],[-0.028,7.795],[-0.019,7.791],[-0.01,7.797],[0.001,7.807],[0.014,7.815],[0.021,7.808],[0.011,7.803],[0.004,7.796],[-0.002,7.787],[-0.007,7.774],[0.011,7.773],[0.021,7.781],[0.027,7.792],[0.035,7.801],[0.035,7.791],[0.039,7.784],[0.046,7.783],[0.055,7.788],[0.058,7.785],[0.059,7.781],[0.06,7.777],[0.061,7.774],[0.066,7.773],[0.083,7.774],[0.071,7.79],[0.075,7.799],[0.084,7.806],[0.089,7.815],[0.084,7.827],[0.076,7.836],[0.069,7.847],[0.069,7.863],[0.058,7.861],[0.048,7.864],[0.04,7.872],[0.041,7.883],[0.048,7.891],[0.055,7.889],[0.062,7.884],[0.069,7.883],[0.072,7.894],[0.064,7.909],[0.041,7.939],[0.054,7.933],[0.061,7.939],[0.06,7.949],[0.048,7.959],[0.048,7.966],[0.07,7.966],[0.09,7.974],[0.105,7.987],[0.11,8.007],[0.103,8.018],[0.073,8.005],[0.055,8.007],[0.06,8.012],[0.07,8.023],[0.075,8.027],[0.054,8.042],[0.04,8.057],[0.039,8.074],[0.061,8.095],[0.063,8.086],[0.069,8.077],[0.077,8.074],[0.09,8.082],[0.094,8.082],[0.099,8.082],[0.103,8.082],[0.11,8.103],[0.126,8.106],[0.14,8.101],[0.145,8.088],[0.137,8.068],[0.183,8.084],[0.192,8.09],[0.186,8.1],[0.144,8.137],[0.15,8.14],[0.151,8.143],[0.144,8.15],[0.154,8.153],[0.16,8.161],[0.163,8.172],[0.165,8.185],[0.151,8.181],[0.135,8.187],[0.122,8.2],[0.116,8.216],[0.106,8.216],[0.089,8.226],[0.084,8.236],[0.11,8.233],[0.107,8.239],[0.103,8.254],[0.111,8.244],[0.12,8.241],[0.129,8.244],[0.137,8.254],[0.169,8.244],[0.183,8.266],[0.183,8.301],[0.171,8.329],[0.181,8.337],[0.191,8.341],[0.203,8.343],[0.216,8.343],[0.229,8.347],[0.229,8.355],[0.223,8.367],[0.219,8.38],[0.207,8.386],[0.131,8.369],[0.103,8.371],[0.089,8.381],[0.084,8.398],[0.083,8.421],[0.08,8.434],[0.075,8.442],[0.072,8.449],[0.075,8.459],[0.082,8.464],[0.116,8.473],[0.116,8.479],[0.101,8.484],[0.089,8.49],[0.081,8.5],[0.075,8.515],[0.078,8.522],[0.085,8.531],[0.087,8.539],[0.072,8.545],[0.077,8.551],[0.086,8.556],[0.089,8.556],[0.11,8.595],[0.116,8.603],[0.13,8.607],[0.14,8.603],[0.149,8.595],[0.165,8.589],[0.159,8.607],[0.145,8.624],[0.133,8.644],[0.137,8.671],[0.146,8.682],[0.157,8.69],[0.167,8.699],[0.171,8.716],[0.169,8.728],[0.166,8.737],[0.167,8.744],[0.178,8.747],[0.189,8.752],[0.2,8.754],[0.211,8.752],[0.219,8.747],[0.203,8.73],[0.198,8.726],[0.206,8.711],[0.198,8.702],[0.185,8.694],[0.178,8.682],[0.172,8.675],[0.16,8.658],[0.154,8.639],[0.161,8.631],[0.18,8.619],[0.181,8.596],[0.165,8.581],[0.131,8.589],[0.114,8.555],[0.11,8.542],[0.109,8.534],[0.11,8.511],[0.112,8.502],[0.117,8.5],[0.124,8.5],[0.131,8.493],[0.134,8.482],[0.135,8.471],[0.131,8.461],[0.124,8.452],[0.117,8.451],[0.1,8.452],[0.096,8.449],[0.099,8.44],[0.105,8.431],[0.109,8.422],[0.106,8.414],[0.109,8.399],[0.141,8.398],[0.233,8.405],[0.247,8.402],[0.253,8.394],[0.26,8.369],[0.261,8.355],[0.253,8.343],[0.263,8.332],[0.276,8.328],[0.288,8.332],[0.295,8.343],[0.301,8.343],[0.298,8.322],[0.286,8.319],[0.269,8.321],[0.253,8.315],[0.238,8.322],[0.22,8.326],[0.204,8.327],[0.192,8.323],[0.2,8.319],[0.207,8.316],[0.216,8.315],[0.226,8.315],[0.221,8.309],[0.209,8.3],[0.206,8.295],[0.205,8.285],[0.207,8.264],[0.206,8.254],[0.194,8.24],[0.158,8.226],[0.144,8.213],[0.162,8.214],[0.221,8.203],[0.218,8.198],[0.21,8.193],[0.206,8.192],[0.188,8.161],[0.177,8.129],[0.205,8.114],[0.267,8.109],[0.269,8.112],[0.271,8.115],[0.274,8.117],[0.281,8.116],[0.269,8.086],[0.264,8.082],[0.253,8.085],[0.236,8.093],[0.23,8.095],[0.213,8.09],[0.195,8.067],[0.131,8.049],[0.124,8.048],[0.125,8.033],[0.135,8.014],[0.15,7.998],[0.165,7.993],[0.155,7.982],[0.129,7.974],[0.124,7.962],[0.118,7.958],[0.087,7.947],[0.075,7.945],[0.119,7.939],[0.131,7.932],[0.132,7.922],[0.12,7.902],[0.116,7.89],[0.124,7.89],[0.137,7.903],[0.158,7.911],[0.177,7.908],[0.185,7.887],[0.182,7.884],[0.168,7.846],[0.162,7.835],[0.157,7.816],[0.151,7.808],[0.151,7.801],[0.167,7.805],[0.178,7.82],[0.186,7.838],[0.198,7.849],[0.192,7.863],[0.198,7.866],[0.201,7.868],[0.204,7.867],[0.212,7.863],[0.21,7.876],[0.209,7.879],[0.206,7.883],[0.212,7.893],[0.22,7.9],[0.23,7.903],[0.243,7.904],[0.248,7.909],[0.259,7.931],[0.267,7.939],[0.275,7.917],[0.269,7.908],[0.262,7.901],[0.252,7.897],[0.24,7.898],[0.24,7.89],[0.244,7.889],[0.247,7.888],[0.253,7.883],[0.247,7.882],[0.233,7.877],[0.243,7.877],[0.251,7.876],[0.267,7.87],[0.267,7.863],[0.248,7.862],[0.239,7.856],[0.242,7.85],[0.26,7.849],[0.26,7.842],[0.251,7.838],[0.251,7.836],[0.247,7.829],[0.237,7.832],[0.229,7.831],[0.22,7.829],[0.206,7.829],[0.218,7.807],[0.236,7.803],[0.254,7.802],[0.267,7.788],[0.267,7.795],[0.273,7.79],[0.276,7.789],[0.281,7.788],[0.273,7.779],[0.269,7.77],[0.269,7.762],[0.275,7.754],[0.281,7.754],[0.284,7.757],[0.288,7.76],[0.289,7.729],[0.286,7.717],[0.275,7.712],[0.278,7.708],[0.28,7.705],[0.282,7.702],[0.288,7.699],[0.279,7.691],[0.274,7.681],[0.267,7.657],[0.282,7.653],[0.286,7.643],[0.286,7.629],[0.288,7.616],[0.275,7.623],[0.275,7.612],[0.277,7.603],[0.283,7.598],[0.295,7.596],[0.289,7.59],[0.284,7.582],[0.281,7.573],[0.281,7.561],[0.269,7.57],[0.247,7.594],[0.233,7.603],[0.239,7.589],[0.246,7.579],[0.25,7.571],[0.247,7.561],[0.241,7.558],[0.206,7.548],[0.212,7.537],[0.221,7.53],[0.232,7.528],[0.247,7.534],[0.253,7.514],[0.245,7.501],[0.235,7.489],[0.233,7.472],[0.242,7.458],[0.251,7.46],[0.261,7.471],[0.268,7.486],[0.285,7.49],[0.292,7.501],[0.292,7.515],[0.288,7.528],[0.301,7.52],[0.308,7.539],[0.308,7.548],[0.312,7.545],[0.322,7.541],[0.322,7.547],[0.322,7.561],[0.322,7.568],[0.329,7.568],[0.33,7.547],[0.321,7.514]],[[0.171,6.698],[0.183,6.723],[0.178,6.743],[0.151,6.78],[0.141,6.768],[0.138,6.762],[0.137,6.753],[0.131,6.76],[0.129,6.757],[0.129,6.755],[0.129,6.753],[0.124,6.753],[0.124,6.767],[0.108,6.762],[0.103,6.76],[0.105,6.763],[0.108,6.77],[0.11,6.773],[0.096,6.773],[0.096,6.78],[0.106,6.786],[0.11,6.794],[0.108,6.804],[0.103,6.814],[0.094,6.815],[0.087,6.814],[0.081,6.812],[0.075,6.808],[0.083,6.794],[0.069,6.801],[0.062,6.782],[0.061,6.773],[0.061,6.76],[0.049,6.765],[0.042,6.775],[0.039,6.787],[0.041,6.801],[0.035,6.801],[0.006,6.76],[-0.003,6.735],[0.006,6.705],[0.021,6.745],[0.028,6.745],[0.032,6.736],[0.033,6.728],[0.031,6.72],[0.028,6.712],[0.039,6.717],[0.049,6.717],[0.057,6.712],[0.061,6.705],[0.061,6.698],[0.054,6.697],[0.05,6.695],[0.046,6.693],[0.041,6.691],[0.046,6.691],[0.061,6.691],[0.055,6.677],[0.065,6.674],[0.073,6.673],[0.079,6.676],[0.083,6.685],[0.089,6.677],[0.093,6.68],[0.096,6.682],[0.098,6.684],[0.103,6.685],[0.096,6.678],[0.091,6.67],[0.089,6.661],[0.089,6.65],[0.096,6.65],[0.104,6.673],[0.126,6.683],[0.151,6.688],[0.171,6.698]]]}},{"type":"Feature","properties":{"name":"Chardara Reservoir","feature":"Reservoir","rank":6,"code":"KAZ"},"geometry":{"type":"Polygon","coordinates":[[[68.438,41.125],[68.451,41.119],[68.456,41.107],[68.426,41.094],[68.417,41.082],[68.369,41.05],[68.359,41.05],[68.324,41.057],[68.3,41.04],[68.273,41.016],[68.231,41.039],[68.218,41.043],[68.211,41.042],[68.192,41.037],[68.17,41.048],[68.117,41.067],[68.095,41.065],[68.082,41.043],[68.071,41.054],[68.059,41.055],[68.046,41.05],[68.034,41.043],[68.021,41.059],[68.013,41.098],[68.003,41.116],[67.959,41.16],[67.951,41.171],[67.949,41.172],[67.931,41.215],[67.93,41.216],[67.927,41.216],[67.921,41.216],[67.914,41.217],[67.91,41.222],[67.912,41.242],[67.928,41.25],[68.012,41.247],[68.029,41.242],[68.044,41.233],[68.081,41.182],[68.092,41.175],[68.11,41.179],[68.138,41.2],[68.158,41.208],[68.18,41.21],[68.24,41.208],[68.25,41.199],[68.263,41.185],[68.275,41.169],[68.281,41.157],[68.335,41.133],[68.35,41.133],[68.384,41.138],[68.393,41.137],[68.408,41.127],[68.438,41.125]]]}},{"type":"Feature","properties":{"name":"Tarbela Dam","feature":"Reservoir","rank":7,"code":"PAK"},"geometry":{"type":"Polygon","coordinates":[[[73.004,34.083],[73.019,34.078],[73.02,34.063],[73.0,34.051],[72.958,34.037],[72.93,34.015],[72.914,34.012],[72.891,34.02],[72.88,34.031],[72.874,34.045],[72.871,34.061],[72.865,34.075],[72.851,34.089],[72.834,34.097],[72.814,34.101],[72.793,34.102],[72.775,34.096],[72.747,34.073],[72.731,34.067],[72.716,34.077],[72.697,34.096],[72.689,34.115],[72.757,34.139],[72.78,34.151],[72.789,34.167],[72.793,34.18],[72.813,34.19],[72.817,34.201],[72.816,34.225],[72.814,34.237],[72.81,34.246],[72.826,34.269],[72.834,34.293],[72.837,34.345],[72.834,34.352],[72.821,34.377],[72.817,34.39],[72.816,34.405],[72.817,34.419],[72.816,34.432],[72.81,34.445],[72.83,34.473],[72.831,34.487],[72.827,34.491],[72.82,34.491],[72.776,34.5],[72.768,34.506],[72.768,34.52],[72.775,34.531],[72.784,34.54],[72.79,34.554],[72.793,34.556],[72.795,34.559],[72.796,34.565],[72.794,34.571],[72.784,34.579],[72.775,34.602],[72.774,34.614],[72.782,34.623],[72.796,34.618],[72.811,34.597],[72.821,34.573],[72.82,34.558],[72.81,34.545],[72.801,34.528],[72.8,34.512],[72.813,34.506],[72.84,34.503],[72.851,34.495],[72.85,34.481],[72.844,34.459],[72.837,34.415],[72.838,34.392],[72.847,34.382],[72.859,34.373],[72.879,34.308],[72.863,34.278],[72.859,34.264],[72.857,34.243],[72.859,34.223],[72.863,34.209],[72.879,34.178],[72.869,34.157],[72.877,34.139],[72.894,34.129],[72.909,34.133],[72.924,34.143],[72.945,34.149],[72.965,34.148],[72.981,34.137],[72.968,34.12],[72.954,34.11],[72.944,34.101],[72.947,34.088],[72.964,34.078],[73.004,34.083]]]}},{"type":"Feature","properties":{"name":"Cahora Bassa","feature":"Reservoir","rank":7,"code":"MOZ"},"geometry":{"type":"Polygon","coordinates":[[[32.704,-15.573],[32.708,-15.573],[32.711,-15.595],[32.703,-15.608],[32.687,-15.609],[32.67,-15.597],[32.643,-15.566],[32.628,-15.563],[32.59,-15.574],[32.571,-15.574],[32.552,-15.571],[32.537,-15.567],[32.544,-15.584],[32.539,-15.596],[32.527,-15.603],[32.509,-15.608],[32.491,-15.609],[32.477,-15.602],[32.448,-15.58],[32.431,-15.596],[32.41,-15.607],[32.396,-15.62],[32.4,-15.642],[32.372,-15.644],[32.352,-15.649],[32.34,-15.656],[32.332,-15.662],[32.322,-15.664],[32.303,-15.656],[32.295,-15.667],[32.281,-15.676],[32.265,-15.679],[32.252,-15.673],[32.241,-15.669],[32.227,-15.672],[32.164,-15.696],[32.153,-15.697],[32.146,-15.704],[32.146,-15.717],[32.142,-15.731],[32.129,-15.737],[32.114,-15.736],[32.078,-15.724],[32.023,-15.717],[32.01,-15.712],[31.988,-15.7],[31.961,-15.695],[31.935,-15.685],[31.909,-15.681],[31.872,-15.669],[31.855,-15.668],[31.846,-15.671],[31.838,-15.677],[31.824,-15.687],[31.798,-15.697],[31.77,-15.704],[31.658,-15.714],[31.629,-15.711],[31.608,-15.7],[31.593,-15.682],[31.585,-15.677],[31.57,-15.676],[31.563,-15.684],[31.556,-15.695],[31.546,-15.701],[31.529,-15.69],[31.533,-15.685],[31.539,-15.674],[31.542,-15.669],[31.533,-15.665],[31.522,-15.664],[31.512,-15.667],[31.508,-15.676],[31.506,-15.687],[31.498,-15.687],[31.489,-15.684],[31.482,-15.683],[31.458,-15.685],[31.435,-15.683],[31.412,-15.676],[31.393,-15.663],[31.386,-15.685],[31.38,-15.696],[31.371,-15.694],[31.355,-15.679],[31.337,-15.671],[31.329,-15.683],[31.323,-15.717],[31.308,-15.706],[31.294,-15.7],[31.279,-15.7],[31.262,-15.707],[31.256,-15.714],[31.258,-15.722],[31.263,-15.729],[31.272,-15.731],[31.277,-15.735],[31.272,-15.744],[31.258,-15.758],[31.247,-15.776],[31.237,-15.784],[31.207,-15.799],[31.193,-15.811],[31.159,-15.861],[31.15,-15.848],[31.145,-15.824],[31.144,-15.798],[31.149,-15.782],[31.16,-15.777],[31.188,-15.778],[31.2,-15.772],[31.209,-15.761],[31.213,-15.75],[31.214,-15.738],[31.214,-15.724],[31.191,-15.735],[31.182,-15.737],[31.169,-15.737],[31.089,-15.726],[31.036,-15.703],[30.993,-15.696],[30.96,-15.683],[30.906,-15.676],[30.892,-15.672],[30.851,-15.656],[30.836,-15.655],[30.824,-15.656],[30.811,-15.654],[30.797,-15.642],[30.81,-15.633],[30.818,-15.629],[30.827,-15.63],[31.002,-15.681],[31.041,-15.687],[31.096,-15.707],[31.125,-15.711],[31.141,-15.711],[31.158,-15.709],[31.172,-15.703],[31.183,-15.69],[31.197,-15.68],[31.227,-15.69],[31.235,-15.676],[31.253,-15.681],[31.272,-15.652],[31.29,-15.652],[31.308,-15.654],[31.322,-15.644],[31.33,-15.627],[31.331,-15.608],[31.346,-15.616],[31.365,-15.617],[31.431,-15.611],[31.437,-15.615],[31.446,-15.625],[31.455,-15.624],[31.464,-15.619],[31.475,-15.615],[31.484,-15.616],[31.502,-15.621],[31.508,-15.621],[31.517,-15.619],[31.534,-15.61],[31.543,-15.608],[31.563,-15.608],[31.581,-15.609],[31.596,-15.617],[31.605,-15.635],[31.61,-15.624],[31.619,-15.616],[31.628,-15.614],[31.632,-15.625],[31.63,-15.651],[31.635,-15.657],[31.649,-15.645],[31.66,-15.634],[31.668,-15.627],[31.678,-15.624],[31.831,-15.606],[31.856,-15.599],[31.885,-15.588],[31.9,-15.587],[31.913,-15.594],[31.935,-15.616],[31.947,-15.62],[31.979,-15.588],[32.004,-15.598],[32.031,-15.617],[32.057,-15.628],[32.071,-15.626],[32.079,-15.621],[32.094,-15.604],[32.106,-15.597],[32.118,-15.594],[32.174,-15.591],[32.276,-15.569],[32.285,-15.564],[32.314,-15.536],[32.324,-15.529],[32.337,-15.523],[32.352,-15.518],[32.35,-15.524],[32.348,-15.533],[32.344,-15.539],[32.384,-15.552],[32.396,-15.553],[32.41,-15.55],[32.427,-15.536],[32.441,-15.532],[32.447,-15.534],[32.457,-15.543],[32.462,-15.546],[32.47,-15.546],[32.482,-15.54],[32.489,-15.539],[32.5,-15.54],[32.527,-15.548],[32.537,-15.553],[32.544,-15.541],[32.552,-15.54],[32.561,-15.543],[32.571,-15.542],[32.574,-15.539],[32.584,-15.528],[32.585,-15.525],[32.593,-15.528],[32.598,-15.532],[32.601,-15.536],[32.606,-15.539],[32.642,-15.545],[32.663,-15.543],[32.681,-15.532],[32.681,-15.559],[32.683,-15.565],[32.681,-15.569],[32.68,-15.572],[32.687,-15.573],[32.704,-15.573]]]}},{"type":"Feature","properties":{"name":"Roseires Reservoir","feature":"Reservoir","rank":7,"code":"SDN"},"geometry":{"type":"Polygon","coordinates":[[[34.329,11.594],[34.319,11.622],[34.352,11.632],[34.346,11.655],[34.335,11.672],[34.328,11.69],[34.331,11.714],[34.341,11.735],[34.356,11.758],[34.374,11.779],[34.393,11.789],[34.42,11.792],[34.444,11.799],[34.464,11.799],[34.483,11.783],[34.489,11.76],[34.489,11.727],[34.482,11.703],[34.462,11.708],[34.456,11.717],[34.452,11.728],[34.446,11.733],[34.435,11.728],[34.43,11.718],[34.428,11.687],[34.424,11.677],[34.417,11.664],[34.423,11.654],[34.441,11.638],[34.455,11.601],[34.462,11.591],[34.483,11.574],[34.529,11.553],[34.548,11.529],[34.563,11.504],[34.581,11.485],[34.651,11.437],[34.671,11.416],[34.682,11.41],[34.697,11.406],[34.71,11.399],[34.716,11.385],[34.721,11.356],[34.734,11.332],[34.754,11.313],[34.778,11.296],[34.737,11.296],[34.707,11.323],[34.682,11.361],[34.655,11.392],[34.639,11.402],[34.586,11.423],[34.566,11.435],[34.55,11.45],[34.521,11.484],[34.504,11.496],[34.488,11.499],[34.472,11.498],[34.455,11.502],[34.439,11.515],[34.427,11.531],[34.414,11.544],[34.394,11.55],[34.361,11.564],[34.329,11.594]]]}},{"type":"Feature","properties":{"name":"Assad","feature":"Reservoir","rank":7,"code":"SYR"},"geometry":{"type":"Polygon","coordinates":[[[38.558,35.889],[38.567,35.889],[38.574,35.89],[38.565,35.873],[38.561,35.865],[38.56,35.853],[38.554,35.851],[38.519,35.836],[38.519,35.843],[38.512,35.843],[38.504,35.833],[38.458,35.801],[38.45,35.801],[38.442,35.812],[38.432,35.811],[38.421,35.807],[38.409,35.809],[38.41,35.815],[38.402,35.833],[38.394,35.847],[38.389,35.84],[38.385,35.836],[38.366,35.825],[38.361,35.819],[38.368,35.788],[38.368,35.774],[38.361,35.774],[38.358,35.789],[38.35,35.794],[38.327,35.794],[38.326,35.792],[38.319,35.787],[38.31,35.785],[38.306,35.791],[38.309,35.799],[38.317,35.804],[38.324,35.807],[38.327,35.812],[38.33,35.823],[38.335,35.83],[38.335,35.836],[38.327,35.85],[38.318,35.859],[38.308,35.866],[38.294,35.869],[38.276,35.87],[38.254,35.878],[38.224,35.915],[38.204,35.932],[38.192,35.936],[38.16,35.944],[38.146,35.945],[38.134,35.949],[38.117,35.966],[38.108,35.973],[38.113,35.982],[38.11,35.99],[38.102,35.992],[38.094,35.986],[38.088,35.986],[38.074,35.994],[38.074,36.0],[38.087,36.008],[38.08,36.015],[38.053,36.027],[38.044,36.037],[38.025,36.062],[38.019,36.076],[38.015,36.113],[38.025,36.146],[38.042,36.172],[38.08,36.21],[38.084,36.213],[38.091,36.216],[38.093,36.223],[38.092,36.232],[38.094,36.24],[38.104,36.25],[38.115,36.257],[38.142,36.268],[38.144,36.265],[38.152,36.262],[38.159,36.263],[38.163,36.271],[38.164,36.276],[38.173,36.293],[38.177,36.301],[38.175,36.331],[38.179,36.343],[38.189,36.336],[38.197,36.336],[38.222,36.281],[38.226,36.252],[38.2,36.24],[38.175,36.234],[38.144,36.217],[38.125,36.195],[38.136,36.172],[38.1,36.143],[38.094,36.134],[38.097,36.121],[38.111,36.084],[38.118,36.072],[38.126,36.066],[38.143,36.059],[38.149,36.055],[38.154,36.048],[38.158,36.036],[38.163,36.027],[38.169,36.018],[38.175,36.014],[38.189,36.007],[38.194,36.006],[38.205,36.007],[38.21,36.007],[38.213,36.004],[38.216,35.999],[38.218,35.995],[38.217,35.994],[38.229,35.992],[38.255,35.994],[38.255,35.989],[38.261,35.979],[38.268,35.97],[38.282,35.967],[38.351,35.94],[38.361,35.93],[38.372,35.92],[38.389,35.918],[38.405,35.928],[38.411,35.958],[38.424,35.966],[38.425,35.958],[38.43,35.945],[38.437,35.945],[38.437,35.953],[38.443,35.953],[38.452,35.932],[38.464,35.912],[38.469,35.908],[38.473,35.908],[38.477,35.905],[38.478,35.894],[38.481,35.888],[38.489,35.892],[38.496,35.9],[38.498,35.904],[38.504,35.901],[38.514,35.892],[38.516,35.89],[38.533,35.896],[38.533,35.898],[38.54,35.904],[38.544,35.904],[38.546,35.894],[38.55,35.89],[38.558,35.889]]]}},{"type":"Feature","properties":{"name":"Keban Dam","feature":"Reservoir","rank":7,"code":"TUR"},"geometry":{"type":"Polygon","coordinates":[[[39.851,38.69],[39.861,38.691],[39.862,38.672],[39.847,38.641],[39.819,38.619],[39.785,38.61],[39.752,38.618],[39.747,38.623],[39.738,38.634],[39.732,38.638],[39.722,38.64],[39.711,38.64],[39.702,38.641],[39.698,38.649],[39.688,38.655],[39.622,38.645],[39.599,38.652],[39.587,38.653],[39.586,38.65],[39.544,38.627],[39.416,38.593],[39.371,38.593],[39.354,38.612],[39.365,38.624],[39.407,38.639],[39.426,38.659],[39.467,38.682],[39.478,38.7],[39.478,38.71],[39.477,38.721],[39.472,38.741],[39.472,38.745],[39.473,38.75],[39.474,38.755],[39.472,38.763],[39.467,38.764],[39.453,38.762],[39.451,38.765],[39.443,38.78],[39.423,38.776],[39.401,38.765],[39.383,38.763],[39.379,38.768],[39.373,38.788],[39.368,38.796],[39.356,38.804],[39.346,38.806],[39.324,38.803],[39.306,38.807],[39.288,38.817],[39.259,38.837],[39.256,38.841],[39.254,38.846],[39.251,38.852],[39.245,38.858],[39.24,38.855],[39.235,38.852],[39.229,38.851],[39.219,38.851],[39.219,38.844],[39.224,38.834],[39.22,38.829],[39.21,38.828],[39.197,38.83],[39.174,38.852],[39.163,38.858],[39.135,38.866],[39.117,38.861],[39.105,38.846],[39.095,38.823],[39.081,38.836],[39.079,38.854],[39.084,38.878],[39.064,38.88],[39.053,38.878],[39.047,38.875],[39.043,38.87],[39.038,38.866],[39.03,38.864],[39.009,38.87],[38.997,38.879],[38.985,38.881],[38.968,38.868],[38.96,38.865],[38.951,38.869],[38.941,38.875],[38.93,38.878],[38.927,38.876],[38.923,38.871],[38.916,38.866],[38.906,38.864],[38.895,38.864],[38.889,38.863],[38.884,38.861],[38.868,38.843],[38.855,38.844],[38.848,38.847],[38.846,38.852],[38.841,38.856],[38.831,38.858],[38.81,38.859],[38.801,38.856],[38.793,38.851],[38.789,38.836],[38.787,38.818],[38.78,38.808],[38.759,38.816],[38.75,38.83],[38.753,38.843],[38.764,38.853],[38.779,38.858],[38.773,38.871],[38.761,38.88],[38.747,38.887],[38.735,38.895],[38.725,38.899],[38.714,38.895],[38.7,38.892],[38.683,38.899],[38.667,38.899],[38.649,38.928],[38.639,38.964],[38.642,38.988],[38.651,38.987],[38.657,38.972],[38.662,38.955],[38.666,38.947],[38.671,38.943],[38.678,38.924],[38.681,38.92],[38.715,38.92],[38.726,38.925],[38.74,38.937],[38.759,38.96],[38.766,38.971],[38.77,38.985],[38.768,38.996],[38.755,39.002],[38.743,39.004],[38.712,39.017],[38.704,39.022],[38.7,39.033],[38.71,39.034],[38.727,39.03],[38.746,39.03],[38.746,39.036],[38.741,39.044],[38.736,39.066],[38.732,39.077],[38.74,39.078],[38.745,39.079],[38.749,39.078],[38.751,39.077],[38.76,39.071],[38.764,39.059],[38.766,39.048],[38.769,39.043],[38.771,39.038],[38.801,39.017],[38.806,39.015],[38.81,39.002],[38.809,38.992],[38.809,38.982],[38.817,38.971],[38.847,38.94],[38.83,38.928],[38.818,38.924],[38.786,38.927],[38.786,38.92],[38.819,38.914],[38.827,38.913],[38.875,38.92],[38.875,38.927],[38.869,38.929],[38.861,38.937],[38.855,38.94],[38.868,38.964],[38.876,38.971],[38.875,38.979],[38.874,38.988],[38.875,38.995],[38.88,38.997],[38.887,38.998],[38.893,39.0],[38.896,39.005],[38.897,39.012],[38.909,39.03],[38.916,39.03],[38.903,38.982],[38.896,38.967],[38.907,38.952],[38.911,38.939],[38.921,38.93],[38.947,38.927],[38.957,38.93],[38.956,38.938],[38.951,38.948],[38.954,38.957],[38.963,38.96],[38.968,38.953],[38.973,38.942],[38.978,38.933],[38.987,38.927],[38.992,38.925],[39.005,38.927],[39.006,38.931],[39.014,38.938],[39.022,38.938],[39.029,38.912],[39.036,38.903],[39.046,38.898],[39.069,38.908],[39.08,38.904],[39.095,38.892],[39.181,38.885],[39.191,38.883],[39.21,38.874],[39.222,38.871],[39.235,38.874],[39.239,38.88],[39.24,38.886],[39.245,38.892],[39.262,38.892],[39.27,38.879],[39.277,38.865],[39.29,38.858],[39.296,38.854],[39.303,38.844],[39.312,38.834],[39.324,38.83],[39.346,38.828],[39.368,38.823],[39.38,38.815],[39.39,38.806],[39.398,38.794],[39.403,38.782],[39.41,38.782],[39.422,38.791],[39.436,38.788],[39.45,38.78],[39.461,38.776],[39.479,38.776],[39.492,38.778],[39.502,38.782],[39.511,38.792],[39.524,38.811],[39.526,38.813],[39.53,38.816],[39.55,38.817],[39.557,38.82],[39.575,38.836],[39.581,38.845],[39.587,38.858],[39.594,38.876],[39.596,38.89],[39.595,38.917],[39.589,38.929],[39.579,38.944],[39.577,38.955],[39.595,38.954],[39.616,38.937],[39.618,38.907],[39.611,38.875],[39.602,38.851],[39.631,38.847],[39.655,38.848],[39.705,38.858],[39.728,38.86],[39.776,38.856],[39.801,38.858],[39.763,38.845],[39.618,38.836],[39.601,38.833],[39.595,38.83],[39.584,38.823],[39.577,38.816],[39.57,38.811],[39.537,38.809],[39.53,38.806],[39.523,38.8],[39.492,38.763],[39.488,38.75],[39.487,38.741],[39.488,38.733],[39.497,38.708],[39.501,38.702],[39.516,38.69],[39.531,38.681],[39.557,38.674],[39.602,38.666],[39.681,38.672],[39.701,38.668],[39.731,38.649],[39.752,38.645],[39.824,38.663],[39.836,38.67],[39.841,38.68],[39.851,38.69]]]}},{"type":"Feature","properties":{"name":"Kayrakkum","feature":"Reservoir","rank":7,"code":"TJK"},"geometry":{"type":"Polygon","coordinates":[[[70.373,40.412],[70.382,40.404],[70.385,40.4],[70.371,40.365],[70.362,40.357],[70.35,40.349],[70.34,40.341],[70.336,40.328],[70.326,40.315],[70.301,40.304],[70.183,40.266],[70.161,40.262],[70.152,40.264],[70.13,40.274],[70.12,40.276],[70.108,40.274],[70.081,40.265],[69.912,40.232],[69.87,40.236],[69.85,40.242],[69.831,40.251],[69.822,40.265],[69.832,40.286],[69.851,40.297],[69.925,40.304],[70.137,40.365],[70.183,40.389],[70.196,40.392],[70.199,40.395],[70.204,40.403],[70.206,40.406],[70.217,40.409],[70.224,40.409],[70.266,40.401],[70.279,40.402],[70.292,40.41],[70.303,40.415],[70.318,40.414],[70.332,40.411],[70.343,40.406],[70.288,40.372],[70.308,40.377],[70.329,40.38],[70.342,40.383],[70.347,40.391],[70.35,40.414],[70.349,40.416],[70.352,40.427],[70.355,40.435],[70.357,40.431],[70.358,40.428],[70.372,40.413],[70.371,40.414],[70.373,40.412]]]}},{"type":"Feature","properties":{"name":"Gobind Sagar","feature":"Reservoir","rank":7,"code":"IND"},"geometry":{"type":"Polygon","coordinates":[[[76.766,31.261],[76.779,31.24],[76.784,31.217],[76.762,31.234],[76.726,31.293],[76.705,31.306],[76.703,31.3],[76.698,31.273],[76.696,31.265],[76.685,31.26],[76.671,31.257],[76.648,31.258],[76.639,31.262],[76.621,31.267],[76.613,31.271],[76.606,31.277],[76.599,31.286],[76.545,31.338],[76.538,31.35],[76.532,31.354],[76.494,31.388],[76.482,31.394],[76.47,31.406],[76.456,31.418],[76.435,31.422],[76.443,31.429],[76.407,31.498],[76.385,31.523],[76.373,31.532],[76.359,31.539],[76.371,31.551],[76.37,31.567],[76.362,31.585],[76.353,31.6],[76.372,31.592],[76.384,31.572],[76.392,31.548],[76.404,31.528],[76.429,31.5],[76.444,31.488],[76.462,31.484],[76.459,31.467],[76.467,31.458],[76.477,31.451],[76.483,31.44],[76.489,31.438],[76.516,31.411],[76.553,31.366],[76.562,31.361],[76.6,31.322],[76.606,31.31],[76.611,31.299],[76.622,31.289],[76.636,31.282],[76.648,31.278],[76.666,31.279],[76.678,31.286],[76.681,31.295],[76.672,31.299],[76.667,31.304],[76.612,31.351],[76.579,31.388],[76.586,31.395],[76.597,31.38],[76.617,31.365],[76.64,31.357],[76.661,31.361],[76.66,31.349],[76.664,31.34],[76.67,31.332],[76.675,31.32],[76.698,31.321],[76.721,31.313],[76.736,31.316],[76.736,31.347],[76.742,31.359],[76.742,31.365],[76.733,31.368],[76.725,31.369],[76.718,31.372],[76.715,31.378],[76.719,31.385],[76.729,31.394],[76.739,31.402],[76.751,31.407],[76.765,31.409],[76.757,31.402],[76.751,31.395],[76.746,31.388],[76.744,31.381],[76.752,31.387],[76.76,31.389],[76.769,31.387],[76.778,31.381],[76.761,31.361],[76.751,31.314],[76.736,31.299],[76.766,31.261]]]}},{"type":"Feature","properties":{"name":"Hirakud Dam","feature":"Reservoir","rank":7,"code":"IND"},"geometry":{"type":"Polygon","coordinates":[[[83.991,21.657],[84.018,21.628],[84.035,21.616],[83.977,21.566],[83.94,21.547],[83.911,21.555],[83.89,21.546],[83.87,21.534],[83.855,21.518],[83.85,21.496],[83.843,21.482],[83.826,21.481],[83.805,21.489],[83.788,21.499],[83.747,21.572],[83.721,21.606],[83.691,21.603],[83.685,21.603],[83.678,21.622],[83.686,21.628],[83.699,21.631],[83.706,21.64],[83.699,21.656],[83.671,21.679],[83.665,21.695],[83.59,21.719],[83.575,21.726],[83.54,21.709],[83.531,21.697],[83.527,21.675],[83.52,21.66],[83.484,21.625],[83.473,21.609],[83.456,21.63],[83.391,21.682],[83.377,21.684],[83.346,21.681],[83.314,21.683],[83.295,21.699],[83.397,21.701],[83.411,21.699],[83.427,21.689],[83.459,21.663],[83.476,21.658],[83.489,21.663],[83.499,21.676],[83.505,21.692],[83.507,21.702],[83.507,21.722],[83.506,21.734],[83.498,21.742],[83.479,21.754],[83.492,21.76],[83.507,21.759],[83.519,21.754],[83.527,21.747],[83.536,21.764],[83.547,21.781],[83.558,21.768],[83.611,21.769],[83.63,21.76],[83.637,21.76],[83.644,21.781],[83.653,21.776],[83.664,21.762],[83.675,21.754],[83.695,21.752],[83.702,21.746],[83.708,21.737],[83.719,21.726],[83.73,21.732],[83.738,21.731],[83.746,21.728],[83.757,21.726],[83.768,21.722],[83.765,21.715],[83.754,21.702],[83.759,21.684],[83.771,21.661],[83.784,21.649],[83.795,21.664],[83.819,21.642],[83.829,21.636],[83.836,21.644],[83.821,21.655],[83.812,21.664],[83.809,21.671],[83.815,21.677],[83.85,21.692],[83.852,21.674],[83.863,21.673],[83.872,21.682],[83.871,21.699],[83.881,21.697],[83.891,21.694],[83.898,21.689],[83.905,21.685],[83.901,21.674],[83.897,21.636],[83.894,21.636],[83.886,21.629],[83.882,21.62],[83.887,21.616],[83.897,21.616],[83.901,21.615],[83.905,21.603],[83.916,21.609],[83.927,21.614],[83.935,21.612],[83.938,21.599],[83.942,21.598],[83.947,21.603],[83.95,21.615],[83.945,21.63],[83.958,21.646],[83.951,21.682],[83.925,21.747],[83.923,21.751],[83.915,21.757],[83.909,21.765],[83.905,21.774],[83.918,21.777],[83.934,21.775],[83.947,21.768],[83.952,21.757],[83.958,21.74],[83.97,21.732],[83.984,21.726],[83.993,21.713],[84.013,21.717],[84.019,21.705],[84.015,21.693],[84.003,21.695],[83.987,21.706],[83.983,21.697],[83.983,21.68],[83.98,21.664],[83.991,21.657]]]}},{"type":"Feature","properties":{"name":"Nagarjuna Sagar Dam","feature":"Reservoir","rank":7,"code":"IND"},"geometry":{"type":"Polygon","coordinates":[[[79.314,16.596],[79.321,16.58],[79.313,16.58],[79.319,16.56],[79.305,16.549],[79.269,16.535],[79.265,16.527],[79.267,16.506],[79.265,16.497],[79.256,16.491],[79.246,16.49],[79.235,16.491],[79.224,16.49],[79.224,16.484],[79.23,16.482],[79.239,16.479],[79.245,16.477],[79.24,16.466],[79.227,16.45],[79.224,16.439],[79.225,16.416],[79.222,16.405],[79.217,16.395],[79.225,16.378],[79.235,16.364],[79.259,16.34],[79.232,16.315],[79.227,16.271],[79.214,16.228],[79.166,16.209],[79.153,16.211],[79.121,16.223],[79.083,16.223],[79.073,16.226],[79.048,16.24],[79.039,16.244],[79.026,16.243],[79.017,16.24],[78.997,16.23],[79.005,16.248],[79.014,16.253],[79.042,16.251],[79.051,16.249],[79.066,16.239],[79.073,16.237],[79.082,16.237],[79.097,16.243],[79.104,16.244],[79.136,16.238],[79.163,16.228],[79.188,16.226],[79.211,16.244],[79.221,16.267],[79.226,16.297],[79.224,16.327],[79.214,16.35],[79.202,16.359],[79.156,16.381],[79.121,16.413],[79.107,16.422],[79.152,16.405],[79.171,16.392],[79.19,16.374],[79.194,16.384],[79.196,16.415],[79.209,16.448],[79.211,16.456],[79.209,16.47],[79.203,16.472],[79.197,16.472],[79.19,16.477],[79.184,16.492],[79.186,16.498],[79.192,16.501],[79.196,16.511],[79.198,16.52],[79.199,16.521],[79.195,16.519],[79.142,16.518],[79.124,16.522],[79.108,16.531],[79.102,16.543],[79.115,16.559],[79.105,16.568],[79.056,16.594],[79.048,16.601],[79.032,16.621],[79.057,16.617],[79.081,16.603],[79.104,16.594],[79.128,16.6],[79.134,16.589],[79.144,16.581],[79.156,16.575],[79.169,16.573],[79.166,16.584],[79.164,16.602],[79.165,16.617],[79.173,16.617],[79.181,16.604],[79.185,16.576],[79.19,16.565],[79.2,16.561],[79.208,16.569],[79.221,16.59],[79.231,16.596],[79.255,16.6],[79.265,16.606],[79.259,16.617],[79.236,16.625],[79.224,16.634],[79.234,16.634],[79.24,16.636],[79.251,16.642],[79.237,16.655],[79.245,16.662],[79.259,16.657],[79.275,16.657],[79.288,16.654],[79.293,16.638],[79.296,16.623],[79.314,16.596]]]}},{"type":"Feature","properties":{"name":"Danjiangkou Shuiku","feature":"Reservoir","rank":7,"code":"CHN"},"geometry":{"type":"Polygon","coordinates":[[[111.679,32.666],[111.69,32.658],[111.692,32.649],[111.684,32.643],[111.67,32.642],[111.624,32.65],[111.604,32.649],[111.521,32.637],[111.505,32.627],[111.491,32.607],[111.482,32.579],[111.476,32.567],[111.466,32.558],[111.456,32.557],[111.446,32.56],[111.435,32.563],[111.423,32.558],[111.407,32.55],[111.387,32.543],[111.367,32.539],[111.352,32.539],[111.343,32.546],[111.337,32.555],[111.33,32.562],[111.316,32.564],[111.304,32.559],[111.293,32.548],[111.275,32.525],[111.255,32.508],[111.25,32.518],[111.256,32.541],[111.269,32.564],[111.285,32.585],[111.285,32.591],[111.272,32.593],[111.248,32.602],[111.214,32.641],[111.193,32.65],[111.174,32.629],[111.157,32.56],[111.139,32.534],[111.106,32.534],[111.092,32.542],[111.082,32.554],[111.08,32.567],[111.089,32.577],[111.099,32.576],[111.11,32.569],[111.121,32.565],[111.133,32.572],[111.137,32.584],[111.132,32.597],[111.124,32.608],[111.119,32.621],[111.121,32.634],[111.135,32.67],[111.117,32.663],[111.078,32.687],[111.053,32.689],[111.028,32.701],[111.006,32.724],[111.0,32.741],[111.023,32.736],[111.031,32.728],[111.034,32.72],[111.039,32.713],[111.053,32.709],[111.066,32.714],[111.079,32.724],[111.092,32.732],[111.108,32.73],[111.124,32.725],[111.153,32.719],[111.166,32.712],[111.168,32.708],[111.169,32.694],[111.172,32.688],[111.181,32.682],[111.393,32.592],[111.411,32.59],[111.422,32.595],[111.42,32.604],[111.416,32.613],[111.42,32.619],[111.432,32.616],[111.457,32.597],[111.47,32.596],[111.478,32.605],[111.482,32.619],[111.481,32.634],[111.479,32.647],[111.472,32.66],[111.451,32.685],[111.446,32.7],[111.446,32.711],[111.448,32.723],[111.454,32.73],[111.465,32.726],[111.489,32.712],[111.493,32.718],[111.484,32.753],[111.491,32.778],[111.517,32.837],[111.517,32.864],[111.506,32.879],[111.486,32.895],[111.445,32.92],[111.318,32.969],[111.256,33.004],[111.225,33.057],[111.242,33.05],[111.304,33.003],[111.325,32.991],[111.345,32.984],[111.388,32.974],[111.421,32.962],[111.439,32.957],[111.454,32.96],[111.459,32.969],[111.459,32.991],[111.463,32.997],[111.471,32.992],[111.512,32.953],[111.511,32.947],[111.504,32.943],[111.5,32.939],[111.506,32.92],[111.529,32.894],[111.541,32.876],[111.548,32.852],[111.549,32.836],[111.558,32.826],[111.61,32.81],[111.63,32.796],[111.645,32.775],[111.647,32.751],[111.64,32.734],[111.627,32.714],[111.623,32.702],[111.641,32.71],[111.648,32.71],[111.651,32.701],[111.653,32.689],[111.657,32.679],[111.679,32.666]]]}},{"type":"Feature","properties":{"name":"Kapchagay","feature":"Reservoir","rank":7,"code":"KAZ"},"geometry":{"type":"Polygon","coordinates":[[[78.011,43.782],[78.005,43.779],[77.997,43.771],[78.001,43.771],[78.006,43.766],[78.008,43.76],[78.008,43.754],[77.99,43.744],[77.894,43.741],[77.886,43.761],[77.866,43.768],[77.819,43.765],[77.742,43.777],[77.727,43.775],[77.707,43.767],[77.681,43.771],[77.635,43.784],[77.508,43.779],[77.361,43.805],[77.343,43.816],[77.323,43.823],[77.293,43.821],[77.25,43.812],[77.234,43.814],[77.207,43.823],[77.192,43.826],[77.178,43.822],[77.155,43.809],[77.142,43.806],[77.15,43.827],[77.139,43.844],[77.122,43.857],[77.114,43.871],[77.117,43.878],[77.132,43.903],[77.138,43.908],[77.152,43.907],[77.176,43.902],[77.189,43.901],[77.235,43.905],[77.258,43.91],[77.274,43.919],[77.289,43.929],[77.312,43.94],[77.335,43.948],[77.353,43.95],[77.362,43.946],[77.377,43.934],[77.387,43.929],[77.428,43.929],[77.449,43.919],[77.67,43.874],[77.897,43.857],[77.956,43.867],[78.012,43.886],[78.038,43.891],[78.066,43.887],[78.105,43.876],[78.121,43.874],[78.15,43.878],[78.162,43.877],[78.176,43.867],[78.159,43.863],[78.14,43.854],[78.107,43.832],[78.093,43.84],[78.082,43.838],[78.054,43.814],[78.05,43.812],[78.042,43.812],[78.038,43.809],[78.034,43.795],[78.032,43.791],[78.011,43.782]]]}},{"type":"Feature","properties":{"name":"Bloemhof Dam","feature":"Reservoir","rank":7,"code":"ZAF"},"geometry":{"type":"Polygon","coordinates":[[[26.093,-27.607],[26.094,-27.612],[26.095,-27.613],[26.093,-27.623],[26.089,-27.631],[26.084,-27.638],[26.078,-27.644],[26.072,-27.655],[26.076,-27.664],[26.083,-27.673],[26.088,-27.682],[26.09,-27.703],[26.086,-27.721],[26.073,-27.733],[26.05,-27.737],[26.012,-27.723],[25.996,-27.661],[25.961,-27.647],[25.949,-27.644],[25.927,-27.63],[25.907,-27.627],[25.899,-27.628],[25.893,-27.632],[25.887,-27.634],[25.876,-27.634],[25.864,-27.629],[25.856,-27.622],[25.85,-27.614],[25.842,-27.607],[25.823,-27.597],[25.802,-27.594],[25.781,-27.598],[25.763,-27.61],[25.751,-27.626],[25.757,-27.635],[25.77,-27.644],[25.781,-27.661],[25.717,-27.649],[25.704,-27.655],[25.711,-27.665],[25.744,-27.702],[25.749,-27.71],[25.76,-27.717],[25.775,-27.736],[25.789,-27.757],[25.794,-27.774],[25.801,-27.787],[25.816,-27.797],[25.836,-27.804],[25.855,-27.805],[25.845,-27.812],[25.824,-27.816],[25.814,-27.819],[25.811,-27.827],[25.801,-27.841],[25.791,-27.848],[25.783,-27.826],[25.763,-27.815],[25.759,-27.809],[25.758,-27.798],[25.754,-27.787],[25.749,-27.777],[25.745,-27.771],[25.711,-27.75],[25.695,-27.737],[25.687,-27.732],[25.674,-27.73],[25.649,-27.73],[25.63,-27.726],[25.618,-27.714],[25.615,-27.689],[25.63,-27.656],[25.662,-27.627],[25.7,-27.602],[25.794,-27.561],[25.852,-27.551],[25.86,-27.556],[25.863,-27.566],[25.864,-27.578],[25.869,-27.586],[25.881,-27.591],[25.892,-27.59],[25.903,-27.587],[25.917,-27.586],[25.933,-27.59],[25.956,-27.604],[26.0,-27.612],[26.014,-27.617],[26.02,-27.624],[26.019,-27.655],[26.023,-27.667],[26.033,-27.675],[26.051,-27.638],[26.054,-27.63],[26.058,-27.624],[26.081,-27.607],[26.088,-27.6],[26.093,-27.607]]]}},{"type":"Feature","properties":{"name":"Vaal Dam","feature":"Reservoir","rank":7,"code":"ZAF"},"geometry":{"type":"Polygon","coordinates":[[[28.505,-26.973],[28.518,-26.99],[28.521,-27.0],[28.515,-27.006],[28.504,-26.996],[28.487,-26.976],[28.468,-26.977],[28.429,-27.001],[28.411,-26.996],[28.415,-26.988],[28.416,-26.98],[28.411,-26.972],[28.401,-26.97],[28.393,-26.966],[28.391,-26.958],[28.389,-26.949],[28.384,-26.942],[28.372,-26.939],[28.36,-26.942],[28.347,-26.949],[28.329,-26.955],[28.323,-26.947],[28.305,-26.928],[28.295,-26.921],[28.258,-26.909],[28.246,-26.9],[28.243,-26.909],[28.236,-26.914],[28.225,-26.915],[28.212,-26.914],[28.212,-26.921],[28.229,-26.933],[28.244,-26.968],[28.262,-26.978],[28.257,-26.982],[28.247,-26.987],[28.226,-26.991],[28.217,-26.995],[28.21,-27.001],[28.205,-27.01],[28.223,-27.011],[28.236,-27.021],[28.257,-27.048],[28.268,-27.05],[28.276,-27.037],[28.284,-27.02],[28.291,-27.007],[28.318,-26.992],[28.338,-26.997],[28.353,-27.015],[28.363,-27.044],[28.36,-27.06],[28.362,-27.068],[28.38,-27.074],[28.386,-27.079],[28.391,-27.083],[28.394,-27.086],[28.41,-27.09],[28.415,-27.1],[28.414,-27.109],[28.4,-27.12],[28.4,-27.135],[28.405,-27.161],[28.404,-27.172],[28.402,-27.179],[28.394,-27.184],[28.377,-27.188],[28.362,-27.152],[28.355,-27.13],[28.36,-27.12],[28.378,-27.113],[28.37,-27.099],[28.343,-27.078],[28.322,-27.048],[28.317,-27.05],[28.31,-27.102],[28.301,-27.106],[28.296,-27.098],[28.301,-27.086],[28.283,-27.073],[28.202,-27.044],[28.191,-27.061],[28.181,-27.068],[28.168,-27.062],[28.163,-27.05],[28.162,-27.037],[28.158,-27.027],[28.144,-27.024],[28.165,-26.986],[28.171,-26.982],[28.196,-26.978],[28.205,-26.976],[28.216,-26.959],[28.205,-26.945],[28.181,-26.937],[28.157,-26.934],[28.161,-26.925],[28.167,-26.919],[28.175,-26.915],[28.185,-26.914],[28.173,-26.9],[28.157,-26.902],[28.141,-26.912],[28.13,-26.921],[28.114,-26.951],[28.106,-26.954],[28.096,-26.934],[28.093,-26.914],[28.097,-26.897],[28.106,-26.885],[28.132,-26.86],[28.14,-26.849],[28.143,-26.835],[28.144,-26.812],[28.167,-26.826],[28.181,-26.844],[28.199,-26.887],[28.216,-26.88],[28.232,-26.877],[28.271,-26.874],[28.28,-26.88],[28.313,-26.908],[28.332,-26.914],[28.402,-26.91],[28.419,-26.914],[28.423,-26.927],[28.42,-26.945],[28.419,-26.963],[28.432,-26.976],[28.445,-26.955],[28.469,-26.944],[28.492,-26.947],[28.5,-26.97],[28.505,-26.973]]]}},{"type":"Feature","properties":{"name":"Kossou","feature":"Reservoir","rank":7,"code":"CIV"},"geometry":{"type":"Polygon","coordinates":[[[-5.345,7.431],[-5.318,7.438],[-5.302,7.436],[-5.311,7.41],[-5.317,7.405],[-5.341,7.387],[-5.349,7.384],[-5.362,7.379],[-5.367,7.369],[-5.371,7.358],[-5.379,7.349],[-5.394,7.347],[-5.412,7.349],[-5.427,7.346],[-5.434,7.332],[-5.438,7.316],[-5.446,7.302],[-5.45,7.289],[-5.441,7.28],[-5.425,7.279],[-5.41,7.284],[-5.395,7.291],[-5.367,7.299],[-5.359,7.298],[-5.363,7.291],[-5.376,7.278],[-5.383,7.275],[-5.393,7.274],[-5.391,7.269],[-5.389,7.258],[-5.387,7.253],[-5.4,7.253],[-5.396,7.243],[-5.393,7.239],[-5.407,7.233],[-5.421,7.233],[-5.433,7.24],[-5.441,7.253],[-5.446,7.241],[-5.456,7.238],[-5.466,7.238],[-5.475,7.233],[-5.476,7.222],[-5.467,7.2],[-5.472,7.188],[-5.479,7.177],[-5.477,7.173],[-5.472,7.168],[-5.469,7.154],[-5.463,7.153],[-5.451,7.16],[-5.439,7.161],[-5.434,7.143],[-5.428,7.143],[-5.426,7.155],[-5.42,7.163],[-5.412,7.168],[-5.4,7.171],[-5.403,7.162],[-5.404,7.16],[-5.407,7.157],[-5.401,7.147],[-5.4,7.137],[-5.404,7.128],[-5.414,7.123],[-5.414,7.116],[-5.406,7.112],[-5.397,7.11],[-5.387,7.112],[-5.379,7.116],[-5.389,7.092],[-5.405,7.092],[-5.421,7.101],[-5.434,7.103],[-5.44,7.087],[-5.431,7.072],[-5.413,7.063],[-5.393,7.068],[-5.391,7.061],[-5.389,7.059],[-5.389,7.059],[-5.393,7.055],[-5.387,7.047],[-5.379,7.055],[-5.383,7.04],[-5.379,7.03],[-5.368,7.027],[-5.352,7.034],[-5.356,7.024],[-5.359,6.993],[-5.357,6.994],[-5.352,6.993],[-5.348,6.991],[-5.346,6.986],[-5.347,6.979],[-5.351,6.979],[-5.356,6.981],[-5.359,6.979],[-5.36,6.975],[-5.358,6.962],[-5.359,6.959],[-5.363,6.958],[-5.369,6.959],[-5.373,6.961],[-5.372,6.965],[-5.378,6.961],[-5.384,6.958],[-5.388,6.952],[-5.387,6.938],[-5.396,6.94],[-5.401,6.941],[-5.414,6.938],[-5.414,6.972],[-5.429,6.963],[-5.434,6.959],[-5.428,6.972],[-5.434,6.979],[-5.442,6.977],[-5.446,6.978],[-5.448,6.983],[-5.448,6.993],[-5.455,6.993],[-5.456,6.985],[-5.457,6.981],[-5.459,6.977],[-5.461,6.972],[-5.486,7.013],[-5.494,7.017],[-5.502,7.026],[-5.507,7.037],[-5.51,7.047],[-5.524,7.043],[-5.539,7.045],[-5.548,7.051],[-5.544,7.061],[-5.553,7.065],[-5.559,7.064],[-5.565,7.062],[-5.575,7.061],[-5.583,7.065],[-5.584,7.073],[-5.583,7.082],[-5.585,7.088],[-5.599,7.092],[-5.625,7.087],[-5.637,7.092],[-5.646,7.093],[-5.653,7.081],[-5.662,7.07],[-5.678,7.078],[-5.682,7.085],[-5.683,7.097],[-5.688,7.103],[-5.698,7.105],[-5.704,7.103],[-5.708,7.098],[-5.709,7.096],[-5.72,7.106],[-5.72,7.116],[-5.696,7.156],[-5.69,7.17],[-5.692,7.176],[-5.722,7.156],[-5.731,7.157],[-5.735,7.168],[-5.736,7.188],[-5.74,7.208],[-5.75,7.209],[-5.761,7.207],[-5.77,7.219],[-5.757,7.221],[-5.745,7.226],[-5.722,7.239],[-5.736,7.246],[-5.75,7.245],[-5.761,7.244],[-5.77,7.246],[-5.775,7.255],[-5.777,7.267],[-5.776,7.294],[-5.799,7.266],[-5.812,7.254],[-5.818,7.264],[-5.819,7.285],[-5.823,7.3],[-5.839,7.328],[-5.816,7.322],[-5.803,7.321],[-5.798,7.325],[-5.795,7.337],[-5.788,7.339],[-5.776,7.335],[-5.769,7.334],[-5.762,7.33],[-5.758,7.332],[-5.757,7.346],[-5.76,7.351],[-5.777,7.368],[-5.784,7.376],[-5.762,7.388],[-5.762,7.402],[-5.765,7.417],[-5.749,7.431],[-5.761,7.435],[-5.771,7.433],[-5.779,7.426],[-5.784,7.418],[-5.785,7.425],[-5.787,7.428],[-5.791,7.431],[-5.763,7.479],[-5.764,7.484],[-5.776,7.5],[-5.772,7.501],[-5.771,7.501],[-5.771,7.503],[-5.77,7.507],[-5.754,7.5],[-5.745,7.508],[-5.743,7.521],[-5.746,7.528],[-5.758,7.534],[-5.767,7.548],[-5.771,7.562],[-5.766,7.568],[-5.757,7.564],[-5.732,7.548],[-5.722,7.548],[-5.716,7.557],[-5.72,7.568],[-5.721,7.577],[-5.709,7.582],[-5.713,7.587],[-5.714,7.593],[-5.712,7.599],[-5.705,7.606],[-5.703,7.612],[-5.71,7.614],[-5.719,7.612],[-5.722,7.609],[-5.732,7.618],[-5.739,7.626],[-5.743,7.638],[-5.742,7.657],[-5.736,7.657],[-5.733,7.649],[-5.728,7.642],[-5.721,7.638],[-5.712,7.637],[-5.703,7.64],[-5.702,7.648],[-5.706,7.655],[-5.709,7.657],[-5.713,7.667],[-5.72,7.677],[-5.721,7.687],[-5.709,7.692],[-5.709,7.699],[-5.714,7.705],[-5.713,7.709],[-5.709,7.714],[-5.709,7.72],[-5.716,7.731],[-5.72,7.735],[-5.722,7.73],[-5.727,7.727],[-5.737,7.73],[-5.746,7.739],[-5.749,7.754],[-5.739,7.748],[-5.729,7.746],[-5.719,7.748],[-5.709,7.754],[-5.733,7.768],[-5.752,7.79],[-5.754,7.806],[-5.729,7.801],[-5.721,7.793],[-5.713,7.78],[-5.703,7.77],[-5.688,7.767],[-5.679,7.774],[-5.684,7.786],[-5.702,7.808],[-5.695,7.809],[-5.681,7.815],[-5.696,7.821],[-5.702,7.822],[-5.694,7.838],[-5.7,7.846],[-5.712,7.851],[-5.726,7.859],[-5.733,7.87],[-5.735,7.882],[-5.729,7.911],[-5.722,7.911],[-5.715,7.907],[-5.71,7.905],[-5.702,7.904],[-5.713,7.883],[-5.713,7.876],[-5.705,7.879],[-5.688,7.89],[-5.681,7.89],[-5.675,7.866],[-5.67,7.853],[-5.66,7.842],[-5.64,7.863],[-5.648,7.885],[-5.643,7.906],[-5.626,7.939],[-5.623,7.94],[-5.618,7.94],[-5.614,7.941],[-5.613,7.949],[-5.615,7.951],[-5.619,7.955],[-5.621,7.959],[-5.619,7.966],[-5.608,7.977],[-5.597,7.982],[-5.588,7.989],[-5.577,8.029],[-5.561,8.045],[-5.545,8.057],[-5.537,8.072],[-5.539,8.096],[-5.536,8.106],[-5.527,8.109],[-5.5,8.108],[-5.486,8.104],[-5.475,8.095],[-5.478,8.093],[-5.481,8.092],[-5.483,8.089],[-5.482,8.082],[-5.502,8.084],[-5.513,8.074],[-5.52,8.062],[-5.523,8.052],[-5.528,8.045],[-5.538,8.037],[-5.544,8.024],[-5.537,8.007],[-5.549,7.999],[-5.552,7.993],[-5.551,7.969],[-5.553,7.956],[-5.56,7.949],[-5.569,7.945],[-5.578,7.939],[-5.565,7.932],[-5.553,7.933],[-5.544,7.94],[-5.537,7.952],[-5.53,7.946],[-5.524,7.94],[-5.519,7.933],[-5.516,7.925],[-5.523,7.924],[-5.528,7.922],[-5.532,7.92],[-5.537,7.917],[-5.534,7.912],[-5.53,7.898],[-5.559,7.907],[-5.573,7.909],[-5.578,7.901],[-5.577,7.871],[-5.581,7.86],[-5.592,7.856],[-5.59,7.851],[-5.587,7.84],[-5.585,7.835],[-5.597,7.833],[-5.61,7.826],[-5.62,7.818],[-5.626,7.808],[-5.617,7.807],[-5.611,7.804],[-5.599,7.795],[-5.618,7.786],[-5.629,7.773],[-5.627,7.762],[-5.606,7.76],[-5.611,7.755],[-5.616,7.745],[-5.619,7.74],[-5.605,7.741],[-5.596,7.746],[-5.578,7.76],[-5.584,7.776],[-5.582,7.788],[-5.573,7.794],[-5.558,7.788],[-5.496,7.829],[-5.506,7.808],[-5.537,7.777],[-5.544,7.75],[-5.552,7.729],[-5.581,7.68],[-5.578,7.664],[-5.578,7.657],[-5.593,7.658],[-5.606,7.655],[-5.616,7.647],[-5.619,7.634],[-5.618,7.627],[-5.613,7.609],[-5.615,7.603],[-5.624,7.59],[-5.626,7.589],[-5.618,7.556],[-5.602,7.553],[-5.581,7.566],[-5.558,7.575],[-5.561,7.561],[-5.575,7.541],[-5.578,7.531],[-5.571,7.512],[-5.572,7.501],[-5.585,7.493],[-5.587,7.503],[-5.59,7.507],[-5.594,7.506],[-5.599,7.5],[-5.606,7.5],[-5.61,7.506],[-5.615,7.511],[-5.62,7.516],[-5.626,7.52],[-5.633,7.52],[-5.638,7.502],[-5.648,7.502],[-5.659,7.509],[-5.67,7.513],[-5.686,7.506],[-5.693,7.488],[-5.691,7.467],[-5.681,7.453],[-5.688,7.447],[-5.694,7.44],[-5.698,7.433],[-5.702,7.425],[-5.698,7.423],[-5.685,7.42],[-5.681,7.418],[-5.679,7.418],[-5.666,7.405],[-5.667,7.404],[-5.663,7.401],[-5.66,7.397],[-5.655,7.392],[-5.647,7.39],[-5.619,7.41],[-5.627,7.374],[-5.635,7.363],[-5.654,7.369],[-5.659,7.358],[-5.661,7.347],[-5.658,7.339],[-5.647,7.335],[-5.651,7.331],[-5.653,7.327],[-5.655,7.324],[-5.66,7.321],[-5.652,7.311],[-5.64,7.307],[-5.626,7.308],[-5.613,7.315],[-5.613,7.253],[-5.615,7.247],[-5.621,7.242],[-5.625,7.236],[-5.622,7.229],[-5.614,7.224],[-5.604,7.222],[-5.595,7.221],[-5.585,7.219],[-5.579,7.213],[-5.574,7.204],[-5.569,7.198],[-5.561,7.202],[-5.56,7.208],[-5.558,7.233],[-5.557,7.232],[-5.554,7.234],[-5.552,7.238],[-5.551,7.243],[-5.553,7.249],[-5.558,7.251],[-5.563,7.254],[-5.565,7.257],[-5.568,7.259],[-5.586,7.269],[-5.592,7.274],[-5.584,7.282],[-5.58,7.291],[-5.578,7.302],[-5.578,7.315],[-5.569,7.3],[-5.552,7.294],[-5.533,7.295],[-5.516,7.301],[-5.532,7.335],[-5.551,7.357],[-5.557,7.369],[-5.559,7.382],[-5.558,7.397],[-5.537,7.368],[-5.53,7.362],[-5.513,7.356],[-5.509,7.358],[-5.51,7.376],[-5.514,7.376],[-5.521,7.381],[-5.524,7.387],[-5.519,7.39],[-5.518,7.392],[-5.503,7.404],[-5.508,7.414],[-5.515,7.418],[-5.537,7.425],[-5.547,7.421],[-5.548,7.432],[-5.546,7.449],[-5.551,7.465],[-5.54,7.476],[-5.527,7.497],[-5.516,7.507],[-5.515,7.48],[-5.514,7.468],[-5.51,7.459],[-5.503,7.459],[-5.497,7.475],[-5.496,7.484],[-5.496,7.493],[-5.489,7.493],[-5.481,7.473],[-5.477,7.453],[-5.471,7.449],[-5.436,7.502],[-5.434,7.51],[-5.437,7.523],[-5.452,7.549],[-5.455,7.564],[-5.451,7.575],[-5.44,7.576],[-5.429,7.572],[-5.421,7.568],[-5.413,7.562],[-5.406,7.555],[-5.402,7.545],[-5.4,7.531],[-5.405,7.483],[-5.4,7.463],[-5.379,7.459],[-5.379,7.453],[-5.404,7.441],[-5.423,7.419],[-5.432,7.394],[-5.428,7.369],[-5.421,7.376],[-5.393,7.397],[-5.382,7.403],[-5.372,7.406],[-5.367,7.413],[-5.366,7.431],[-5.345,7.431]]]}},{"type":"Feature","properties":{"name":"Srinakarin Dam","feature":"Reservoir","rank":7,"code":"THA"},"geometry":{"type":"Polygon","coordinates":[[[99.194,14.587],[99.202,14.584],[99.204,14.581],[99.189,14.566],[99.181,14.555],[99.176,14.549],[99.163,14.541],[99.119,14.525],[99.119,14.519],[99.117,14.508],[99.116,14.503],[99.118,14.497],[99.12,14.493],[99.133,14.476],[99.158,14.455],[99.167,14.445],[99.17,14.437],[99.166,14.429],[99.156,14.421],[99.15,14.414],[99.141,14.395],[99.133,14.391],[99.125,14.393],[99.117,14.4],[99.076,14.445],[99.068,14.459],[99.066,14.463],[99.061,14.467],[99.044,14.477],[99.037,14.485],[99.029,14.493],[98.993,14.552],[98.994,14.559],[99.009,14.589],[99.011,14.596],[99.011,14.604],[99.008,14.61],[99.003,14.615],[98.998,14.62],[98.993,14.625],[98.99,14.632],[98.992,14.637],[98.996,14.642],[98.999,14.648],[99.0,14.652],[99.001,14.661],[99.003,14.664],[99.006,14.667],[99.012,14.669],[99.015,14.671],[99.017,14.677],[99.015,14.701],[99.017,14.717],[99.017,14.724],[99.015,14.732],[99.006,14.743],[98.992,14.754],[98.981,14.766],[98.978,14.779],[98.989,14.78],[99.025,14.79],[99.024,14.796],[99.02,14.806],[99.02,14.811],[99.02,14.817],[99.023,14.821],[99.026,14.825],[99.029,14.83],[99.03,14.835],[99.031,14.845],[99.033,14.85],[99.036,14.854],[99.044,14.859],[99.047,14.861],[99.047,14.868],[99.04,14.878],[99.044,14.882],[99.048,14.883],[99.055,14.883],[99.059,14.885],[99.062,14.888],[99.064,14.891],[99.065,14.894],[99.066,14.897],[99.072,14.908],[99.076,14.912],[99.088,14.921],[99.091,14.924],[99.09,14.928],[99.086,14.935],[99.08,14.95],[99.075,14.981],[99.069,14.996],[99.064,15.002],[99.052,15.008],[99.046,15.012],[99.042,15.019],[99.04,15.027],[99.039,15.044],[99.043,15.038],[99.062,15.024],[99.086,15.011],[99.091,15.007],[99.095,15.002],[99.097,14.997],[99.099,14.985],[99.104,14.973],[99.11,14.961],[99.119,14.952],[99.13,14.946],[99.149,14.947],[99.156,14.945],[99.156,14.936],[99.145,14.921],[99.129,14.907],[99.111,14.897],[99.08,14.884],[99.076,14.882],[99.072,14.877],[99.071,14.872],[99.071,14.868],[99.07,14.863],[99.054,14.836],[99.05,14.822],[99.052,14.805],[99.056,14.8],[99.068,14.79],[99.071,14.785],[99.071,14.78],[99.069,14.777],[99.067,14.773],[99.065,14.769],[99.065,14.766],[99.066,14.759],[99.065,14.755],[99.061,14.748],[99.058,14.744],[99.055,14.738],[99.057,14.729],[99.058,14.726],[99.063,14.718],[99.069,14.692],[99.069,14.688],[99.068,14.686],[99.063,14.681],[99.062,14.679],[99.062,14.666],[99.07,14.631],[99.076,14.619],[99.08,14.616],[99.088,14.61],[99.091,14.607],[99.093,14.602],[99.093,14.597],[99.091,14.587],[99.092,14.571],[99.103,14.567],[99.118,14.571],[99.146,14.584],[99.162,14.588],[99.179,14.589],[99.194,14.587]]]}},{"type":"Feature","properties":{"name":"Qiandao Lake","feature":"Reservoir","rank":7,"code":"CHN"},"geometry":{"type":"Polygon","coordinates":[[[119.189,29.541],[119.184,29.536],[119.182,29.528],[119.183,29.52],[119.187,29.512],[119.196,29.497],[119.169,29.5],[119.158,29.502],[119.153,29.498],[119.148,29.49],[119.14,29.491],[119.123,29.496],[119.11,29.497],[119.094,29.485],[119.084,29.482],[119.08,29.494],[119.073,29.503],[119.06,29.505],[119.046,29.501],[119.038,29.497],[119.027,29.507],[119.022,29.517],[119.017,29.525],[119.005,29.532],[118.989,29.531],[118.968,29.515],[118.943,29.508],[118.936,29.502],[118.93,29.495],[118.922,29.49],[118.913,29.488],[118.907,29.488],[118.901,29.49],[118.837,29.493],[118.826,29.49],[118.825,29.477],[118.831,29.462],[118.831,29.45],[118.812,29.449],[118.808,29.454],[118.803,29.463],[118.796,29.473],[118.788,29.477],[118.78,29.476],[118.761,29.469],[118.757,29.466],[118.743,29.444],[118.713,29.418],[118.682,29.404],[118.668,29.415],[118.668,29.408],[118.662,29.418],[118.652,29.422],[118.639,29.422],[118.626,29.421],[118.626,29.429],[118.647,29.433],[118.684,29.421],[118.702,29.429],[118.71,29.447],[118.7,29.462],[118.68,29.472],[118.662,29.477],[118.662,29.484],[118.675,29.483],[118.687,29.48],[118.698,29.476],[118.71,29.469],[118.714,29.472],[118.73,29.484],[118.726,29.495],[118.732,29.501],[118.757,29.511],[118.785,29.529],[118.788,29.532],[118.815,29.538],[118.862,29.566],[118.925,29.583],[118.927,29.591],[118.927,29.606],[118.926,29.623],[118.922,29.634],[118.904,29.644],[118.884,29.644],[118.841,29.63],[118.845,29.642],[118.834,29.657],[118.814,29.67],[118.772,29.681],[118.751,29.697],[118.716,29.73],[118.729,29.728],[118.746,29.718],[118.757,29.716],[118.764,29.719],[118.769,29.726],[118.777,29.731],[118.791,29.73],[118.779,29.71],[118.806,29.688],[118.848,29.669],[118.881,29.661],[118.891,29.662],[118.909,29.668],[118.919,29.669],[118.93,29.664],[118.934,29.653],[118.935,29.64],[118.939,29.631],[118.961,29.622],[118.983,29.631],[119.018,29.661],[119.0,29.671],[119.002,29.681],[119.012,29.687],[119.018,29.685],[119.024,29.679],[119.038,29.674],[119.054,29.673],[119.065,29.675],[119.059,29.689],[119.044,29.713],[119.038,29.724],[119.064,29.705],[119.075,29.699],[119.086,29.702],[119.093,29.716],[119.09,29.731],[119.072,29.764],[119.079,29.779],[119.09,29.795],[119.103,29.807],[119.117,29.812],[119.136,29.81],[119.13,29.803],[119.113,29.793],[119.099,29.779],[119.096,29.746],[119.124,29.737],[119.16,29.737],[119.182,29.73],[119.168,29.727],[119.123,29.707],[119.113,29.699],[119.065,29.641],[119.055,29.636],[119.046,29.634],[119.04,29.631],[119.038,29.621],[119.045,29.61],[119.067,29.602],[119.072,29.589],[119.079,29.581],[119.115,29.601],[119.134,29.606],[119.108,29.557],[119.109,29.539],[119.141,29.538],[119.172,29.554],[119.188,29.559],[119.196,29.548],[119.193,29.545],[119.189,29.541]]]}},{"type":"Feature","properties":{"name":"Guanting Shuiku","feature":"Reservoir","rank":7,"code":"CHN"},"geometry":{"type":"Polygon","coordinates":[[[115.731,40.355],[115.797,40.42],[115.801,40.412],[115.8,40.404],[115.797,40.395],[115.797,40.386],[115.784,40.376],[115.772,40.362],[115.758,40.35],[115.722,40.343],[115.636,40.312],[115.619,40.302],[115.612,40.286],[115.608,40.274],[115.587,40.238],[115.578,40.228],[115.579,40.247],[115.571,40.294],[115.581,40.304],[115.646,40.331],[115.714,40.345],[115.731,40.355]]]}},{"type":"Feature","properties":{"name":"Kaptai","feature":"Reservoir","rank":7,"code":"BGD"},"geometry":{"type":"Polygon","coordinates":[[[92.329,22.711],[92.334,22.706],[92.388,22.665],[92.369,22.653],[92.357,22.65],[92.347,22.651],[92.347,22.657],[92.337,22.686],[92.334,22.689],[92.328,22.692],[92.298,22.693],[92.288,22.695],[92.276,22.703],[92.264,22.704],[92.254,22.699],[92.244,22.692],[92.244,22.685],[92.258,22.676],[92.274,22.659],[92.299,22.623],[92.291,22.624],[92.284,22.626],[92.278,22.628],[92.272,22.631],[92.278,22.644],[92.261,22.653],[92.251,22.656],[92.238,22.658],[92.24,22.645],[92.245,22.635],[92.258,22.617],[92.254,22.618],[92.242,22.622],[92.238,22.623],[92.238,22.61],[92.226,22.615],[92.219,22.612],[92.22,22.606],[92.234,22.603],[92.24,22.596],[92.234,22.58],[92.224,22.563],[92.217,22.555],[92.231,22.548],[92.242,22.551],[92.25,22.56],[92.252,22.575],[92.258,22.575],[92.261,22.554],[92.271,22.54],[92.274,22.53],[92.258,22.521],[92.275,22.518],[92.287,22.525],[92.298,22.537],[92.313,22.548],[92.31,22.543],[92.31,22.54],[92.309,22.538],[92.305,22.535],[92.305,22.528],[92.325,22.528],[92.343,22.509],[92.361,22.507],[92.352,22.5],[92.346,22.486],[92.339,22.476],[92.33,22.477],[92.318,22.484],[92.31,22.488],[92.303,22.493],[92.299,22.507],[92.285,22.5],[92.287,22.499],[92.289,22.499],[92.29,22.498],[92.292,22.494],[92.284,22.497],[92.267,22.506],[92.258,22.507],[92.251,22.502],[92.246,22.495],[92.246,22.487],[92.252,22.48],[92.252,22.473],[92.239,22.47],[92.225,22.472],[92.218,22.478],[92.225,22.487],[92.219,22.495],[92.214,22.499],[92.207,22.501],[92.197,22.5],[92.197,22.507],[92.205,22.508],[92.218,22.513],[92.23,22.516],[92.237,22.521],[92.239,22.526],[92.234,22.528],[92.224,22.531],[92.21,22.536],[92.197,22.543],[92.19,22.548],[92.185,22.562],[92.185,22.575],[92.181,22.585],[92.166,22.589],[92.159,22.596],[92.149,22.63],[92.142,22.644],[92.152,22.636],[92.159,22.626],[92.169,22.603],[92.176,22.603],[92.178,22.62],[92.172,22.647],[92.176,22.658],[92.179,22.653],[92.19,22.644],[92.188,22.656],[92.181,22.663],[92.17,22.666],[92.155,22.665],[92.155,22.685],[92.164,22.683],[92.169,22.682],[92.173,22.679],[92.176,22.672],[92.183,22.685],[92.181,22.693],[92.173,22.697],[92.159,22.699],[92.15,22.701],[92.137,22.716],[92.128,22.72],[92.134,22.721],[92.155,22.726],[92.148,22.734],[92.146,22.739],[92.146,22.742],[92.148,22.747],[92.136,22.75],[92.123,22.749],[92.113,22.75],[92.108,22.761],[92.114,22.761],[92.114,22.767],[92.094,22.767],[92.094,22.775],[92.114,22.782],[92.114,22.788],[92.111,22.794],[92.105,22.801],[92.097,22.806],[92.086,22.808],[92.088,22.813],[92.092,22.825],[92.094,22.83],[92.086,22.831],[92.073,22.835],[92.066,22.836],[92.066,22.843],[92.077,22.849],[92.079,22.857],[92.074,22.865],[92.066,22.87],[92.066,22.877],[92.073,22.877],[92.073,22.884],[92.07,22.889],[92.061,22.903],[92.06,22.908],[92.058,22.912],[92.047,22.913],[92.042,22.915],[92.038,22.921],[92.04,22.925],[92.043,22.93],[92.045,22.935],[92.044,22.95],[92.033,22.991],[92.025,23.008],[92.03,23.011],[92.032,23.015],[92.031,23.021],[92.032,23.028],[92.037,22.992],[92.05,22.944],[92.071,22.902],[92.1,22.884],[92.088,22.868],[92.094,22.857],[92.107,22.847],[92.114,22.833],[92.118,22.82],[92.129,22.807],[92.143,22.796],[92.155,22.788],[92.141,22.782],[92.134,22.782],[92.142,22.772],[92.162,22.759],[92.169,22.747],[92.167,22.743],[92.162,22.733],[92.182,22.727],[92.199,22.71],[92.211,22.687],[92.217,22.665],[92.228,22.666],[92.238,22.665],[92.238,22.679],[92.232,22.687],[92.224,22.692],[92.217,22.699],[92.213,22.706],[92.204,22.733],[92.21,22.733],[92.219,22.714],[92.227,22.706],[92.238,22.699],[92.247,22.708],[92.256,22.712],[92.262,22.717],[92.265,22.73],[92.262,22.737],[92.248,22.75],[92.244,22.761],[92.252,22.761],[92.256,22.758],[92.257,22.757],[92.26,22.756],[92.265,22.754],[92.256,22.767],[92.254,22.773],[92.252,22.782],[92.238,22.774],[92.234,22.784],[92.234,22.802],[92.23,22.816],[92.225,22.816],[92.221,22.81],[92.218,22.808],[92.214,22.806],[92.21,22.802],[92.219,22.824],[92.225,22.83],[92.214,22.834],[92.203,22.833],[92.193,22.829],[92.182,22.823],[92.188,22.83],[92.195,22.836],[92.202,22.84],[92.21,22.843],[92.182,22.843],[92.182,22.849],[92.2,22.853],[92.199,22.862],[92.189,22.874],[92.176,22.884],[92.181,22.891],[92.187,22.903],[92.188,22.913],[92.179,22.918],[92.173,22.923],[92.166,22.945],[92.162,22.953],[92.173,22.953],[92.178,22.947],[92.182,22.938],[92.19,22.932],[92.202,22.933],[92.203,22.939],[92.198,22.948],[92.19,22.953],[92.19,22.959],[92.204,22.971],[92.197,22.981],[92.18,22.99],[92.162,22.994],[92.162,23.0],[92.176,23.0],[92.17,23.006],[92.166,23.013],[92.165,23.02],[92.169,23.028],[92.175,23.027],[92.196,23.018],[92.197,23.014],[92.198,23.014],[92.206,23.014],[92.21,23.014],[92.21,23.018],[92.217,23.041],[92.222,23.042],[92.224,23.04],[92.224,23.038],[92.225,23.035],[92.227,23.024],[92.233,23.021],[92.242,23.023],[92.252,23.028],[92.244,23.003],[92.241,22.997],[92.233,22.993],[92.225,22.994],[92.219,22.993],[92.217,22.983],[92.221,22.966],[92.229,22.963],[92.24,22.964],[92.252,22.959],[92.238,22.953],[92.238,22.946],[92.242,22.942],[92.252,22.932],[92.234,22.94],[92.229,22.935],[92.232,22.924],[92.238,22.912],[92.244,22.912],[92.247,22.914],[92.254,22.916],[92.258,22.918],[92.253,22.898],[92.258,22.882],[92.266,22.865],[92.272,22.843],[92.272,22.812],[92.271,22.805],[92.268,22.797],[92.267,22.787],[92.272,22.775],[92.278,22.775],[92.279,22.781],[92.285,22.795],[92.299,22.761],[92.302,22.77],[92.302,22.78],[92.299,22.802],[92.305,22.802],[92.307,22.787],[92.314,22.776],[92.334,22.761],[92.334,22.754],[92.319,22.749],[92.307,22.74],[92.299,22.726],[92.299,22.706],[92.307,22.711],[92.317,22.713],[92.329,22.711]]]}},{"type":"Feature","properties":{"name":"Buyo","feature":"Reservoir","rank":7,"code":"CIV"},"geometry":{"type":"Polygon","coordinates":[[[-6.929,6.517],[-6.935,6.513],[-6.935,6.505],[-6.928,6.491],[-6.928,6.485],[-6.933,6.482],[-6.974,6.473],[-6.986,6.468],[-6.997,6.458],[-6.978,6.441],[-6.98,6.428],[-6.991,6.415],[-6.997,6.4],[-6.997,6.368],[-6.999,6.352],[-7.004,6.342],[-7.035,6.335],[-7.038,6.331],[-7.039,6.321],[-7.038,6.312],[-7.029,6.299],[-7.033,6.28],[-7.045,6.253],[-7.057,6.262],[-7.072,6.263],[-7.109,6.259],[-7.114,6.256],[-7.118,6.25],[-7.123,6.246],[-7.14,6.254],[-7.146,6.251],[-7.148,6.242],[-7.148,6.232],[-7.154,6.237],[-7.167,6.25],[-7.171,6.253],[-7.182,6.251],[-7.194,6.242],[-7.202,6.239],[-7.217,6.237],[-7.216,6.277],[-7.214,6.285],[-7.208,6.294],[-7.202,6.287],[-7.198,6.301],[-7.205,6.305],[-7.218,6.305],[-7.23,6.307],[-7.238,6.318],[-7.244,6.33],[-7.251,6.336],[-7.264,6.328],[-7.272,6.332],[-7.279,6.339],[-7.284,6.345],[-7.281,6.352],[-7.274,6.363],[-7.28,6.365],[-7.291,6.364],[-7.295,6.363],[-7.309,6.367],[-7.324,6.379],[-7.336,6.394],[-7.34,6.41],[-7.36,6.407],[-7.367,6.419],[-7.371,6.435],[-7.38,6.445],[-7.399,6.441],[-7.422,6.434],[-7.441,6.435],[-7.449,6.455],[-7.451,6.469],[-7.457,6.47],[-7.464,6.467],[-7.473,6.469],[-7.477,6.478],[-7.473,6.488],[-7.466,6.499],[-7.463,6.51],[-7.465,6.533],[-7.471,6.549],[-7.482,6.559],[-7.497,6.567],[-7.497,6.575],[-7.459,6.567],[-7.439,6.534],[-7.425,6.496],[-7.408,6.472],[-7.4,6.469],[-7.395,6.468],[-7.389,6.469],[-7.367,6.477],[-7.361,6.481],[-7.358,6.486],[-7.35,6.496],[-7.34,6.5],[-7.335,6.492],[-7.333,6.479],[-7.332,6.469],[-7.331,6.466],[-7.326,6.465],[-7.315,6.466],[-7.311,6.462],[-7.312,6.455],[-7.316,6.448],[-7.318,6.445],[-7.307,6.431],[-7.264,6.412],[-7.254,6.41],[-7.237,6.416],[-7.227,6.418],[-7.223,6.414],[-7.224,6.379],[-7.223,6.369],[-7.22,6.359],[-7.217,6.354],[-7.212,6.352],[-7.202,6.349],[-7.198,6.351],[-7.194,6.356],[-7.188,6.361],[-7.182,6.363],[-7.18,6.36],[-7.175,6.351],[-7.171,6.349],[-7.172,6.34],[-7.167,6.322],[-7.153,6.311],[-7.126,6.321],[-7.121,6.33],[-7.106,6.369],[-7.107,6.378],[-7.112,6.393],[-7.113,6.4],[-7.111,6.405],[-7.106,6.408],[-7.101,6.413],[-7.099,6.42],[-7.097,6.438],[-7.09,6.453],[-7.079,6.462],[-7.062,6.466],[-7.06,6.459],[-7.062,6.443],[-7.061,6.427],[-7.052,6.417],[-7.057,6.403],[-7.058,6.386],[-7.053,6.376],[-7.038,6.383],[-7.03,6.397],[-7.031,6.413],[-7.036,6.429],[-7.038,6.445],[-7.036,6.453],[-7.026,6.462],[-7.024,6.469],[-7.026,6.478],[-7.032,6.478],[-7.039,6.476],[-7.045,6.479],[-7.048,6.478],[-7.056,6.483],[-7.062,6.489],[-7.055,6.492],[-7.04,6.492],[-7.035,6.49],[-7.031,6.485],[-7.012,6.499],[-7.018,6.514],[-7.036,6.524],[-7.052,6.527],[-7.08,6.513],[-7.088,6.514],[-7.079,6.533],[-7.051,6.549],[-7.046,6.558],[-7.072,6.561],[-7.084,6.558],[-7.092,6.553],[-7.1,6.55],[-7.113,6.554],[-7.119,6.56],[-7.124,6.568],[-7.126,6.578],[-7.126,6.589],[-7.109,6.579],[-7.089,6.574],[-7.072,6.577],[-7.065,6.592],[-7.062,6.603],[-7.056,6.606],[-7.047,6.607],[-7.038,6.609],[-7.034,6.61],[-7.022,6.608],[-7.017,6.609],[-7.016,6.613],[-7.017,6.619],[-7.02,6.624],[-7.024,6.623],[-7.019,6.63],[-7.018,6.637],[-7.013,6.642],[-7.0,6.643],[-6.995,6.647],[-7.001,6.655],[-7.014,6.667],[-7.011,6.67],[-7.01,6.695],[-7.011,6.707],[-7.016,6.721],[-7.017,6.732],[-7.002,6.727],[-6.997,6.725],[-7.015,6.77],[-7.017,6.783],[-7.021,6.795],[-7.03,6.801],[-7.042,6.805],[-7.052,6.814],[-7.048,6.826],[-7.072,6.854],[-7.079,6.873],[-7.075,6.888],[-7.059,6.907],[-7.058,6.924],[-7.078,6.953],[-7.087,6.972],[-7.082,6.989],[-7.062,7.026],[-7.05,7.042],[-7.038,7.041],[-7.039,7.019],[-7.05,6.979],[-7.052,6.959],[-7.049,6.948],[-7.045,6.941],[-7.041,6.935],[-7.038,6.931],[-7.038,6.92],[-7.045,6.89],[-7.042,6.864],[-7.032,6.855],[-7.019,6.851],[-7.004,6.842],[-6.996,6.825],[-6.993,6.806],[-6.984,6.796],[-6.963,6.808],[-6.955,6.794],[-6.966,6.777],[-6.965,6.761],[-6.959,6.743],[-6.955,6.722],[-6.958,6.714],[-6.962,6.706],[-6.964,6.697],[-6.959,6.688],[-6.948,6.683],[-6.936,6.681],[-6.927,6.677],[-6.921,6.664],[-6.951,6.643],[-6.968,6.604],[-6.967,6.573],[-6.942,6.575],[-6.947,6.556],[-6.942,6.549],[-6.932,6.547],[-6.916,6.537],[-6.912,6.538],[-6.908,6.536],[-6.907,6.527],[-6.929,6.517]]]}},{"type":"Feature","properties":{"name":"Vanderkloof Dam","feature":"Reservoir","rank":8,"code":"ZAF"},"geometry":{"type":"Polygon","coordinates":[[[24.968,-30.221],[24.976,-30.244],[24.978,-30.266],[24.97,-30.261],[24.964,-30.259],[24.957,-30.258],[24.947,-30.258],[24.945,-30.255],[24.938,-30.241],[24.933,-30.235],[24.921,-30.222],[24.913,-30.218],[24.906,-30.221],[24.9,-30.226],[24.892,-30.231],[24.885,-30.23],[24.882,-30.221],[24.881,-30.198],[24.877,-30.17],[24.866,-30.152],[24.844,-30.159],[24.828,-30.167],[24.829,-30.148],[24.835,-30.119],[24.834,-30.094],[24.823,-30.08],[24.814,-30.08],[24.803,-30.085],[24.786,-30.087],[24.774,-30.083],[24.765,-30.075],[24.752,-30.053],[24.771,-30.052],[24.786,-30.041],[24.795,-30.024],[24.794,-30.005],[24.781,-29.991],[24.762,-29.985],[24.742,-29.982],[24.725,-29.977],[24.758,-29.966],[24.789,-29.974],[24.813,-29.991],[24.831,-30.009],[24.859,-30.082],[24.87,-30.095],[24.891,-30.117],[24.893,-30.121],[24.897,-30.125],[24.902,-30.128],[24.894,-30.152],[24.901,-30.174],[24.918,-30.19],[24.94,-30.197],[24.956,-30.204],[24.968,-30.221]]]}},{"type":"Feature","properties":{"name":"Gariep Dam","feature":"Reservoir","rank":8,"code":"ZAF"},"geometry":{"type":"Polygon","coordinates":[[[25.946,-30.548],[25.953,-30.546],[25.972,-30.545],[25.952,-30.572],[25.936,-30.574],[25.919,-30.565],[25.9,-30.56],[25.903,-30.604],[25.897,-30.627],[25.876,-30.622],[25.852,-30.659],[25.841,-30.664],[25.818,-30.652],[25.804,-30.659],[25.799,-30.669],[25.797,-30.693],[25.794,-30.704],[25.784,-30.72],[25.781,-30.719],[25.777,-30.71],[25.766,-30.704],[25.755,-30.702],[25.741,-30.702],[25.73,-30.707],[25.725,-30.721],[25.719,-30.723],[25.681,-30.718],[25.635,-30.722],[25.609,-30.721],[25.595,-30.71],[25.61,-30.707],[25.639,-30.694],[25.661,-30.689],[25.66,-30.684],[25.652,-30.679],[25.643,-30.677],[25.625,-30.678],[25.617,-30.68],[25.609,-30.684],[25.609,-30.639],[25.606,-30.63],[25.6,-30.628],[25.591,-30.629],[25.568,-30.628],[25.534,-30.631],[25.519,-30.628],[25.512,-30.625],[25.508,-30.621],[25.506,-30.615],[25.506,-30.605],[25.509,-30.593],[25.516,-30.592],[25.525,-30.594],[25.532,-30.594],[25.554,-30.59],[25.561,-30.586],[25.557,-30.577],[25.551,-30.568],[25.553,-30.56],[25.561,-30.555],[25.571,-30.553],[25.582,-30.556],[25.587,-30.562],[25.59,-30.569],[25.595,-30.574],[25.602,-30.577],[25.611,-30.579],[25.626,-30.581],[25.634,-30.578],[25.643,-30.569],[25.65,-30.567],[25.652,-30.561],[25.654,-30.559],[25.66,-30.563],[25.662,-30.568],[25.664,-30.573],[25.663,-30.578],[25.66,-30.581],[25.646,-30.587],[25.632,-30.601],[25.627,-30.616],[25.64,-30.622],[25.664,-30.623],[25.679,-30.63],[25.688,-30.643],[25.698,-30.663],[25.705,-30.658],[25.711,-30.656],[25.717,-30.658],[25.725,-30.663],[25.728,-30.658],[25.73,-30.656],[25.734,-30.654],[25.739,-30.649],[25.754,-30.66],[25.768,-30.638],[25.778,-30.603],[25.781,-30.574],[25.789,-30.58],[25.804,-30.596],[25.814,-30.601],[25.812,-30.608],[25.809,-30.622],[25.807,-30.628],[25.814,-30.627],[25.831,-30.621],[25.835,-30.618],[25.837,-30.609],[25.842,-30.609],[25.849,-30.611],[25.855,-30.608],[25.863,-30.596],[25.863,-30.586],[25.849,-30.56],[25.874,-30.538],[25.891,-30.528],[25.91,-30.525],[25.917,-30.531],[25.938,-30.553],[25.946,-30.548]]]}},{"type":"Feature","properties":{"name":"Stanley","feature":"Reservoir","rank":8,"code":"IND"},"geometry":{"type":"Polygon","coordinates":[[[77.892,11.929],[77.901,11.934],[77.909,11.927],[77.906,11.925],[77.905,11.924],[77.903,11.923],[77.901,11.92],[77.902,11.911],[77.889,11.901],[77.853,11.885],[77.848,11.875],[77.836,11.861],[77.831,11.845],[77.847,11.83],[77.835,11.826],[77.826,11.821],[77.817,11.817],[77.805,11.816],[77.791,11.821],[77.779,11.836],[77.765,11.844],[77.775,11.849],[77.794,11.862],[77.802,11.865],[77.812,11.872],[77.817,11.885],[77.814,11.894],[77.799,11.885],[77.797,11.89],[77.793,11.894],[77.792,11.899],[77.777,11.888],[77.763,11.889],[77.73,11.899],[77.736,11.91],[77.737,11.92],[77.733,11.927],[77.723,11.934],[77.707,11.928],[77.691,11.933],[77.674,11.942],[77.655,11.947],[77.66,11.963],[77.669,11.971],[77.679,11.97],[77.69,11.961],[77.692,11.957],[77.703,11.954],[77.714,11.955],[77.723,11.961],[77.735,11.956],[77.74,11.955],[77.747,11.955],[77.755,11.952],[77.757,11.947],[77.757,11.942],[77.758,11.94],[77.765,11.939],[77.774,11.939],[77.78,11.943],[77.784,11.955],[77.792,11.955],[77.793,11.944],[77.799,11.937],[77.812,11.927],[77.819,11.927],[77.829,11.938],[77.843,11.935],[77.859,11.93],[77.874,11.934],[77.88,11.928],[77.885,11.927],[77.892,11.929]]]}},{"type":"Feature","properties":{"name":"Gandhi Sagar Dam","feature":"Reservoir","rank":8,"code":"IND"},"geometry":{"type":"Polygon","coordinates":[[[75.61,24.647],[75.635,24.638],[75.647,24.618],[75.638,24.621],[75.628,24.623],[75.619,24.622],[75.612,24.618],[75.609,24.607],[75.614,24.601],[75.622,24.596],[75.626,24.59],[75.626,24.526],[75.622,24.517],[75.588,24.477],[75.588,24.465],[75.607,24.423],[75.612,24.406],[75.594,24.416],[75.58,24.431],[75.571,24.447],[75.564,24.461],[75.554,24.456],[75.547,24.45],[75.53,24.431],[75.527,24.427],[75.525,24.422],[75.525,24.416],[75.522,24.408],[75.516,24.407],[75.509,24.408],[75.503,24.406],[75.468,24.347],[75.452,24.337],[75.437,24.333],[75.433,24.325],[75.432,24.316],[75.428,24.309],[75.417,24.306],[75.383,24.309],[75.366,24.299],[75.374,24.277],[75.4,24.241],[75.387,24.241],[75.388,24.237],[75.392,24.231],[75.393,24.227],[75.382,24.224],[75.372,24.226],[75.361,24.225],[75.346,24.214],[75.338,24.225],[75.341,24.233],[75.349,24.241],[75.353,24.251],[75.35,24.262],[75.343,24.267],[75.336,24.27],[75.332,24.275],[75.333,24.285],[75.336,24.296],[75.337,24.305],[75.328,24.309],[75.31,24.31],[75.304,24.312],[75.298,24.316],[75.304,24.321],[75.31,24.325],[75.317,24.328],[75.344,24.334],[75.37,24.353],[75.408,24.363],[75.422,24.377],[75.428,24.395],[75.421,24.413],[75.456,24.426],[75.464,24.435],[75.448,24.447],[75.464,24.454],[75.508,24.483],[75.517,24.491],[75.52,24.502],[75.528,24.511],[75.544,24.523],[75.549,24.525],[75.561,24.535],[75.568,24.545],[75.561,24.549],[75.55,24.562],[75.547,24.591],[75.55,24.621],[75.557,24.639],[75.581,24.648],[75.61,24.647]]]}},{"type":"Feature","properties":{"name":"Bhumphol K. K. Nam","feature":"Reservoir","rank":8,"code":"THA"},"geometry":{"type":"Polygon","coordinates":[[[98.841,17.342],[98.835,17.357],[98.834,17.363],[98.857,17.361],[98.862,17.357],[98.867,17.351],[98.872,17.35],[98.877,17.361],[98.874,17.363],[98.869,17.37],[98.865,17.379],[98.864,17.388],[98.874,17.402],[98.887,17.399],[98.898,17.386],[98.905,17.375],[98.917,17.33],[98.967,17.219],[98.953,17.189],[98.948,17.205],[98.933,17.21],[98.914,17.212],[98.899,17.217],[98.909,17.222],[98.913,17.224],[98.903,17.235],[98.894,17.24],[98.887,17.247],[98.885,17.262],[98.889,17.269],[98.913,17.299],[98.913,17.306],[98.91,17.308],[98.906,17.31],[98.899,17.313],[98.897,17.307],[98.893,17.298],[98.891,17.292],[98.884,17.296],[98.874,17.299],[98.863,17.3],[98.851,17.299],[98.857,17.305],[98.856,17.311],[98.853,17.317],[98.851,17.326],[98.848,17.327],[98.844,17.326],[98.839,17.326],[98.837,17.33],[98.838,17.338],[98.841,17.342]]]}},{"type":"Feature","properties":{"name":"Sirikit Dam","feature":"Reservoir","rank":8,"code":"THA"},"geometry":{"type":"Polygon","coordinates":[[[100.503,17.931],[100.501,17.923],[100.5,17.907],[100.501,17.894],[100.505,17.882],[100.513,17.872],[100.524,17.865],[100.538,17.862],[100.548,17.866],[100.566,17.883],[100.568,17.872],[100.563,17.837],[100.577,17.79],[100.577,17.781],[100.484,17.768],[100.473,17.769],[100.468,17.793],[100.464,17.8],[100.478,17.811],[100.485,17.818],[100.49,17.826],[100.458,17.842],[100.426,17.837],[100.393,17.825],[100.359,17.821],[100.365,17.826],[100.397,17.855],[100.423,17.872],[100.428,17.877],[100.429,17.885],[100.428,17.894],[100.426,17.902],[100.422,17.91],[100.413,17.923],[100.41,17.931],[100.415,17.933],[100.438,17.925],[100.446,17.925],[100.464,17.929],[100.466,17.935],[100.465,17.943],[100.462,17.951],[100.461,17.958],[100.464,17.963],[100.468,17.965],[100.478,17.968],[100.483,17.972],[100.485,17.975],[100.486,17.979],[100.489,17.985],[100.5,17.988],[100.508,17.991],[100.514,17.998],[100.517,18.009],[100.517,18.02],[100.518,18.026],[100.522,18.029],[100.527,18.03],[100.54,18.028],[100.545,18.029],[100.55,18.031],[100.564,18.041],[100.572,18.049],[100.576,18.051],[100.585,18.051],[100.613,18.04],[100.619,18.039],[100.556,18.001],[100.538,17.985],[100.534,17.978],[100.532,17.966],[100.53,17.959],[100.525,17.953],[100.512,17.944],[100.507,17.938],[100.503,17.931]]]}},{"type":"Feature","properties":{"name":"Senanayaka Samudra","feature":"Reservoir","rank":9,"code":"LKA"},"geometry":{"type":"Polygon","coordinates":[[[81.49,7.221],[81.537,7.219],[81.547,7.215],[81.545,7.205],[81.53,7.176],[81.528,7.172],[81.527,7.169],[81.527,7.161],[81.525,7.156],[81.519,7.138],[81.516,7.133],[81.506,7.128],[81.504,7.138],[81.506,7.174],[81.504,7.182],[81.498,7.181],[81.486,7.171],[81.48,7.16],[81.474,7.13],[81.468,7.12],[81.448,7.115],[81.434,7.114],[81.424,7.116],[81.435,7.125],[81.459,7.152],[81.468,7.157],[81.472,7.165],[81.469,7.181],[81.457,7.195],[81.438,7.198],[81.428,7.194],[81.408,7.18],[81.4,7.178],[81.389,7.181],[81.383,7.188],[81.382,7.195],[81.386,7.198],[81.406,7.201],[81.437,7.211],[81.458,7.212],[81.45,7.225],[81.447,7.239],[81.451,7.251],[81.464,7.261],[81.464,7.246],[81.472,7.229],[81.49,7.221]]]}},{"type":"Feature","properties":{"name":"Beidagang","feature":"Reservoir","rank":9,"code":"CHN"},"geometry":{"type":"Polygon","coordinates":[[[117.402,38.762],[117.414,38.76],[117.428,38.755],[117.394,38.714],[117.39,38.707],[117.325,38.686],[117.329,38.74],[117.332,38.755],[117.346,38.749],[117.356,38.753],[117.365,38.759],[117.376,38.763],[117.402,38.762]]]}},{"type":"Feature","properties":{"name":"Supung Lake","feature":"Reservoir","rank":9,"code":"CHN"},"geometry":{"type":"Polygon","coordinates":[[[125.3,40.657],[125.342,40.673],[125.363,40.674],[125.359,40.668],[125.354,40.665],[125.35,40.661],[125.342,40.654],[125.332,40.636],[125.325,40.633],[125.314,40.636],[125.307,40.642],[125.299,40.645],[125.288,40.639],[125.3,40.636],[125.306,40.632],[125.306,40.626],[125.301,40.619],[125.297,40.619],[125.269,40.607],[125.267,40.605],[125.225,40.599],[125.214,40.594],[125.191,40.581],[125.164,40.574],[125.119,40.555],[125.11,40.547],[125.099,40.542],[125.027,40.523],[125.027,40.515],[125.041,40.516],[125.048,40.512],[125.05,40.504],[125.055,40.496],[125.07,40.486],[125.071,40.481],[125.062,40.474],[125.065,40.452],[125.034,40.447],[124.959,40.454],[124.97,40.466],[124.988,40.47],[125.027,40.468],[125.017,40.475],[124.986,40.486],[124.98,40.492],[124.976,40.499],[124.957,40.524],[124.912,40.551],[124.915,40.554],[124.925,40.559],[124.934,40.566],[124.938,40.578],[124.95,40.573],[124.956,40.564],[124.966,40.543],[124.974,40.538],[124.982,40.535],[124.989,40.53],[124.993,40.515],[125.002,40.527],[125.01,40.535],[125.017,40.544],[125.021,40.557],[125.03,40.552],[125.038,40.55],[125.047,40.552],[125.055,40.557],[125.051,40.565],[125.05,40.568],[125.055,40.578],[125.073,40.567],[125.096,40.567],[125.115,40.577],[125.124,40.595],[125.135,40.599],[125.205,40.612],[125.236,40.614],[125.246,40.619],[125.254,40.628],[125.257,40.639],[125.263,40.649],[125.277,40.653],[125.3,40.657]]]}},{"type":"Feature","properties":{"name":"Issyk-Kul","feature":"Alkaline Lake","rank":2,"code":"KGZ"},"geometry":{"type":"Polygon","coordinates":[[[78.255,42.6],[78.306,42.603],[78.328,42.595],[78.32,42.572],[78.3,42.563],[78.173,42.575],[78.151,42.574],[78.128,42.565],[78.108,42.551],[78.056,42.493],[78.029,42.475],[77.996,42.466],[77.925,42.462],[77.901,42.458],[77.829,42.435],[77.812,42.421],[77.823,42.403],[77.893,42.392],[77.915,42.374],[77.879,42.373],[77.852,42.361],[77.83,42.343],[77.792,42.294],[77.687,42.215],[77.657,42.203],[77.622,42.197],[77.583,42.195],[77.553,42.186],[77.515,42.169],[77.481,42.162],[77.463,42.181],[77.427,42.17],[77.39,42.17],[77.319,42.181],[77.289,42.181],[77.175,42.166],[77.151,42.16],[77.137,42.153],[77.129,42.155],[77.121,42.159],[77.114,42.161],[77.048,42.161],[77.018,42.169],[76.988,42.182],[76.961,42.187],[76.942,42.167],[76.935,42.167],[76.927,42.184],[76.907,42.198],[76.884,42.206],[76.841,42.212],[76.82,42.22],[76.765,42.257],[76.755,42.262],[76.744,42.264],[76.729,42.26],[76.718,42.253],[76.706,42.251],[76.692,42.26],[76.676,42.267],[76.606,42.271],[76.562,42.28],[76.397,42.346],[76.372,42.347],[76.349,42.336],[76.333,42.323],[76.314,42.316],[76.293,42.314],[76.27,42.318],[76.259,42.323],[76.248,42.329],[76.24,42.337],[76.233,42.364],[76.226,42.373],[76.217,42.381],[76.208,42.393],[76.212,42.395],[76.223,42.4],[76.22,42.404],[76.216,42.406],[76.208,42.407],[76.215,42.407],[76.202,42.419],[76.196,42.44],[76.202,42.46],[76.226,42.469],[76.305,42.482],[76.333,42.483],[76.443,42.468],[76.456,42.468],[76.466,42.473],[76.488,42.503],[76.497,42.51],[76.52,42.515],[76.575,42.509],[76.6,42.514],[76.62,42.527],[76.653,42.556],[76.675,42.565],[76.976,42.61],[76.982,42.614],[76.994,42.612],[77.014,42.606],[77.027,42.61],[77.047,42.628],[77.058,42.634],[77.084,42.64],[77.136,42.643],[77.174,42.653],[77.185,42.652],[77.195,42.649],[77.206,42.647],[77.22,42.649],[77.23,42.653],[77.239,42.657],[77.325,42.68],[77.35,42.682],[77.373,42.678],[77.436,42.653],[77.528,42.647],[77.538,42.65],[77.549,42.657],[77.569,42.671],[77.579,42.676],[77.62,42.682],[77.704,42.706],[77.746,42.711],[77.771,42.72],[77.784,42.723],[77.798,42.723],[77.833,42.716],[77.917,42.727],[77.956,42.714],[77.983,42.713],[78.012,42.716],[78.033,42.72],[78.083,42.722],[78.104,42.726],[78.118,42.733],[78.137,42.74],[78.205,42.746],[78.224,42.743],[78.236,42.746],[78.306,42.743],[78.306,42.736],[78.283,42.733],[78.25,42.719],[78.234,42.716],[78.212,42.721],[78.202,42.721],[78.193,42.704],[78.175,42.68],[78.169,42.675],[78.158,42.672],[78.132,42.671],[78.121,42.668],[78.111,42.659],[78.09,42.633],[78.083,42.627],[78.082,42.623],[78.089,42.613],[78.1,42.604],[78.111,42.6],[78.255,42.6]]]}},{"type":"Feature","properties":{"name":"Turkana","feature":"Alkaline Lake","rank":3,"code":"KEN"},"geometry":{"type":"Polygon","coordinates":[[[36.698,2.769],[36.71,2.73],[36.688,2.715],[36.691,2.684],[36.7,2.646],[36.696,2.614],[36.696,2.621],[36.694,2.545],[36.708,2.508],[36.702,2.486],[36.691,2.467],[36.636,2.409],[36.628,2.404],[36.622,2.403],[36.597,2.407],[36.594,2.408],[36.582,2.407],[36.572,2.405],[36.565,2.401],[36.558,2.394],[36.532,2.423],[36.526,2.464],[36.526,2.51],[36.518,2.552],[36.495,2.591],[36.477,2.612],[36.443,2.631],[36.437,2.654],[36.437,2.724],[36.436,2.73],[36.431,2.741],[36.418,2.764],[36.41,2.791],[36.4,2.813],[36.381,2.846],[36.358,2.866],[36.303,2.903],[36.261,2.938],[36.258,2.943],[36.251,2.973],[36.247,2.981],[36.24,2.982],[36.223,2.967],[36.213,2.963],[36.203,2.966],[36.19,2.979],[36.182,2.983],[36.142,2.982],[36.127,2.988],[36.121,3.008],[36.148,3.117],[36.148,3.128],[36.145,3.14],[36.136,3.161],[36.135,3.172],[36.137,3.182],[36.146,3.203],[36.148,3.213],[36.143,3.22],[36.13,3.22],[36.106,3.216],[36.072,3.23],[36.065,3.235],[36.059,3.24],[36.053,3.243],[36.042,3.244],[36.028,3.253],[35.996,3.306],[35.977,3.319],[35.959,3.328],[35.948,3.339],[35.943,3.364],[35.943,3.529],[35.94,3.541],[35.933,3.55],[35.926,3.552],[35.923,3.542],[35.926,3.532],[35.937,3.508],[35.936,3.497],[35.918,3.481],[35.908,3.496],[35.903,3.522],[35.902,3.542],[35.896,3.561],[35.883,3.575],[35.867,3.587],[35.853,3.6],[35.841,3.63],[35.834,3.673],[35.833,3.72],[35.84,3.758],[35.845,3.767],[35.857,3.782],[35.86,3.792],[35.861,3.805],[35.853,3.837],[35.854,3.959],[35.865,3.991],[35.92,4.106],[35.923,4.118],[35.915,4.423],[35.918,4.437],[35.927,4.465],[35.932,4.504],[35.946,4.552],[35.949,4.577],[35.956,4.594],[35.97,4.617],[35.988,4.635],[36.004,4.635],[36.008,4.623],[36.007,4.591],[36.014,4.577],[36.023,4.566],[36.029,4.554],[36.033,4.54],[36.032,4.525],[36.038,4.525],[36.054,4.547],[36.058,4.56],[36.039,4.573],[36.03,4.587],[36.025,4.603],[36.025,4.615],[36.043,4.637],[36.074,4.643],[36.107,4.638],[36.127,4.622],[36.127,4.63],[36.122,4.658],[36.124,4.663],[36.155,4.664],[36.167,4.66],[36.175,4.649],[36.187,4.625],[36.185,4.616],[36.168,4.615],[36.198,4.547],[36.203,4.516],[36.196,4.478],[36.207,4.462],[36.208,4.443],[36.2,4.387],[36.191,4.367],[36.189,4.358],[36.188,4.339],[36.211,4.301],[36.215,4.286],[36.216,4.262],[36.214,4.242],[36.215,4.23],[36.223,4.215],[36.221,4.21],[36.218,4.205],[36.216,4.2],[36.219,4.193],[36.226,4.189],[36.233,4.185],[36.237,4.183],[36.242,4.166],[36.245,4.145],[36.243,4.124],[36.225,4.088],[36.216,4.032],[36.198,3.979],[36.193,3.97],[36.182,3.962],[36.185,3.943],[36.219,3.88],[36.223,3.868],[36.23,3.832],[36.234,3.823],[36.239,3.816],[36.243,3.809],[36.244,3.801],[36.244,3.789],[36.247,3.779],[36.253,3.774],[36.261,3.77],[36.265,3.765],[36.266,3.754],[36.264,3.743],[36.246,3.694],[36.24,3.686],[36.236,3.684],[36.231,3.683],[36.22,3.683],[36.217,3.681],[36.215,3.671],[36.213,3.666],[36.211,3.659],[36.206,3.54],[36.216,3.457],[36.223,3.435],[36.24,3.394],[36.244,3.371],[36.238,3.346],[36.227,3.334],[36.223,3.322],[36.237,3.299],[36.275,3.263],[36.292,3.243],[36.299,3.22],[36.299,3.209],[36.301,3.199],[36.307,3.192],[36.326,3.187],[36.331,3.18],[36.341,3.162],[36.376,3.123],[36.381,3.11],[36.382,3.1],[36.388,3.076],[36.387,3.041],[36.388,3.032],[36.401,3.011],[36.532,2.902],[36.575,2.895],[36.658,2.899],[36.689,2.881],[36.699,2.85],[36.698,2.769]]]}},{"type":"Feature","properties":{"name":"Uvs","feature":"Alkaline Lake","rank":3,"code":"MNG"},"geometry":{"type":"Polygon","coordinates":[[[92.325,50.226],[92.33,50.237],[92.353,50.267],[92.349,50.302],[92.317,50.33],[92.244,50.377],[92.227,50.415],[92.245,50.446],[92.283,50.468],[92.326,50.479],[92.382,50.485],[92.41,50.492],[92.432,50.504],[92.441,50.507],[92.465,50.514],[92.471,50.517],[92.475,50.529],[92.487,50.538],[92.511,50.548],[92.544,50.554],[92.609,50.547],[92.642,50.548],[92.686,50.561],[92.713,50.564],[92.751,50.573],[92.762,50.579],[92.773,50.589],[92.796,50.602],[92.806,50.61],[92.812,50.618],[92.823,50.638],[92.83,50.648],[92.849,50.666],[92.873,50.684],[92.901,50.693],[92.929,50.685],[92.962,50.672],[92.995,50.653],[93.007,50.625],[92.991,50.583],[92.955,50.536],[92.953,50.528],[92.962,50.524],[92.974,50.515],[92.986,50.505],[92.991,50.497],[92.992,50.484],[92.998,50.477],[93.075,50.44],[93.09,50.429],[93.138,50.371],[93.156,50.356],[93.177,50.348],[93.196,50.349],[93.215,50.358],[93.234,50.374],[93.255,50.383],[93.279,50.387],[93.292,50.381],[93.279,50.364],[93.269,50.361],[93.231,50.356],[93.231,50.345],[93.239,50.334],[93.248,50.325],[93.255,50.322],[93.265,50.319],[93.28,50.305],[93.289,50.302],[93.302,50.305],[93.322,50.318],[93.334,50.322],[93.347,50.323],[93.36,50.32],[93.372,50.315],[93.382,50.309],[93.397,50.295],[93.404,50.286],[93.399,50.281],[93.394,50.278],[93.388,50.271],[93.381,50.264],[93.28,50.235],[93.26,50.238],[93.252,50.257],[93.239,50.266],[93.106,50.237],[93.083,50.227],[93.073,50.209],[93.067,50.189],[93.054,50.17],[92.991,50.117],[92.973,50.088],[92.967,50.083],[92.966,50.079],[92.931,50.053],[92.743,49.997],[92.69,49.993],[92.576,50.0],[92.573,50.004],[92.572,50.014],[92.569,50.023],[92.563,50.027],[92.518,50.031],[92.505,50.034],[92.493,50.04],[92.486,50.047],[92.48,50.054],[92.471,50.062],[92.461,50.065],[92.447,50.068],[92.434,50.071],[92.429,50.079],[92.427,50.1],[92.42,50.114],[92.405,50.124],[92.348,50.156],[92.338,50.171],[92.334,50.196],[92.331,50.205],[92.327,50.215],[92.325,50.226]]]}},{"type":"Feature","properties":{"name":"Qinghai","feature":"Alkaline Lake","rank":3,"code":"CHN"},"geometry":{"type":"Polygon","coordinates":[[[100.717,36.853],[100.752,36.825],[100.766,36.804],[100.762,36.781],[100.743,36.773],[100.72,36.776],[100.702,36.776],[100.693,36.757],[100.699,36.744],[100.734,36.706],[100.742,36.684],[100.739,36.67],[100.732,36.656],[100.72,36.59],[100.713,36.566],[100.704,36.555],[100.694,36.553],[100.672,36.544],[100.659,36.541],[100.649,36.542],[100.628,36.545],[100.56,36.567],[100.54,36.569],[100.498,36.578],[100.459,36.6],[100.445,36.623],[100.481,36.638],[100.481,36.644],[100.45,36.645],[100.44,36.644],[100.435,36.642],[100.424,36.633],[100.419,36.63],[100.41,36.632],[100.403,36.637],[100.395,36.638],[100.393,36.644],[100.39,36.657],[100.385,36.666],[100.367,36.658],[100.33,36.651],[100.3,36.658],[100.289,36.658],[100.277,36.655],[100.259,36.646],[100.221,36.642],[100.159,36.624],[100.134,36.624],[100.089,36.635],[100.022,36.644],[99.981,36.658],[99.943,36.676],[99.926,36.689],[99.908,36.72],[99.882,36.722],[99.837,36.712],[99.811,36.713],[99.798,36.724],[99.782,36.761],[99.791,36.774],[99.79,36.793],[99.78,36.811],[99.762,36.822],[99.723,36.833],[99.702,36.842],[99.683,36.866],[99.637,36.889],[99.624,36.898],[99.619,36.908],[99.618,36.918],[99.619,36.928],[99.624,36.939],[99.662,36.967],[99.682,36.966],[99.697,36.962],[99.734,36.946],[99.782,36.938],[99.821,36.951],[99.842,36.981],[99.837,37.021],[99.833,37.038],[99.831,37.042],[99.827,37.044],[99.82,37.047],[99.817,37.049],[99.781,37.082],[99.77,37.106],[99.76,37.122],[99.755,37.142],[99.762,37.165],[99.777,37.178],[99.797,37.185],[99.837,37.193],[99.893,37.212],[99.935,37.216],[99.968,37.225],[99.984,37.228],[100.0,37.224],[100.043,37.199],[100.079,37.191],[100.183,37.193],[100.193,37.19],[100.216,37.18],[100.224,37.182],[100.231,37.188],[100.239,37.193],[100.249,37.198],[100.258,37.199],[100.275,37.196],[100.286,37.189],[100.297,37.179],[100.296,37.179],[100.347,37.118],[100.442,37.046],[100.47,37.017],[100.56,36.887],[100.578,36.87],[100.593,36.864],[100.639,36.863],[100.65,36.861],[100.672,36.852],[100.68,36.849],[100.689,36.854],[100.696,36.86],[100.704,36.863],[100.717,36.853]]]}},{"type":"Feature","properties":{"name":"Milh","feature":"Alkaline Lake","rank":3,"code":"IRQ"},"geometry":{"type":"Polygon","coordinates":[[[43.826,32.725],[43.898,32.704],[43.9,32.695],[43.892,32.662],[43.892,32.618],[43.886,32.602],[43.873,32.588],[43.834,32.561],[43.812,32.553],[43.802,32.546],[43.793,32.536],[43.779,32.515],[43.769,32.505],[43.764,32.514],[43.757,32.517],[43.75,32.516],[43.741,32.512],[43.749,32.526],[43.745,32.536],[43.738,32.546],[43.735,32.561],[43.727,32.561],[43.726,32.556],[43.721,32.546],[43.714,32.546],[43.712,32.552],[43.708,32.561],[43.707,32.567],[43.703,32.564],[43.7,32.561],[43.694,32.561],[43.682,32.567],[43.679,32.556],[43.677,32.541],[43.669,32.533],[43.656,32.538],[43.652,32.55],[43.652,32.581],[43.661,32.578],[43.666,32.578],[43.679,32.581],[43.664,32.588],[43.648,32.585],[43.63,32.578],[43.611,32.574],[43.619,32.586],[43.624,32.59],[43.631,32.595],[43.618,32.597],[43.597,32.606],[43.584,32.608],[43.574,32.591],[43.538,32.596],[43.499,32.612],[43.481,32.632],[43.445,32.679],[43.429,32.71],[43.439,32.731],[43.43,32.737],[43.426,32.738],[43.426,32.745],[43.435,32.753],[43.431,32.769],[43.412,32.807],[43.415,32.805],[43.418,32.804],[43.422,32.803],[43.426,32.8],[43.434,32.813],[43.444,32.826],[43.449,32.837],[43.447,32.848],[43.432,32.842],[43.426,32.851],[43.419,32.863],[43.405,32.869],[43.405,32.876],[43.414,32.879],[43.429,32.887],[43.439,32.889],[43.451,32.882],[43.462,32.877],[43.473,32.876],[43.473,32.882],[43.456,32.884],[43.455,32.889],[43.462,32.897],[43.467,32.906],[43.47,32.91],[43.484,32.909],[43.487,32.913],[43.487,32.922],[43.488,32.929],[43.491,32.936],[43.495,32.944],[43.483,32.952],[43.458,32.977],[43.453,32.985],[43.458,32.997],[43.479,33.017],[43.487,33.026],[43.505,33.018],[43.518,33.022],[43.526,33.033],[43.529,33.047],[43.521,33.087],[43.522,33.105],[43.535,33.115],[43.533,33.093],[43.535,33.074],[43.542,33.057],[43.555,33.04],[43.571,33.03],[43.61,33.02],[43.625,33.012],[43.616,32.99],[43.624,32.973],[43.638,32.959],[43.645,32.947],[43.648,32.934],[43.666,32.89],[43.732,32.775],[43.754,32.752],[43.763,32.749],[43.796,32.745],[43.819,32.728],[43.826,32.725]]]}},{"type":"Feature","properties":{"name":"Dead Sea","feature":"Alkaline Lake","rank":3,"code":"JOR"},"geometry":{"type":"Polygon","coordinates":[[[35.559,31.766],[35.586,31.753],[35.588,31.731],[35.578,31.701],[35.555,31.538],[35.568,31.497],[35.572,31.468],[35.545,31.354],[35.545,31.346],[35.548,31.339],[35.548,31.332],[35.54,31.323],[35.524,31.31],[35.513,31.305],[35.504,31.306],[35.501,31.318],[35.513,31.354],[35.51,31.368],[35.491,31.367],[35.442,31.322],[35.415,31.327],[35.406,31.345],[35.402,31.395],[35.394,31.436],[35.401,31.472],[35.393,31.514],[35.398,31.532],[35.408,31.549],[35.415,31.566],[35.414,31.578],[35.408,31.602],[35.408,31.615],[35.413,31.624],[35.435,31.656],[35.455,31.695],[35.477,31.731],[35.507,31.756],[35.551,31.766],[35.559,31.766]]]}},{"type":"Feature","properties":{"name":"Urmia","feature":"Alkaline Lake","rank":4,"code":"IRN"},"geometry":{"type":"Polygon","coordinates":[[[45.902,37.401],[45.91,37.389],[45.913,37.374],[45.909,37.363],[45.899,37.367],[45.887,37.374],[45.876,37.374],[45.863,37.366],[45.835,37.356],[45.824,37.35],[45.822,37.346],[45.818,37.326],[45.814,37.323],[45.748,37.285],[45.735,37.282],[45.718,37.285],[45.703,37.294],[45.695,37.307],[45.7,37.323],[45.69,37.321],[45.668,37.314],[45.66,37.31],[45.637,37.279],[45.629,37.275],[45.624,37.264],[45.618,37.193],[45.611,37.172],[45.6,37.15],[45.585,37.131],[45.567,37.124],[45.555,37.127],[45.545,37.134],[45.538,37.141],[45.532,37.144],[45.512,37.144],[45.504,37.143],[45.503,37.139],[45.504,37.134],[45.502,37.13],[45.478,37.121],[45.463,37.121],[45.451,37.131],[45.405,37.181],[45.4,37.191],[45.396,37.196],[45.39,37.199],[45.378,37.198],[45.372,37.199],[45.356,37.211],[45.345,37.228],[45.341,37.237],[45.341,37.246],[45.338,37.252],[45.328,37.254],[45.317,37.265],[45.303,37.336],[45.3,37.343],[45.282,37.363],[45.295,37.367],[45.307,37.372],[45.318,37.38],[45.324,37.391],[45.317,37.406],[45.308,37.437],[45.295,37.458],[45.292,37.475],[45.286,37.484],[45.265,37.5],[45.262,37.504],[45.265,37.519],[45.279,37.545],[45.282,37.556],[45.282,37.574],[45.276,37.584],[45.249,37.604],[45.263,37.615],[45.256,37.633],[45.242,37.653],[45.235,37.669],[45.239,37.68],[45.249,37.686],[45.258,37.69],[45.262,37.696],[45.254,37.756],[45.253,37.76],[45.249,37.768],[45.224,37.794],[45.221,37.806],[45.183,37.823],[45.182,37.824],[45.174,37.831],[45.169,37.839],[45.159,37.837],[45.146,37.83],[45.078,37.854],[45.06,37.858],[45.063,37.869],[45.049,37.933],[45.048,37.954],[45.051,37.972],[45.06,37.988],[45.073,38.004],[45.091,38.015],[45.139,38.023],[45.159,38.029],[45.181,38.038],[45.19,38.046],[45.193,38.059],[45.194,38.093],[45.197,38.098],[45.201,38.103],[45.199,38.113],[45.193,38.131],[45.187,38.139],[45.179,38.145],[45.173,38.152],[45.173,38.166],[45.166,38.166],[45.154,38.141],[45.14,38.13],[45.125,38.135],[45.111,38.159],[45.094,38.147],[45.073,38.135],[45.051,38.126],[45.029,38.124],[45.004,38.138],[44.998,38.159],[45.004,38.176],[45.015,38.172],[45.024,38.183],[45.027,38.194],[45.033,38.203],[45.049,38.207],[45.047,38.25],[45.094,38.268],[45.308,38.272],[45.362,38.266],[45.417,38.225],[45.465,38.176],[45.485,38.166],[45.494,38.156],[45.498,38.135],[45.499,38.114],[45.498,38.104],[45.503,38.096],[45.495,38.076],[45.474,38.043],[45.486,38.033],[45.477,38.003],[45.488,37.988],[45.454,37.974],[45.459,37.969],[45.463,37.963],[45.468,37.96],[45.46,37.954],[45.439,37.94],[45.434,37.936],[45.431,37.931],[45.41,37.909],[45.406,37.901],[45.405,37.888],[45.406,37.864],[45.412,37.848],[45.414,37.817],[45.413,37.816],[45.422,37.798],[45.436,37.778],[45.454,37.761],[45.479,37.751],[45.485,37.741],[45.49,37.732],[45.494,37.727],[45.507,37.729],[45.518,37.738],[45.524,37.749],[45.522,37.761],[45.549,37.766],[45.645,37.767],[45.666,37.758],[45.711,37.725],[45.742,37.712],[45.756,37.727],[45.756,37.712],[45.761,37.7],[45.776,37.679],[45.782,37.675],[45.787,37.673],[45.793,37.671],[45.797,37.665],[45.797,37.657],[45.795,37.653],[45.791,37.648],[45.79,37.641],[45.773,37.634],[45.663,37.645],[45.66,37.64],[45.667,37.631],[45.678,37.622],[45.705,37.613],[45.709,37.603],[45.709,37.59],[45.714,37.576],[45.726,37.564],[45.766,37.532],[45.774,37.528],[45.784,37.528],[45.793,37.526],[45.797,37.518],[45.798,37.512],[45.8,37.507],[45.805,37.503],[45.81,37.501],[45.811,37.48],[45.831,37.45],[45.857,37.424],[45.876,37.412],[45.89,37.409],[45.902,37.401]],[[45.543,37.344],[45.558,37.34],[45.557,37.352],[45.543,37.377],[45.537,37.386],[45.53,37.397],[45.53,37.407],[45.543,37.412],[45.541,37.418],[45.538,37.423],[45.534,37.428],[45.529,37.432],[45.511,37.439],[45.497,37.436],[45.494,37.426],[45.509,37.412],[45.488,37.407],[45.484,37.4],[45.49,37.393],[45.502,37.385],[45.509,37.382],[45.526,37.378],[45.532,37.374],[45.537,37.367],[45.543,37.344]],[[45.652,37.487],[45.666,37.48],[45.664,37.502],[45.647,37.508],[45.604,37.508],[45.6,37.513],[45.595,37.522],[45.589,37.528],[45.581,37.525],[45.569,37.512],[45.567,37.507],[45.57,37.501],[45.57,37.494],[45.567,37.493],[45.566,37.493],[45.565,37.492],[45.564,37.487],[45.573,37.487],[45.581,37.485],[45.604,37.472],[45.609,37.467],[45.612,37.46],[45.618,37.46],[45.625,37.469],[45.642,37.479],[45.652,37.487]]]}},{"type":"Feature","properties":{"name":"Sarygamysh","feature":"Alkaline Lake","rank":4,"code":"TKM"},"geometry":{"type":"Polygon","coordinates":[[[57.865,41.827],[57.884,41.817],[57.886,41.807],[57.879,41.798],[57.865,41.789],[57.855,41.776],[57.851,41.756],[57.857,41.69],[57.854,41.683],[57.848,41.681],[57.839,41.68],[57.801,41.668],[57.732,41.664],[57.708,41.659],[57.688,41.648],[57.675,41.635],[57.664,41.616],[57.653,41.608],[57.636,41.6],[57.618,41.595],[57.599,41.595],[57.559,41.608],[57.546,41.604],[57.533,41.593],[57.514,41.581],[57.494,41.576],[57.482,41.579],[57.471,41.587],[57.454,41.597],[57.436,41.599],[57.42,41.59],[57.388,41.555],[57.369,41.543],[57.352,41.54],[57.336,41.546],[57.242,41.613],[57.236,41.622],[57.231,41.639],[57.229,41.657],[57.231,41.668],[57.234,41.679],[57.237,41.692],[57.232,41.707],[57.22,41.718],[57.162,41.75],[57.153,41.761],[57.137,41.797],[57.127,41.8],[57.118,41.794],[57.112,41.783],[57.107,41.772],[57.079,41.721],[57.08,41.717],[57.081,41.71],[57.08,41.689],[57.075,41.667],[57.067,41.665],[57.059,41.674],[57.046,41.694],[57.033,41.739],[57.036,41.752],[57.052,41.78],[57.058,41.797],[57.068,41.932],[57.072,41.947],[57.197,42.24],[57.229,42.288],[57.238,42.296],[57.265,42.314],[57.307,42.331],[57.365,42.345],[57.39,42.347],[57.407,42.344],[57.419,42.336],[57.441,42.313],[57.453,42.304],[57.465,42.299],[57.475,42.296],[57.518,42.293],[57.57,42.271],[57.595,42.256],[57.614,42.24],[57.628,42.22],[57.637,42.195],[57.646,42.14],[57.645,42.122],[57.639,42.117],[57.616,42.119],[57.605,42.114],[57.599,42.106],[57.596,42.095],[57.595,42.082],[57.598,42.07],[57.608,42.06],[57.622,42.053],[57.665,42.042],[57.723,42.013],[57.727,42.009],[57.728,41.999],[57.728,41.989],[57.724,41.984],[57.698,41.973],[57.684,41.965],[57.678,41.955],[57.676,41.921],[57.68,41.903],[57.695,41.896],[57.747,41.894],[57.762,41.89],[57.778,41.883],[57.841,41.838],[57.865,41.827]]]}},{"type":"Feature","properties":{"name":"Alakol","feature":"Alkaline Lake","rank":4,"code":"KAZ"},"geometry":{"type":"Polygon","coordinates":[[[82.127,45.788],[82.137,45.781],[82.144,45.772],[82.143,45.759],[82.117,45.75],[82.074,45.777],[82.006,45.834],[81.958,45.846],[81.908,45.846],[81.772,45.819],[81.749,45.82],[81.739,45.83],[81.73,45.844],[81.709,45.854],[81.671,45.868],[81.659,45.882],[81.651,45.901],[81.642,45.917],[81.626,45.923],[81.617,45.929],[81.554,45.99],[81.538,46.001],[81.52,46.005],[81.48,46.009],[81.408,46.03],[81.394,46.037],[81.379,46.05],[81.377,46.057],[81.378,46.079],[81.377,46.09],[81.387,46.111],[81.39,46.122],[81.382,46.146],[81.394,46.155],[81.411,46.163],[81.424,46.17],[81.412,46.187],[81.424,46.229],[81.417,46.252],[81.408,46.255],[81.397,46.255],[81.387,46.257],[81.383,46.266],[81.387,46.271],[81.397,46.274],[81.417,46.279],[81.389,46.296],[81.387,46.316],[81.397,46.339],[81.406,46.377],[81.411,46.385],[81.433,46.403],[81.44,46.407],[81.447,46.409],[81.455,46.409],[81.461,46.412],[81.466,46.419],[81.469,46.425],[81.472,46.43],[81.513,46.445],[81.527,46.451],[81.55,46.474],[81.563,46.483],[81.568,46.475],[81.572,46.459],[81.583,46.457],[81.639,46.471],[81.643,46.468],[81.642,46.46],[81.64,46.456],[81.635,46.453],[81.63,46.451],[81.63,46.443],[81.694,46.443],[81.711,46.45],[81.721,46.453],[81.725,46.447],[81.726,46.439],[81.729,46.434],[81.734,46.431],[81.742,46.43],[81.766,46.431],[81.773,46.43],[81.78,46.427],[81.793,46.415],[81.823,46.403],[81.839,46.402],[81.855,46.409],[81.862,46.402],[81.855,46.388],[81.915,46.361],[81.918,46.334],[81.941,46.332],[81.958,46.326],[81.969,46.313],[81.974,46.266],[81.98,46.249],[81.993,46.237],[82.013,46.224],[82.024,46.219],[82.033,46.217],[82.041,46.214],[82.047,46.205],[82.049,46.193],[82.047,46.181],[82.043,46.169],[82.032,46.093],[82.027,46.08],[82.041,46.04],[82.05,45.954],[82.061,45.91],[82.092,45.848],[82.106,45.83],[82.123,45.796],[82.127,45.788]]]}},{"type":"Feature","properties":{"name":"Tuz","feature":"Alkaline Lake","rank":4,"code":"TUR"},"geometry":{"type":"Polygon","coordinates":[[[33.431,38.96],[33.42,38.954],[33.42,38.94],[33.426,38.925],[33.434,38.913],[33.417,38.877],[33.414,38.868],[33.418,38.86],[33.426,38.851],[33.547,38.753],[33.555,38.761],[33.553,38.779],[33.547,38.789],[33.547,38.804],[33.571,38.892],[33.578,38.892],[33.584,38.846],[33.629,38.786],[33.64,38.752],[33.644,38.731],[33.653,38.713],[33.686,38.66],[33.699,38.647],[33.716,38.64],[33.743,38.638],[33.743,38.631],[33.711,38.622],[33.629,38.615],[33.599,38.597],[33.59,38.551],[33.584,38.545],[33.568,38.532],[33.559,38.516],[33.55,38.497],[33.541,38.484],[33.531,38.488],[33.517,38.498],[33.508,38.514],[33.498,38.529],[33.479,38.535],[33.463,38.539],[33.421,38.563],[33.355,38.583],[33.297,38.638],[33.265,38.658],[33.187,38.688],[33.153,38.707],[33.138,38.738],[33.147,38.779],[33.202,38.905],[33.219,38.92],[33.246,38.927],[33.299,38.929],[33.322,38.938],[33.332,38.957],[33.335,38.984],[33.332,38.995],[33.326,39.01],[33.309,39.036],[33.304,39.049],[33.305,39.061],[33.317,39.079],[33.318,39.091],[33.31,39.103],[33.289,39.118],[33.283,39.132],[33.325,39.151],[33.338,39.152],[33.345,39.147],[33.366,39.118],[33.442,39.045],[33.468,38.993],[33.473,38.981],[33.46,38.978],[33.444,38.964],[33.431,38.96]]]}},{"type":"Feature","properties":{"name":"Van","feature":"Alkaline Lake","rank":4,"code":"TUR"},"geometry":{"type":"Polygon","coordinates":[[[43.131,38.317],[43.104,38.314],[43.019,38.317],[43.001,38.327],[42.994,38.335],[42.979,38.337],[42.961,38.335],[42.946,38.337],[42.935,38.344],[42.937,38.352],[42.945,38.361],[42.953,38.372],[42.953,38.378],[42.943,38.385],[42.936,38.393],[42.928,38.396],[42.918,38.392],[42.914,38.398],[42.911,38.402],[42.907,38.404],[42.898,38.406],[42.905,38.433],[42.912,38.433],[42.915,38.429],[42.921,38.423],[42.925,38.419],[42.924,38.428],[42.927,38.431],[42.932,38.431],[42.939,38.433],[42.928,38.448],[42.925,38.453],[42.911,38.447],[42.898,38.448],[42.885,38.451],[42.87,38.453],[42.878,38.461],[42.871,38.468],[42.872,38.472],[42.879,38.474],[42.891,38.474],[42.885,38.477],[42.879,38.481],[42.874,38.487],[42.87,38.494],[42.88,38.501],[42.876,38.506],[42.868,38.505],[42.857,38.474],[42.839,38.47],[42.819,38.474],[42.802,38.481],[42.798,38.456],[42.791,38.447],[42.774,38.44],[42.764,38.444],[42.692,38.439],[42.687,38.442],[42.663,38.472],[42.652,38.479],[42.599,38.486],[42.584,38.494],[42.576,38.508],[42.567,38.503],[42.55,38.498],[42.542,38.494],[42.537,38.49],[42.533,38.484],[42.529,38.478],[42.521,38.474],[42.501,38.471],[42.486,38.475],[42.475,38.484],[42.466,38.494],[42.469,38.495],[42.47,38.501],[42.47,38.509],[42.466,38.515],[42.457,38.517],[42.449,38.514],[42.439,38.508],[42.41,38.496],[42.396,38.496],[42.384,38.508],[42.37,38.498],[42.35,38.491],[42.328,38.487],[42.308,38.488],[42.3,38.508],[42.31,38.518],[42.35,38.529],[42.362,38.538],[42.379,38.567],[42.391,38.577],[42.409,38.579],[42.42,38.581],[42.425,38.587],[42.421,38.592],[42.414,38.599],[42.408,38.607],[42.411,38.618],[42.424,38.623],[42.494,38.625],[42.489,38.63],[42.482,38.634],[42.476,38.636],[42.473,38.638],[42.466,38.659],[42.457,38.67],[42.444,38.692],[42.435,38.704],[42.438,38.721],[42.468,38.737],[42.601,38.778],[42.621,38.782],[42.648,38.783],[42.709,38.793],[42.733,38.803],[42.747,38.8],[42.802,38.793],[42.81,38.786],[42.828,38.785],[42.898,38.796],[42.916,38.797],[42.929,38.793],[42.942,38.785],[42.956,38.784],[43.092,38.804],[43.124,38.816],[43.162,38.841],[43.176,38.844],[43.184,38.851],[43.195,38.881],[43.207,38.892],[43.194,38.898],[43.178,38.9],[43.145,38.899],[43.145,38.901],[43.145,38.904],[43.142,38.906],[43.137,38.906],[43.133,38.903],[43.131,38.894],[43.124,38.89],[43.11,38.878],[43.144,38.88],[43.148,38.865],[43.13,38.852],[43.097,38.858],[43.088,38.867],[43.079,38.88],[43.072,38.893],[43.069,38.903],[43.066,38.926],[43.072,38.931],[43.111,38.934],[43.121,38.937],[43.131,38.942],[43.145,38.947],[43.162,38.948],[43.203,38.94],[43.22,38.943],[43.232,38.949],[43.242,38.956],[43.254,38.96],[43.271,38.962],[43.288,38.961],[43.316,38.954],[43.313,38.961],[43.311,38.975],[43.309,38.981],[43.316,38.981],[43.32,38.973],[43.327,38.968],[43.338,38.967],[43.351,38.967],[43.351,38.978],[43.354,38.985],[43.36,38.988],[43.374,38.987],[43.377,38.988],[43.384,38.991],[43.388,38.996],[43.393,39.0],[43.401,39.002],[43.405,39.0],[43.408,38.998],[43.412,38.996],[43.478,38.993],[43.542,38.981],[43.579,38.982],[43.59,38.981],[43.597,38.977],[43.613,38.965],[43.625,38.96],[43.632,38.964],[43.641,38.96],[43.659,38.947],[43.655,38.946],[43.651,38.945],[43.648,38.944],[43.645,38.94],[43.659,38.933],[43.641,38.931],[43.597,38.92],[43.547,38.918],[43.535,38.913],[43.531,38.908],[43.521,38.885],[43.501,38.871],[43.485,38.868],[43.47,38.869],[43.457,38.867],[43.447,38.858],[43.429,38.859],[43.413,38.85],[43.399,38.837],[43.39,38.823],[43.384,38.823],[43.37,38.841],[43.339,38.846],[43.309,38.836],[43.295,38.807],[43.297,38.787],[43.292,38.779],[43.278,38.776],[43.261,38.774],[43.245,38.77],[43.23,38.763],[43.22,38.755],[43.216,38.751],[43.214,38.746],[43.214,38.74],[43.213,38.731],[43.211,38.721],[43.205,38.716],[43.199,38.712],[43.193,38.707],[43.176,38.686],[43.169,38.672],[43.165,38.656],[43.156,38.637],[43.133,38.625],[43.083,38.612],[43.083,38.604],[43.09,38.604],[43.101,38.613],[43.124,38.62],[43.176,38.625],[43.191,38.621],[43.2,38.611],[43.217,38.587],[43.227,38.581],[43.243,38.575],[43.259,38.571],[43.271,38.569],[43.316,38.542],[43.325,38.486],[43.306,38.44],[43.267,38.44],[43.227,38.418],[43.22,38.416],[43.213,38.408],[43.184,38.389],[43.176,38.385],[43.162,38.383],[43.153,38.376],[43.147,38.365],[43.145,38.351],[43.148,38.335],[43.153,38.327],[43.151,38.322],[43.131,38.317]]]}},{"type":"Feature","properties":{"name":"Abaya","feature":"Alkaline Lake","rank":5,"code":"ETH"},"geometry":{"type":"Polygon","coordinates":[[[38.0,6.617],[38.006,6.618],[38.011,6.622],[38.024,6.585],[38.056,6.561],[38.074,6.555],[38.092,6.559],[38.11,6.587],[38.139,6.594],[38.15,6.55],[38.136,6.511],[38.109,6.487],[38.122,6.45],[38.107,6.451],[38.094,6.45],[38.091,6.43],[38.083,6.4],[38.036,6.37],[38.007,6.315],[38.006,6.285],[38.003,6.256],[37.973,6.231],[37.939,6.216],[37.925,6.196],[37.914,6.175],[37.885,6.145],[37.863,6.11],[37.859,6.078],[37.85,6.05],[37.837,6.059],[37.833,6.089],[37.82,6.071],[37.814,6.044],[37.785,6.034],[37.75,6.022],[37.74,6.009],[37.728,6.0],[37.717,6.005],[37.706,6.011],[37.685,6.01],[37.681,6.027],[37.693,6.059],[37.694,6.094],[37.707,6.117],[37.732,6.131],[37.744,6.137],[37.756,6.144],[37.758,6.158],[37.767,6.168],[37.804,6.178],[37.828,6.2],[37.828,6.194],[37.828,6.189],[37.85,6.184],[37.844,6.144],[37.876,6.199],[37.878,6.261],[37.897,6.276],[37.883,6.306],[37.887,6.346],[37.873,6.382],[37.854,6.447],[37.872,6.511],[37.907,6.516],[37.936,6.553],[37.95,6.573],[37.964,6.593],[37.981,6.606],[38.0,6.617]]]}},{"type":"Feature","properties":{"name":"Dead Sea","feature":"Alkaline Lake","rank":5,"code":"JOR"},"geometry":{"type":"Polygon","coordinates":[[[35.511,31.199],[35.526,31.189],[35.531,31.17],[35.528,31.164],[35.507,31.145],[35.504,31.139],[35.506,31.135],[35.51,31.132],[35.512,31.123],[35.517,31.116],[35.518,31.11],[35.51,31.104],[35.485,31.088],[35.476,31.086],[35.459,31.087],[35.416,31.094],[35.401,31.101],[35.393,31.113],[35.388,31.142],[35.364,31.176],[35.359,31.21],[35.37,31.235],[35.401,31.23],[35.405,31.236],[35.421,31.252],[35.461,31.219],[35.476,31.211],[35.511,31.199]]]}},{"type":"Feature","properties":{"name":"Hammar","feature":"Alkaline Lake","rank":5,"code":"IRQ"},"geometry":{"type":"MultiPolygon","coordinates":[[[[46.705,30.751],[46.732,30.758],[46.749,30.758],[46.77,30.751],[46.77,30.744],[46.756,30.744],[46.758,30.739],[46.76,30.728],[46.762,30.724],[46.743,30.727],[46.724,30.733],[46.687,30.751],[46.705,30.751]]],[[[47.603,30.712],[47.624,30.705],[47.633,30.683],[47.567,30.664],[47.541,30.662],[47.538,30.664],[47.531,30.674],[47.53,30.676],[47.523,30.673],[47.519,30.669],[47.517,30.664],[47.517,30.662],[47.491,30.663],[47.48,30.659],[47.475,30.648],[47.469,30.648],[47.461,30.653],[47.452,30.652],[47.441,30.649],[47.428,30.648],[47.412,30.652],[47.404,30.658],[47.401,30.668],[47.4,30.686],[47.389,30.7],[47.362,30.704],[47.191,30.71],[47.166,30.715],[47.12,30.737],[47.092,30.738],[47.092,30.744],[47.099,30.748],[47.105,30.755],[47.105,30.761],[47.095,30.764],[47.084,30.762],[47.068,30.753],[47.032,30.748],[47.005,30.742],[46.99,30.733],[47.003,30.724],[46.994,30.72],[46.985,30.72],[46.977,30.723],[46.968,30.73],[46.973,30.737],[46.978,30.747],[46.982,30.751],[46.97,30.756],[46.946,30.755],[46.934,30.758],[46.925,30.766],[46.934,30.779],[46.927,30.792],[46.908,30.797],[46.883,30.792],[46.859,30.779],[46.845,30.764],[46.872,30.758],[46.906,30.744],[46.91,30.729],[46.898,30.721],[46.859,30.71],[46.848,30.715],[46.828,30.715],[46.818,30.717],[46.808,30.723],[46.799,30.737],[46.79,30.744],[46.803,30.755],[46.82,30.766],[46.838,30.775],[46.852,30.779],[46.852,30.785],[46.823,30.792],[46.81,30.791],[46.797,30.785],[46.789,30.792],[46.783,30.799],[46.79,30.805],[46.799,30.815],[46.804,30.819],[46.804,30.827],[46.779,30.825],[46.716,30.81],[46.708,30.819],[46.697,30.819],[46.694,30.819],[46.694,30.827],[46.706,30.832],[46.724,30.844],[46.735,30.847],[46.727,30.864],[46.691,30.876],[46.68,30.889],[46.727,30.89],[46.749,30.896],[46.762,30.909],[46.775,30.904],[46.781,30.912],[46.786,30.922],[46.797,30.929],[46.797,30.922],[46.79,30.908],[46.795,30.897],[46.804,30.895],[46.811,30.909],[46.807,30.924],[46.817,30.933],[46.831,30.932],[46.838,30.919],[46.845,30.911],[46.863,30.91],[46.9,30.915],[46.894,30.906],[46.893,30.897],[46.895,30.888],[46.9,30.882],[46.906,30.896],[46.906,30.902],[46.923,30.895],[46.949,30.879],[46.968,30.874],[46.968,30.868],[46.962,30.868],[46.962,30.861],[46.98,30.857],[46.997,30.845],[47.012,30.831],[47.03,30.819],[47.028,30.815],[47.027,30.815],[47.024,30.813],[47.044,30.807],[47.062,30.817],[47.077,30.832],[47.089,30.84],[47.113,30.837],[47.122,30.831],[47.115,30.826],[47.092,30.827],[47.092,30.819],[47.099,30.818],[47.105,30.816],[47.112,30.813],[47.124,30.819],[47.136,30.819],[47.147,30.814],[47.153,30.806],[47.174,30.817],[47.192,30.809],[47.222,30.779],[47.206,30.774],[47.202,30.764],[47.208,30.758],[47.218,30.761],[47.228,30.763],[47.241,30.757],[47.256,30.753],[47.269,30.758],[47.28,30.753],[47.296,30.747],[47.312,30.744],[47.324,30.744],[47.341,30.75],[47.35,30.759],[47.379,30.793],[47.394,30.815],[47.404,30.819],[47.455,30.819],[47.503,30.813],[47.514,30.805],[47.515,30.799],[47.493,30.782],[47.483,30.776],[47.449,30.761],[47.438,30.758],[47.38,30.758],[47.398,30.734],[47.427,30.73],[47.489,30.744],[47.498,30.745],[47.521,30.744],[47.528,30.742],[47.532,30.732],[47.541,30.73],[47.566,30.735],[47.582,30.736],[47.599,30.73],[47.599,30.724],[47.593,30.726],[47.579,30.728],[47.572,30.73],[47.582,30.717],[47.603,30.712]]]]}},{"type":"Feature","properties":{"name":"Khyargas Nuur","feature":"Alkaline Lake","rank":5,"code":"MNG"},"geometry":{"type":"MultiPolygon","coordinates":[[[[92.917,49.329],[92.916,49.329],[92.916,49.329],[92.917,49.329]]],[[[93.788,49.171],[93.807,49.157],[93.812,49.122],[93.786,49.102],[93.699,49.083],[93.657,49.062],[93.58,49.034],[93.553,49.043],[93.516,49.043],[93.479,49.036],[93.454,49.024],[93.435,49.012],[93.43,49.006],[93.428,49.001],[93.431,48.985],[93.43,48.979],[93.416,48.969],[93.383,48.958],[93.368,48.952],[93.335,48.983],[93.323,49.023],[93.316,49.063],[93.3,49.096],[93.281,49.109],[93.264,49.11],[93.245,49.106],[93.217,49.103],[93.163,49.103],[93.137,49.107],[93.114,49.116],[93.103,49.129],[93.093,49.147],[93.081,49.164],[93.063,49.171],[92.87,49.21],[92.827,49.233],[92.806,49.267],[92.815,49.295],[92.843,49.315],[92.879,49.327],[92.917,49.329],[92.917,49.329],[92.928,49.329],[92.952,49.325],[92.977,49.318],[92.991,49.308],[93.015,49.322],[93.087,49.32],[93.136,49.34],[93.152,49.332],[93.176,49.308],[93.192,49.301],[93.208,49.3],[93.238,49.302],[93.299,49.294],[93.369,49.273],[93.424,49.237],[93.443,49.185],[93.45,49.185],[93.459,49.211],[93.486,49.22],[93.521,49.218],[93.589,49.206],[93.604,49.2],[93.618,49.188],[93.645,49.151],[93.657,49.144],[93.651,49.158],[93.642,49.174],[93.635,49.19],[93.636,49.206],[93.645,49.218],[93.659,49.219],[93.69,49.206],[93.788,49.171]]]]}},{"type":"Feature","properties":{"name":"Assal","feature":"Alkaline Lake","rank":5,"code":"DJI"},"geometry":{"type":"Polygon","coordinates":[[[42.422,11.711],[42.449,11.675],[42.439,11.655],[42.411,11.625],[42.4,11.65],[42.384,11.692],[42.422,11.711]]]}},{"type":"Feature","properties":{"name":"Tengiz","feature":"Alkaline Lake","rank":6,"code":"KAZ"},"geometry":{"type":"Polygon","coordinates":[[[69.616,50.63],[69.644,50.631],[69.647,50.625],[69.633,50.615],[69.54,50.578],[69.517,50.575],[69.498,50.579],[69.453,50.592],[69.442,50.593],[69.421,50.578],[69.404,50.575],[69.37,50.583],[69.345,50.583],[69.321,50.577],[69.297,50.575],[69.274,50.583],[69.289,50.592],[69.362,50.61],[69.372,50.614],[69.376,50.62],[69.381,50.624],[69.411,50.624],[69.463,50.645],[69.472,50.652],[69.467,50.662],[69.452,50.668],[69.433,50.671],[69.346,50.672],[69.338,50.669],[69.336,50.661],[69.337,50.652],[69.336,50.644],[69.328,50.632],[69.318,50.62],[69.304,50.613],[69.214,50.592],[69.205,50.579],[69.203,50.563],[69.198,50.548],[69.206,50.542],[69.193,50.526],[69.158,50.507],[69.144,50.494],[69.136,50.466],[69.131,50.459],[69.119,50.456],[69.088,50.456],[69.075,50.453],[69.078,50.439],[69.071,50.428],[69.057,50.42],[69.041,50.419],[69.05,50.445],[69.03,50.444],[69.011,50.423],[69.024,50.387],[69.032,50.38],[69.034,50.376],[69.034,50.367],[69.038,50.363],[69.06,50.365],[69.068,50.364],[69.079,50.356],[69.091,50.342],[69.101,50.326],[69.103,50.309],[69.112,50.318],[69.124,50.331],[69.133,50.347],[69.137,50.36],[69.145,50.368],[69.162,50.368],[69.198,50.364],[69.231,50.365],[69.248,50.362],[69.264,50.353],[69.271,50.339],[69.262,50.32],[69.274,50.315],[69.272,50.301],[69.281,50.287],[69.286,50.272],[69.274,50.254],[69.255,50.247],[69.178,50.247],[69.18,50.25],[69.185,50.261],[69.171,50.267],[69.159,50.265],[69.126,50.27],[69.117,50.267],[69.116,50.256],[69.125,50.245],[69.144,50.226],[69.079,50.202],[69.033,50.196],[68.991,50.182],[68.969,50.179],[68.949,50.181],[68.897,50.199],[68.877,50.202],[68.83,50.201],[68.815,50.206],[68.818,50.21],[68.822,50.22],[68.806,50.222],[68.759,50.22],[68.765,50.229],[68.767,50.233],[68.749,50.246],[68.747,50.25],[68.743,50.262],[68.734,50.265],[68.716,50.261],[68.707,50.255],[68.684,50.246],[68.661,50.241],[68.651,50.25],[68.659,50.259],[68.712,50.281],[68.725,50.299],[68.727,50.313],[68.727,50.327],[68.733,50.343],[68.733,50.352],[68.738,50.385],[68.747,50.418],[68.759,50.446],[68.775,50.473],[68.774,50.484],[68.763,50.497],[68.762,50.508],[68.769,50.524],[68.779,50.539],[68.787,50.548],[68.817,50.565],[68.854,50.574],[68.894,50.577],[68.931,50.575],[69.001,50.558],[69.037,50.556],[69.048,50.575],[69.096,50.562],[69.127,50.562],[69.135,50.56],[69.141,50.555],[69.142,50.55],[69.134,50.548],[69.121,50.538],[69.106,50.515],[69.089,50.474],[69.102,50.476],[69.109,50.483],[69.123,50.501],[69.153,50.523],[69.162,50.531],[69.173,50.554],[69.166,50.58],[69.178,50.597],[69.199,50.611],[69.224,50.621],[69.25,50.628],[69.278,50.63],[69.293,50.638],[69.288,50.657],[69.276,50.68],[69.274,50.699],[69.308,50.716],[69.37,50.718],[69.572,50.693],[69.613,50.675],[69.618,50.664],[69.608,50.66],[69.594,50.662],[69.59,50.665],[69.528,50.607],[69.5,50.603],[69.493,50.597],[69.498,50.59],[69.51,50.59],[69.553,50.601],[69.593,50.623],[69.616,50.63]]]}},{"type":"Feature","properties":{"name":"Kushmurun","feature":"Alkaline Lake","rank":6,"code":"KAZ"},"geometry":{"type":"Polygon","coordinates":[[[64.957,52.94],[64.977,52.934],[64.998,52.915],[64.981,52.886],[64.936,52.837],[64.937,52.826],[64.95,52.775],[64.954,52.767],[64.959,52.76],[64.963,52.753],[64.963,52.741],[64.959,52.732],[64.936,52.707],[64.919,52.684],[64.909,52.675],[64.895,52.666],[64.838,52.648],[64.82,52.639],[64.811,52.629],[64.802,52.614],[64.792,52.602],[64.779,52.598],[64.763,52.606],[64.749,52.621],[64.733,52.631],[64.71,52.625],[64.715,52.617],[64.721,52.611],[64.728,52.607],[64.737,52.604],[64.727,52.602],[64.717,52.598],[64.709,52.592],[64.703,52.584],[64.714,52.581],[64.724,52.578],[64.732,52.572],[64.737,52.563],[64.716,52.561],[64.667,52.57],[64.652,52.567],[64.612,52.528],[64.6,52.522],[64.588,52.525],[64.58,52.531],[64.574,52.539],[64.566,52.542],[64.554,52.544],[64.55,52.541],[64.548,52.535],[64.542,52.526],[64.524,52.516],[64.499,52.513],[64.475,52.516],[64.463,52.529],[64.481,52.534],[64.502,52.553],[64.518,52.557],[64.537,52.559],[64.555,52.565],[64.568,52.577],[64.573,52.594],[64.575,52.607],[64.581,52.624],[64.589,52.64],[64.6,52.652],[64.618,52.66],[64.658,52.666],[64.676,52.673],[64.68,52.677],[64.693,52.697],[64.701,52.703],[64.719,52.712],[64.741,52.727],[64.774,52.741],[64.789,52.752],[64.797,52.765],[64.807,52.797],[64.813,52.809],[64.824,52.823],[64.84,52.833],[64.859,52.838],[64.882,52.837],[64.877,52.847],[64.875,52.851],[64.891,52.863],[64.905,52.869],[64.918,52.877],[64.93,52.893],[64.945,52.929],[64.957,52.94]]]}},{"type":"Feature","properties":{"name":"Khar","feature":"Alkaline Lake","rank":7,"code":"MNG"},"geometry":{"type":"Polygon","coordinates":[[[93.578,47.688],[93.598,47.684],[93.614,47.675],[93.607,47.656],[93.58,47.622],[93.541,47.594],[93.491,47.576],[93.437,47.576],[93.388,47.602],[93.398,47.623],[93.38,47.646],[93.353,47.67],[93.334,47.691],[93.329,47.702],[93.328,47.714],[93.33,47.724],[93.346,47.75],[93.344,47.761],[93.338,47.772],[93.334,47.784],[93.323,47.805],[93.298,47.828],[93.269,47.847],[93.248,47.855],[93.244,47.858],[93.231,47.872],[93.234,47.88],[93.242,47.883],[93.252,47.884],[93.258,47.89],[93.257,47.897],[93.25,47.901],[93.245,47.906],[93.248,47.914],[93.259,47.923],[93.263,47.929],[93.266,47.938],[93.19,47.938],[93.2,47.949],[93.217,47.954],[93.236,47.959],[93.252,47.965],[93.232,47.978],[93.208,47.982],[93.103,47.981],[93.082,47.987],[93.039,48.012],[93.024,48.024],[93.015,48.04],[93.012,48.064],[93.013,48.087],[93.017,48.113],[93.028,48.136],[93.046,48.15],[93.057,48.14],[93.077,48.129],[93.097,48.122],[93.111,48.126],[93.118,48.132],[93.137,48.139],[93.142,48.144],[93.142,48.154],[93.137,48.162],[93.131,48.169],[93.128,48.174],[93.145,48.215],[93.183,48.223],[93.272,48.212],[93.399,48.212],[93.422,48.199],[93.42,48.17],[93.406,48.139],[93.396,48.122],[93.375,48.102],[93.324,48.069],[93.303,48.05],[93.279,48.034],[93.255,48.023],[93.251,48.016],[93.286,48.013],[93.261,47.992],[93.258,47.985],[93.265,47.979],[93.277,47.98],[93.303,47.985],[93.318,47.982],[93.317,47.975],[93.307,47.961],[93.305,47.958],[93.283,47.882],[93.283,47.858],[93.297,47.848],[93.302,47.845],[93.315,47.831],[93.375,47.814],[93.391,47.8],[93.422,47.766],[93.457,47.755],[93.494,47.73],[93.578,47.688]]]}},{"type":"Feature","properties":{"name":"Chew Bahir","feature":"Alkaline Lake","rank":7,"code":"ETH"},"geometry":{"type":"Polygon","coordinates":[[[36.984,4.887],[36.984,4.887],[36.991,4.869],[37.001,4.806],[36.992,4.711],[36.984,4.674],[36.978,4.656],[36.968,4.64],[36.933,4.601],[36.925,4.59],[36.914,4.57],[36.905,4.561],[36.881,4.553],[36.824,4.549],[36.797,4.542],[36.781,4.532],[36.768,4.522],[36.758,4.51],[36.741,4.479],[36.732,4.476],[36.726,4.485],[36.721,4.502],[36.718,4.523],[36.719,4.539],[36.737,4.591],[36.748,4.657],[36.754,4.676],[36.79,4.763],[36.793,4.785],[36.792,4.809],[36.794,4.821],[36.8,4.831],[36.81,4.825],[36.828,4.809],[36.872,4.783],[36.881,4.78],[36.896,4.789],[36.905,4.805],[36.913,4.824],[36.923,4.839],[36.931,4.843],[36.948,4.849],[36.955,4.855],[36.958,4.865],[36.958,4.876],[36.961,4.885],[36.97,4.891],[36.984,4.887]]]}},{"type":"Feature","properties":{"name":"Chamo","feature":"Alkaline Lake","rank":7,"code":"ETH"},"geometry":{"type":"Polygon","coordinates":[[[37.7,5.956],[37.726,5.941],[37.729,5.906],[37.724,5.854],[37.715,5.807],[37.705,5.784],[37.683,5.778],[37.66,5.767],[37.638,5.747],[37.597,5.718],[37.555,5.705],[37.557,5.727],[37.557,5.749],[37.549,5.767],[37.547,5.782],[37.563,5.817],[37.595,5.856],[37.599,5.864],[37.606,5.872],[37.603,5.88],[37.6,5.889],[37.608,5.894],[37.617,5.9],[37.615,5.91],[37.611,5.917],[37.634,5.933],[37.658,5.936],[37.673,5.95],[37.689,5.967],[37.694,5.961],[37.7,5.956]]]}},{"type":"Feature","properties":{"name":"Abbe","feature":"Alkaline Lake","rank":7,"code":"ETH"},"geometry":{"type":"Polygon","coordinates":[[[41.798,11.277],[41.866,11.228],[41.882,11.207],[41.874,11.172],[41.842,11.134],[41.772,11.08],[41.731,11.102],[41.697,11.139],[41.68,11.183],[41.687,11.225],[41.703,11.249],[41.721,11.271],[41.744,11.286],[41.773,11.289],[41.798,11.277]]]}},{"type":"Feature","properties":{"name":"Eyasi","feature":"Alkaline Lake","rank":7,"code":"TZA"},"geometry":{"type":"Polygon","coordinates":[[[34.755,-3.778],[34.769,-3.764],[34.778,-3.747],[34.792,-3.73],[34.805,-3.711],[34.754,-3.723],[34.733,-3.694],[34.747,-3.69],[34.761,-3.689],[34.773,-3.675],[34.783,-3.661],[34.806,-3.646],[34.817,-3.617],[34.917,-3.624],[35.011,-3.585],[35.083,-3.525],[35.155,-3.461],[35.176,-3.448],[35.196,-3.432],[35.205,-3.415],[35.214,-3.397],[35.258,-3.357],[35.303,-3.353],[35.325,-3.399],[35.339,-3.448],[35.314,-3.48],[35.272,-3.494],[35.269,-3.506],[35.261,-3.52],[35.242,-3.527],[35.225,-3.536],[35.224,-3.573],[35.25,-3.583],[35.226,-3.615],[35.195,-3.644],[35.173,-3.651],[35.153,-3.658],[35.138,-3.679],[35.119,-3.694],[35.076,-3.702],[35.033,-3.714],[35.009,-3.717],[34.983,-3.717],[34.958,-3.727],[34.932,-3.739],[34.885,-3.757],[34.839,-3.778],[34.8,-3.793],[34.755,-3.778]]]}},{"type":"Feature","properties":{"name":"Natron","feature":"Alkaline Lake","rank":7,"code":"TZA"},"geometry":{"type":"Polygon","coordinates":[[[36.0,-2.494],[36.015,-2.519],[36.036,-2.495],[36.032,-2.453],[36.0,-2.422],[35.978,-2.353],[35.978,-2.278],[35.965,-2.198],[36.006,-2.136],[36.014,-2.122],[36.022,-2.108],[36.033,-2.115],[36.036,-2.133],[36.07,-2.158],[36.103,-2.186],[36.118,-2.267],[36.098,-2.343],[36.089,-2.362],[36.082,-2.383],[36.083,-2.412],[36.083,-2.439],[36.074,-2.453],[36.062,-2.466],[36.055,-2.482],[36.056,-2.5],[36.038,-2.538],[36.016,-2.572],[35.981,-2.582],[35.945,-2.583],[35.924,-2.557],[35.94,-2.516],[35.961,-2.492],[36.0,-2.494]]]}},{"type":"Feature","properties":{"name":"Aydar","feature":"Alkaline Lake","rank":7,"code":"UZB"},"geometry":{"type":"Polygon","coordinates":[[[68.034,41.043],[68.046,41.05],[68.059,41.055],[68.04,41.016],[68.014,40.934],[67.975,40.861],[67.905,40.815],[67.889,40.813],[67.86,40.819],[67.846,40.819],[67.83,40.813],[67.817,40.792],[67.804,40.783],[67.789,40.784],[67.775,40.79],[67.762,40.8],[67.749,40.806],[67.735,40.81],[67.722,40.811],[67.708,40.81],[67.694,40.806],[67.667,40.793],[67.618,40.758],[67.588,40.749],[67.531,40.752],[67.502,40.748],[67.485,40.729],[67.491,40.72],[67.575,40.651],[67.592,40.632],[67.602,40.61],[67.604,40.596],[67.602,40.566],[67.605,40.551],[67.613,40.538],[67.624,40.525],[67.631,40.513],[67.627,40.501],[67.607,40.497],[67.577,40.506],[67.528,40.532],[67.516,40.54],[67.49,40.566],[67.478,40.573],[67.439,40.586],[67.422,40.596],[67.364,40.645],[67.326,40.669],[67.309,40.689],[67.312,40.706],[67.323,40.725],[67.329,40.747],[67.322,40.766],[67.302,40.771],[67.252,40.769],[67.228,40.776],[67.179,40.798],[67.156,40.801],[67.133,40.793],[67.117,40.783],[67.101,40.775],[67.075,40.776],[67.047,40.786],[66.885,40.883],[66.853,40.893],[66.493,40.943],[66.133,40.993],[66.115,41.004],[66.122,41.016],[66.128,41.018],[66.156,41.016],[66.149,41.016],[66.229,41.014],[66.276,41.027],[66.301,41.023],[66.348,41.009],[66.444,41.003],[66.457,41.005],[66.481,41.016],[66.494,41.019],[66.508,41.019],[66.545,41.006],[66.769,40.994],[66.836,41.002],[66.985,41.002],[67.036,40.993],[67.085,40.977],[67.116,40.953],[67.138,40.953],[67.178,40.961],[67.198,40.961],[67.211,40.959],[67.232,40.95],[67.267,40.947],[67.274,40.941],[67.272,40.917],[67.289,40.891],[67.329,40.88],[67.408,40.874],[67.399,40.86],[67.385,40.85],[67.369,40.841],[67.354,40.831],[67.373,40.82],[67.397,40.818],[67.476,40.824],[67.54,40.821],[67.765,40.882],[67.905,40.952],[67.957,40.991],[67.997,41.041],[68.02,41.061],[68.021,41.059],[68.034,41.043]]]}},{"type":"Feature","properties":{"name":"Great Bitter","feature":"Alkaline Lake","rank":8,"code":"EGY"},"geometry":{"type":"Polygon","coordinates":[[[32.56,30.18],[32.551,30.196],[32.551,30.2],[32.548,30.203],[32.544,30.21],[32.537,30.203],[32.537,30.23],[32.532,30.23],[32.531,30.229],[32.527,30.233],[32.521,30.241],[32.513,30.249],[32.492,30.265],[32.487,30.267],[32.465,30.249],[32.461,30.243],[32.458,30.241],[32.448,30.244],[32.437,30.25],[32.413,30.271],[32.398,30.28],[32.361,30.292],[32.344,30.299],[32.331,30.31],[32.31,30.336],[32.297,30.347],[32.306,30.374],[32.31,30.381],[32.306,30.4],[32.326,30.413],[32.372,30.429],[32.386,30.422],[32.393,30.409],[32.433,30.363],[32.438,30.359],[32.443,30.355],[32.448,30.347],[32.45,30.336],[32.449,30.328],[32.449,30.32],[32.454,30.313],[32.45,30.303],[32.46,30.292],[32.475,30.283],[32.489,30.278],[32.527,30.273],[32.538,30.267],[32.551,30.25],[32.553,30.253],[32.553,30.254],[32.554,30.255],[32.557,30.258],[32.559,30.255],[32.559,30.253],[32.56,30.253],[32.564,30.25],[32.564,30.246],[32.562,30.245],[32.559,30.245],[32.557,30.244],[32.572,30.237],[32.565,30.236],[32.564,30.235],[32.564,30.23],[32.573,30.212],[32.569,30.19],[32.56,30.18]]]}},{"type":"Feature","properties":{"name":"Airag","feature":"Alkaline Lake","rank":9,"code":"MNG"},"geometry":{"type":"Polygon","coordinates":[[[93.536,48.931],[93.539,48.924],[93.541,48.915],[93.537,48.875],[93.531,48.864],[93.52,48.856],[93.505,48.849],[93.465,48.837],[93.431,48.84],[93.402,48.855],[93.372,48.88],[93.358,48.888],[93.346,48.892],[93.341,48.899],[93.351,48.914],[93.363,48.925],[93.375,48.932],[93.39,48.937],[93.407,48.938],[93.426,48.939],[93.442,48.942],[93.47,48.952],[93.48,48.957],[93.499,48.965],[93.518,48.966],[93.526,48.948],[93.536,48.931]]]}},{"type":"Feature","properties":{"name":"Qypshaq Lake","feature":"Alkaline Lake","rank":9,"code":"KAZ"},"geometry":{"type":"Polygon","coordinates":[[[68.442,50.15],[68.451,50.141],[68.453,50.097],[68.451,50.089],[68.435,50.081],[68.417,50.082],[68.402,50.091],[68.397,50.106],[68.387,50.116],[68.321,50.13],[68.331,50.15],[68.334,50.166],[68.34,50.179],[68.362,50.192],[68.381,50.186],[68.419,50.196],[68.431,50.185],[68.418,50.17],[68.427,50.159],[68.442,50.15]]]}},{"type":"Feature","properties":{"name":"Ozero Shalkar","feature":"Alkaline Lake","rank":9,"code":"KAZ"},"geometry":{"type":"Polygon","coordinates":[[[70.006,50.513],[70.016,50.495],[70.025,50.473],[70.021,50.446],[70.004,50.424],[69.98,50.41],[69.954,50.407],[69.932,50.419],[69.921,50.435],[69.891,50.494],[69.872,50.516],[69.852,50.527],[69.806,50.538],[69.78,50.568],[69.777,50.579],[69.795,50.583],[69.816,50.578],[69.836,50.568],[69.853,50.554],[69.867,50.538],[69.882,50.53],[69.904,50.523],[69.923,50.514],[69.932,50.497],[69.938,50.472],[69.952,50.451],[69.971,50.441],[69.993,50.453],[69.981,50.459],[69.977,50.469],[69.976,50.481],[69.973,50.494],[69.963,50.514],[69.956,50.523],[69.946,50.534],[69.961,50.542],[69.978,50.542],[69.993,50.537],[70.007,50.528],[70.006,50.513]]]}},{"type":"Feature","properties":{"name":"South Aral Sea","feature":"Lake","rank":0,"code":"UZB"},"geometry":{"type":"Polygon","coordinates":[[[58.312,45.062],[58.327,45.077],[58.357,45.103],[58.372,45.131],[58.378,45.175],[58.386,45.203],[58.403,45.223],[58.41,45.234],[58.407,45.252],[58.41,45.276],[58.413,45.284],[58.417,45.291],[58.456,45.329],[58.469,45.348],[58.487,45.358],[58.49,45.361],[58.499,45.364],[58.524,45.39],[58.532,45.395],[58.546,45.403],[58.549,45.408],[58.548,45.423],[58.549,45.425],[58.549,45.433],[58.553,45.449],[58.553,45.465],[58.554,45.471],[58.557,45.48],[58.564,45.489],[58.57,45.507],[58.571,45.524],[58.574,45.532],[58.58,45.539],[58.593,45.549],[58.597,45.558],[58.6,45.571],[58.603,45.577],[58.604,45.579],[58.614,45.584],[58.634,45.587],[58.638,45.59],[58.639,45.595],[58.638,45.615],[58.639,45.616],[58.64,45.624],[58.64,45.624],[58.636,45.64],[58.641,45.654],[58.641,45.657],[58.647,45.669],[58.647,45.686],[58.649,45.691],[58.653,45.722],[58.658,45.732],[58.669,45.742],[58.669,45.764],[58.672,45.771],[58.677,45.785],[58.685,45.801],[58.695,45.816],[58.696,45.818],[58.712,45.835],[58.727,45.846],[58.739,45.851],[58.746,45.851],[58.751,45.849],[58.758,45.844],[58.766,45.844],[58.771,45.847],[58.779,45.848],[58.798,45.844],[58.816,45.84],[58.832,45.835],[58.838,45.834],[58.841,45.837],[58.839,45.842],[58.821,45.861],[58.814,45.875],[58.814,45.882],[58.818,45.896],[58.823,45.903],[58.837,45.913],[58.849,45.918],[58.862,45.921],[58.871,45.921],[58.88,45.918],[58.886,45.913],[58.893,45.911],[58.904,45.912],[58.93,45.907],[58.946,45.903],[58.966,45.905],[58.989,45.898],[58.999,45.898],[59.006,45.906],[59.017,45.908],[59.026,45.907],[59.042,45.896],[59.05,45.893],[59.06,45.895],[59.065,45.899],[59.067,45.907],[59.065,45.916],[59.069,45.932],[59.079,45.943],[59.095,45.949],[59.116,45.951],[59.149,45.947],[59.165,45.942],[59.173,45.937],[59.177,45.93],[59.179,45.926],[59.185,45.931],[59.19,45.945],[59.197,45.956],[59.21,45.967],[59.224,45.975],[59.24,45.994],[59.26,46.001],[59.28,46.006],[59.294,46.006],[59.303,46.002],[59.309,45.995],[59.31,45.994],[59.31,45.977],[59.301,45.958],[59.283,45.929],[59.244,45.892],[59.225,45.883],[59.173,45.875],[59.15,45.878],[59.105,45.897],[59.104,45.89],[59.099,45.886],[59.084,45.882],[59.078,45.878],[59.072,45.878],[59.068,45.876],[59.06,45.878],[59.053,45.878],[59.045,45.875],[59.032,45.864],[59.026,45.854],[59.019,45.844],[59.014,45.838],[58.987,45.82],[58.959,45.81],[58.93,45.796],[58.924,45.797],[58.914,45.795],[58.91,45.791],[58.909,45.775],[58.909,45.775],[58.903,45.739],[58.902,45.689],[58.878,45.617],[58.869,45.596],[58.807,45.57],[58.766,45.563],[58.751,45.546],[58.735,45.507],[58.71,45.486],[58.672,45.46],[58.662,45.439],[58.638,45.354],[58.629,45.302],[58.629,45.264],[58.641,45.243],[58.663,45.205],[58.684,45.149],[58.682,45.13],[58.67,45.103],[58.644,45.072],[58.547,45.008],[58.569,45.005],[58.588,44.99],[58.592,44.974],[58.588,44.95],[58.569,44.93],[58.567,44.915],[58.579,44.896],[58.61,44.877],[58.623,44.855],[58.624,44.818],[58.611,44.79],[58.595,44.772],[58.563,44.772],[58.579,44.756],[58.545,44.658],[58.524,44.569],[58.483,44.504],[58.417,44.444],[58.364,44.425],[58.344,44.423],[58.305,44.424],[58.278,44.427],[58.26,44.431],[58.245,44.442],[58.235,44.461],[58.234,44.507],[58.237,44.524],[58.246,44.539],[58.262,44.557],[58.276,44.565],[58.289,44.563],[58.303,44.56],[58.314,44.571],[58.321,44.603],[58.316,44.63],[58.281,44.689],[58.256,44.731],[58.238,44.766],[58.229,44.797],[58.221,44.847],[58.222,44.87],[58.228,44.888],[58.235,44.901],[58.237,44.908],[58.263,44.945],[58.281,44.964],[58.286,44.988],[58.3,45.016],[58.3,45.029],[58.305,45.05],[58.312,45.059],[58.312,45.062]]]}},{"type":"Feature","properties":{"name":"Barsakelmes","feature":"Lake","rank":6,"code":"KAZ"},"geometry":{"type":"Polygon","coordinates":[[[59.729,46.083],[59.592,46.209],[59.531,46.289],[59.504,46.319],[59.517,46.324],[59.547,46.327],[59.57,46.324],[59.584,46.316],[59.589,46.304],[59.614,46.31],[59.66,46.32],[59.695,46.32],[59.731,46.322],[59.76,46.309],[59.785,46.284],[59.801,46.257],[59.805,46.244],[59.802,46.219],[59.802,46.196],[59.807,46.181],[59.815,46.161],[59.818,46.14],[59.813,46.124],[59.798,46.11],[59.729,46.083]]]}},{"type":"Feature","properties":{"name":"North Aral Sea","feature":"Lake","rank":0,"code":"KAZ"},"geometry":{"type":"Polygon","coordinates":[[[60.783,46.086],[60.752,46.118],[60.796,46.148],[60.808,46.159],[60.817,46.171],[60.823,46.185],[60.825,46.199],[60.825,46.201],[60.81,46.234],[60.747,46.318],[60.738,46.34],[60.728,46.35],[60.722,46.364],[60.722,46.374],[60.706,46.375],[60.685,46.34],[60.672,46.336],[60.665,46.327],[60.655,46.324],[60.637,46.329],[60.635,46.318],[60.63,46.32],[60.625,46.326],[60.616,46.328],[60.605,46.321],[60.595,46.304],[60.588,46.296],[60.58,46.293],[60.56,46.295],[60.507,46.317],[60.471,46.331],[60.44,46.353],[60.418,46.368],[60.381,46.389],[60.348,46.403],[60.331,46.405],[60.319,46.397],[60.303,46.389],[60.287,46.382],[60.265,46.379],[60.222,46.379],[60.197,46.375],[60.184,46.368],[60.177,46.359],[60.17,46.355],[60.153,46.354],[60.133,46.357],[60.102,46.369],[60.077,46.382],[60.066,46.392],[60.05,46.404],[60.055,46.408],[60.023,46.418],[60.013,46.424],[60.004,46.425],[59.995,46.428],[59.988,46.438],[59.983,46.455],[59.977,46.481],[59.982,46.508],[59.99,46.551],[60.002,46.572],[60.004,46.573],[60.005,46.576],[60.011,46.584],[60.036,46.601],[60.056,46.607],[60.076,46.611],[60.103,46.614],[60.116,46.619],[60.132,46.634],[60.162,46.65],[60.185,46.662],[60.199,46.666],[60.215,46.678],[60.237,46.696],[60.254,46.7],[60.27,46.703],[60.287,46.7],[60.307,46.688],[60.333,46.669],[60.349,46.649],[60.368,46.617],[60.383,46.579],[60.395,46.544],[60.406,46.498],[60.405,46.489],[60.411,46.483],[60.416,46.5],[60.418,46.503],[60.418,46.504],[60.421,46.519],[60.429,46.527],[60.454,46.574],[60.453,46.603],[60.45,46.612],[60.451,46.618],[60.453,46.622],[60.459,46.628],[60.469,46.624],[60.471,46.622],[60.474,46.622],[60.476,46.619],[60.477,46.618],[60.473,46.61],[60.473,46.606],[60.518,46.586],[60.536,46.576],[60.559,46.566],[60.58,46.563],[60.606,46.566],[60.63,46.574],[60.648,46.581],[60.671,46.589],[60.682,46.599],[60.689,46.603],[60.692,46.606],[60.693,46.609],[60.697,46.613],[60.758,46.634],[60.766,46.643],[60.764,46.647],[60.764,46.647],[60.74,46.657],[60.699,46.677],[60.635,46.715],[60.572,46.736],[60.542,46.743],[60.526,46.751],[60.521,46.76],[60.52,46.77],[60.525,46.777],[60.543,46.777],[60.567,46.78],[60.571,46.783],[60.58,46.784],[60.594,46.782],[60.606,46.776],[60.632,46.776],[60.653,46.769],[60.674,46.762],[60.692,46.761],[60.718,46.755],[60.765,46.755],[60.788,46.755],[60.811,46.747],[60.818,46.739],[60.822,46.727],[60.819,46.712],[60.794,46.664],[60.788,46.62],[60.776,46.593],[60.776,46.591],[60.778,46.588],[60.776,46.581],[60.784,46.567],[60.813,46.548],[60.839,46.509],[60.892,46.473],[60.947,46.46],[61.012,46.461],[61.084,46.46],[61.134,46.45],[61.145,46.453],[61.158,46.455],[61.198,46.468],[61.198,46.468],[61.227,46.468],[61.244,46.476],[61.267,46.5],[61.268,46.514],[61.256,46.528],[61.239,46.535],[61.23,46.548],[61.234,46.557],[61.236,46.57],[61.22,46.567],[61.206,46.57],[61.207,46.58],[61.216,46.588],[61.233,46.581],[61.297,46.611],[61.302,46.633],[61.315,46.648],[61.367,46.649],[61.384,46.664],[61.409,46.673],[61.427,46.658],[61.456,46.673],[61.528,46.677],[61.506,46.639],[61.48,46.627],[61.453,46.602],[61.45,46.584],[61.327,46.499],[61.311,46.475],[61.28,46.48],[61.277,46.429],[61.288,46.418],[61.289,46.417],[61.297,46.409],[61.3,46.385],[61.29,46.386],[61.291,46.382],[61.289,46.373],[61.288,46.372],[61.29,46.364],[61.28,46.33],[61.266,46.307],[61.257,46.306],[61.255,46.3],[61.247,46.29],[61.247,46.29],[61.244,46.274],[61.232,46.251],[61.217,46.237],[61.206,46.235],[61.201,46.231],[61.188,46.226],[61.179,46.224],[61.166,46.216],[61.12,46.217],[61.095,46.192],[61.041,46.18],[61.003,46.18],[60.977,46.17],[60.946,46.14],[60.896,46.118],[60.868,46.112],[60.862,46.09],[60.783,46.086]]]}},{"type":"Feature","properties":{"name":"","feature":"Lake","rank":9,"code":"KAZ"},"geometry":{"type":"Polygon","coordinates":[[[59.809,46.017],[59.841,46.028],[59.866,46.04],[59.937,46.056],[59.978,46.06],[59.982,46.06],[60.006,46.05],[60.014,46.04],[60.023,46.031],[60.026,46.017],[60.023,45.994],[60.011,45.971],[59.999,45.96],[59.982,45.954],[59.97,45.944],[59.96,45.943],[59.955,45.946],[59.953,45.951],[59.956,45.959],[59.962,45.962],[59.959,45.967],[59.952,45.969],[59.946,45.978],[59.943,45.991],[59.943,45.991],[59.943,46.008],[59.938,46.009],[59.935,46.016],[59.928,46.021],[59.922,46.023],[59.893,46.0],[59.867,45.989],[59.861,45.987],[59.855,45.988],[59.809,46.012],[59.809,46.014],[59.809,46.017]]]}}]}